,compound,preverb,simplex
0,ἀμφιπεριφθινύθω,ἀμφί-περί,φθινύθω
1,ἀμφιπεριστέφομαι,ἀμφί-περί,στέφω
2,ἀμφιπεριστρωφάω,ἀμφί-περί,στρωφάω
3,ἀμφιπεριτρύζω,ἀμφί-περί,τρύζω
4,ἀμφαφάω,ἀμφί,ἁφάω
5,ἀμφαγαπάζω,ἀμφί,ἀγαπάζω
6,ἀμφαγείρομαι,ἀμφί,ἀγείρω
7,ἀμφαίσσομαι,ἀμφί,ἀίσσω
8,ἀμφαραβέω,ἀμφί,ἀραβέω
9,ἀμφαυτέω,ἀμφί,ἀυτέω
10,ἀμφιβάλλω,ἀμφί,βάλλω
11,ἀμφιβαίνω,ἀμφί,βαίνω
12,ἀμφιβόσκομαι,ἀμφί,βόσκω
13,ἀμφιδάκνω,ἀμφί,δάκνω
14,ἀμφιδαίω,ἀμφί,δάω
15,ἀμφιδέρκομαι,ἀμφί,δέρκομαι
16,ἀμφιδιαίνω,ἀμφί,διαίνω
17,ἀμφιδινέομαι,ἀμφί,δινεύω
18,ἀμφιδοξέω,ἀμφί,δοκέω
19,ἀμφιδοκεύω,ἀμφί,δοκεύω
20,ἀμφιδονέω,ἀμφί,δονέω
21,ἀμφιδύω,ἀμφί,δύω2
22,ἀμφιέννυμι,ἀμφί,ἕννυμι
23,ἀμφιέπω,ἀμφί,ἕπομαι
24,ἀμφελίσσω,ἀμφί,ἑλίσσω
25,ἀμφέρχομαι,ἀμφί,ἔρχομαι
26,ἀμπέχω,ἀμφί,ἔχω
27,ἀμφερέφω,ἀμφί,ἐρέφω
28,ἀμφιφαείνω,ἀμφί,φαίνω
29,ἀμφιφοβέομαι,ἀμφί,φοβέω
30,ἀμφιφράζομαι,ἀμφί,φράζω
31,ἀμφιγηθέω,ἀμφί,γηθέω
32,ἀμφιγνοέω,ἀμφί,γνοέω
33,ἀμφιξέω,ἀμφί,ἵκω
34,ἀμφίστημι,ἀμφί,ἵστημι
35,ἀμφιζάνω,ἀμφί,ἱζάνω
36,ἀμφιάχω,ἀμφί,ἰάχω
37,ἀμφικαλύπτω,ἀμφί,καλύπτω
38,ἀμφικεάζω,ἀμφί,κεάζω
39,ἀμφικείρω,ἀμφί,κείρω
40,ἀμφικομέω,ἀμφί,κομάω
41,ἀμφικρέμαμαι,ἀμφί,κρεμάννυμι
42,ἀμφικρύπτω,ἀμφί,κρύπτω
43,ἀμφικυκλόομαι,ἀμφί,κυκλόω
44,ἀμφικυλίνδω,ἀμφί,κυλίνδω
45,ἀμφιλαχαίνω,ἀμφί,λαχαίνω
46,ἀμφιλέγω,ἀμφί,λέγω3
47,ἀμφιλογέομαι,ἀμφί,λογέω
48,ἀμφιμάομαι,ἀμφί,μάομαι
49,ἀμφιμάχομαι,ἀμφί,μάχομαι
50,ἀμφιμερίζομαι,ἀμφί,μερίζω
51,ἀμφιμυκάομαι,ἀμφί,μυκάομαι
52,ἀμφινέμομαι,ἀμφί,νέμω
53,ἀμφινεύω,ἀμφί,νεύω
54,ἀμφινοέω,ἀμφί,νοέω
55,ἀμφιπατάσσω,ἀμφί,πατάσσω
56,ἀμφιπέλομαι,ἀμφί,πέλω
57,ἀμφιπένομαι,ἀμφί,πένομαι
58,ἀμφιπίπτω,ἀμφί,πίπτω
59,ἀμφιπιέζω,ἀμφί,πιέζω
60,ἀμφιπολέω,ἀμφί,πολέω
61,ἀμφιπολεύω,ἀμφί,πολεύω
62,ἀμφιπονέομαι,ἀμφί,πονέω
63,ἀμφιποτάομαι,ἀμφί,ποτάομαι
64,ἀμφιθάλλω,ἀμφί,θάλλω
65,ἀμφιθάλπω,ἀμφί,θάλπω
66,ἀμφιθέω,ἀμφί,θέω
67,ἀμφισαλεύομαι,ἀμφί,σαλεύω
68,ἀμφιστέλλομαι,ἀμφί,στέλλω
69,ἀμφιστεφανόομαι,ἀμφί,στεφανόω
70,ἀμφιστρατάομαι,ἀμφί,στρατάω%2
71,ἀμφιτανύω,ἀμφί,τανύω
72,ἀμφιτέμνω,ἀμφί,τέμνω
73,ἀμφιτίθημι,ἀμφί,τίθημι
74,ἀμφιτινάσσω,ἀμφί,τινάσσω
75,ἀμφιτιττυβίζω,ἀμφί,τιττυβίζω
76,ἀμφιτρέμω,ἀμφί,τρέμω
77,ἀμφιτρέχω,ἀμφί,τρέχω
78,ἀμφιτρομέω,ἀμφί,τρομέω
79,ἀμφιχάσκω,ἀμφί,χάσκω
80,ἀμφιχέω,ἀμφί,χέω
81,ἀμφιχορεύω,ἀμφί,χορεύω
82,ἀμφιχρίομαι,ἀμφί,χρίω
83,ἀνεκπίμπλημι,ἀνά-ἐκ,πίμπλημι
84,ἀνάλλομαι,ἀνά,ἅλλομαι
85,ἀνάπτω,ἀνά,ἅπτω
86,ἀναπλόω,ἀνά,ἁπλόω
87,ἀναρπάζω,ἀνά,ἁρπάζω
88,ἀνάγω,ἀνά,ἄγω
89,ἀναείρω,ἀνά,ἀείρω
90,ἀναγγέλλω,ἀνά,ἀγγέλλω
91,ἀναγορεύω,ἀνά,ἀγορεύω
92,ἀναίσσω,ἀνά,ἀίσσω
93,ἀνακοντίζω,ἀνά,ἀκοντίζω
94,ἀναλαλάζω,ἀνά,ἀλαλάζω
95,ἀναλίσκω,ἀνά,ἀναλίσκω
96,ἀνομαλόω,ἀνά,ἀνομαλόω
97,ἀνορταλίζω,ἀνά,ἀνορταλίζω
98,ἀναθρέω,ἀνά,ἀθρέω
99,ἀναριθμέομαι,ἀνά,ἀριθμέω
100,ἀναρτάω,ἀνά,ἀρτάω
101,ἀναρτέομαι,ἀνά,ἀρτέομαι
102,ἀναρχαίζω,ἀνά,ἀρχαίζω
103,ἀναιρέω,ἀνά,αἱρέω
104,ἀναίθω,ἀνά,αἴθω
105,ἀναίρω,ἀνά,αἴρω
106,ἀναιθύσσω,ἀνά,αἰθύσσω
107,ἀναύω,ἀνά,αὔω2
108,ἀναβάλλω,ἀνά,βάλλω
109,ἀναβαίνω,ἀνά,βαίνω
110,ἀναβακχεύω,ἀνά,βακχεύω
111,ἀναβαπτίζω,ἀνά,βαπτίζω
112,ἀναβαστάζω,ἀνά,βαστάζω
113,ἀναβέβρυχα,ἀνά,βέβρυχα
114,ἀναβιβάζω,ἀνά,βιβάζω
115,ἀναβιόω,ἀνά,βιόω
116,ἀναβιώσκομαι,ἀνά,βιώσκομαι
117,ἀναβλαστάνω,ἀνά,βλαστάνω
118,ἀναβλέπω,ἀνά,βλέπω
119,ἀναβλύζω,ἀνά,βλύζω
120,ἀναβλώσκω,ἀνά,βλώσκω
121,ἀναβοάω,ἀνά,βοάω
122,ἀναβράσσω,ἀνά,βράσσω
123,ἀνέβραχε,ἀνά,βραχεῖν
124,ἀναβρυάζω,ἀνά,βρυάζω
125,ἀναβρυχάομαι,ἀνά,βρυχάομαι
126,ἀναξαίνω,ἀνά,ξαίνω
127,ἀναξηραίνω,ἀνά,ξηραίνω
128,ἀναξύω,ἀνά,ξύω
129,ἀναδαίω,ἀνά,δαίω1
130,ἀναδατέομαι,ἀνά,δατέομαι
131,ἀναδέρκομαι,ἀνά,δέρκομαι
132,ἀναδέρω,ἀνά,δέρω
133,ἀναδέω,ἀνά,δέω1
134,ἀναδέχομαι,ἀνά,δέχομαι
135,ἀναδείκνυμι,ἀνά,δείκνυμι
136,ἀναδεύω,ἀνά,δεύω1
137,ἀναδίδωμι,ἀνά,δίδωμι
138,ἀναδιδάσκω,ἀνά,διδάσκω
139,ἀναδιπλόομαι,ἀνά,διπλόω
140,ἀναδύνω,ἀνά,δύω2
141,ἀναδύομαι,ἀνά,δύω2
142,ἀνέλκω,ἀνά,ἕλκω
143,ἀνέρπω,ἀνά,ἕρπω
144,ἀνελίσσω,ἀνά,ἑλίσσω
145,ἀνέραμαι,ἀνά,ἔραμαι
146,ἀνείργω,ἀνά,ἔργω1
147,ἀνέρομαι,ἀνά,ἔρομαι
148,ἀνέρρω,ἀνά,ἔρρω
149,ἀνέρχομαι,ἀνά,ἔρχομαι
150,ἀνέχω,ἀνά,ἔχω
151,ἀνεγείρω,ἀνά,ἐγείρω
152,ἀνελέγχω,ἀνά,ἐλέγχω
153,ἀνερείπομαι,ἀνά,ἐρείπω
154,ἀνερεθίζω,ἀνά,ἐρεθίζω
155,ἀνερευνάω,ἀνά,ἐρευνάω
156,ἀνερύω,ἀνά,ἐρύω
157,ἀνερυθριάω,ἀνά,ἐρυθριάω
158,ἀνερωτάω,ἀνά,ἐρωτάω
159,ἀνετάζω,ἀνά,ἐτάζω
160,ἀνειλέω,ἀνά,εἴλω
161,ἀνείρω,ἀνά,εἴρω
162,ἄνειμι,ἀνά,εἶμι
163,ἀνειπεῖν,ἀνά,εἶπον
164,ἀνευρίσκω,ἀνά,εὑρίσκω
165,ἀνευφημέω,ἀνά,εὐφημέω
166,ἀναφαίνω,ἀνά,φαίνω
167,ἀναφέρω,ἀνά,φέρω
168,ἀναφεύγω,ἀνά,φεύγω
169,ἀναφλέγω,ἀνά,φλέγω
170,ἀναφλεγμαίνω,ἀνά,φλεγμαίνω
171,ἀναφλογίζω,ἀνά,φλογίζω
172,ἀναφλύω,ἀνά,φλύω
173,ἀναφοβέω,ἀνά,φοβέω
174,ἀναφθέγγομαι,ἀνά,φθέγγομαι
175,ἀναφθείρομαι,ἀνά,φθείρω
176,ἀναγελάω,ἀνά,γελάω
177,ἀναγεννάω,ἀνά,γεννάω
178,ἀναγεύω,ἀνά,γεύω
179,ἀναγιγνώσκω,ἀνά,γιγνώσκω
180,ἀναγνάμπτω,ἀνά,γνάμπτω
181,ἀναγράφω,ἀνά,γράφω
182,ἀναγρύζω,ἀνά,γρύζω
183,ἀναγυμνόω,ἀνά,γυμνόω
184,ἀνήκω,ἀνά,ἥκω
185,ἀνηβάω,ἀνά,ἡβάω
186,ἀνηγέομαι,ἀνά,ἡγέομαι
187,ἀνηπύω,ἀνά,ἠπύω
188,ἀνίημι,ἀνά,ἵημι
189,ἀνίστημι,ἀνά,ἵστημι
190,ἀνιερόω,ἀνά,ἱερόω
191,ἀνιμάω,ἀνά,ἱμάω
192,ἀνιστορέω,ἀνά,ἱστορέω
193,ἀνιάομαι,ἀνά,ἰάομαι
194,ἀνιάχω,ἀνά,ἰάχω
195,ἀνισόω,ἀνά,ἰσόω
196,ἀνιχνεύω,ἀνά,ἰχνεύω
197,ἀνακάμπτω,ἀνά,κάμπτω
198,ἀνακάπτω,ἀνά,κάπτω
199,ἀνακαγχάζω,ἀνά,καγχάζω
200,ἀνακαίω,ἀνά,καίω
201,ἀνακαινίζω,ἀνά,καινίζω
202,ἀνακαινόω,ἀνά,καινόω
203,ἀνακαινουργέω,ἀνά,καινουργέω
204,ἀνακαλέω,ἀνά,καλέω
205,ἀνακαλύπτω,ἀνά,καλύπτω
206,ἀνακαθαίρω,ἀνά,καθαίρω
207,ἀνακαθίζω,ἀνά,καθίζω
208,ἀνακεφαλαιόω,ἀνά,κεφαλαιόω
209,ἀνάκειμαι,ἀνά,κεῖμαι
210,ἀνακεράννυμι,ἀνά,κεράννυμι
211,ἀνακηκίω,ἀνά,κηκίω
212,ἀνακηρύσσω,ἀνά,κηρύσσω
213,ἀνακινδυνεύω,ἀνά,κινδυνεύω
214,ἀνακινέω,ἀνά,κινέω
215,ἀνακίρναμαι,ἀνά,κιρνάω
216,ἀνακλαίω,ἀνά,κλάω
217,ἀνακλάζω,ἀνά,κλάζω
218,ἀνακλαίω,ἀνά,κλαίω
219,ἀνακλίνω,ἀνά,κλίνω
220,ἀνακλώθω,ἀνά,κλώθω
221,ἀνακόπτω,ἀνά,κόπτω
222,ἀνακογχυλιάζω,ἀνά,κογχυλιάζω
223,ἀνακοινόω,ἀνά,κοινόω
224,ἀνακοιρανέω,ἀνά,κοιρανέω
225,ἀνακομίζω,ἀνά,κομίζω
226,ἀνακουφίζω,ἀνά,κουφίζω
227,ἀνακράζω,ἀνά,κράζω
228,ἀνακρέκομαι,ἀνά,κρέκω
229,ἀνακρεμάννυμι,ἀνά,κρεμάννυμι
230,ἀνακρίνω,ἀνά,κρίνω
231,ἀνακροτέω,ἀνά,κροτέω
232,ἀνακρούω,ἀνά,κρούω
233,ἀνακτάομαι,ἀνά,κτάομαι
234,ἀνακύπτω,ἀνά,κύπτω
235,ἀνακυκάω,ἀνά,κυκάω
236,ἀνακυκλέω,ἀνά,κυκλέω
237,ἀνακυκλόομαι,ἀνά,κυκλόω
238,ἀνακυμβαλιάζω,ἀνά,κυμβαλιάζω
239,ἀνακωκύω,ἀνά,κωκύω
240,ἀναλάμπω,ἀνά,λάμπω
241,ἀναλάζομαι,ἀνά,λάζομαι
242,ἀναλαμβάνω,ἀνά,λαμβάνω
243,ἀναλέγω,ἀνά,λέγω2
244,ἀναλείχω,ἀνά,λείχω
245,ἀναλογίζομαι,ἀνά,λογίζομαι
246,ἀναλύω,ἀνά,λύω
247,ἀναμάσσω,ἀνά,μάσσω
248,ἀναμάχομαι,ἀνά,μάχομαι
249,ἀναμαιμάω,ἀνά,μαιμάω
250,ἀναμανθάνω,ἀνά,μανθάνω
251,ἀναμασάομαι,ἀνά,μασάομαι
252,ἀναμέλπω,ἀνά,μέλπω
253,ἀναμένω,ἀνά,μένω
254,ἀναμεστόω,ἀνά,μεστόω
255,ἀναμετρέω,ἀνά,μετρέω
256,ἀναμηρυκάομαι,ἀνά,μηρυκάομαι
257,ἀναμίγνυμι,ἀνά,μίγνυμι
258,ἀναμίσγω,ἀνά,μίγνυμι
259,ἀναμίμνω,ἀνά,μίμνω
260,ἀναμιμνήσκω,ἀνά,μιμνήσκω
261,ἀναμισθαρνέω,ἀνά,μισθαρνέω
262,ἀναμορμύρω,ἀνά,μορμύρω
263,ἀναμοχλεύω,ἀνά,μοχλεύω
264,ἀναμυχθίζομαι,ἀνά,μυχθίζω
265,ἀνανέμω,ἀνά,νέμω
266,ἀνανέομαι,ἀνά,νέομαι
267,ἀνανεάζω,ἀνά,νεάζω
268,ἀνανεόομαι,ἀνά,νεόω
269,ἀνανεύω,ἀνά,νεύω
270,ἀνανήφω,ἀνά,νήφω
271,ἀνοδηγέω,ἀνά,ὁδηγέω
272,ἀνομαλίζω,ἀνά,ὁμαλίζω
273,ἀνομολογέομαι,ἀνά,ὁμολογέω
274,ἀνόρνυμι,ἀνά,ὄρνυμι
275,ἀνοδύρομαι,ἀνά,ὀδύρομαι
276,ἀνολοφύρομαι,ἀνά,ὀλοφύρομαι
277,ἀνολολύζω,ἀνά,ὀλολύζω
278,ἀνορούω,ἀνά,ὀρούω
279,ἀνορθόω,ἀνά,ὀρθόω
280,ἀνορύσσω,ἀνά,ὀρύσσω
281,ἀνορχέομαι,ἀνά,ὀρχέομαι
282,ἀνοτοτύζω,ἀνά,ὀτοτύζω
283,ἀνοχμάζω,ἀνά,ὀχμάζω
284,ἀνοίγνυμι,ἀνά,οἴγω
285,ἀνοιδέω,ἀνά,οἰδέω
286,ἀνοικίζω,ἀνά,οἰκίζω
287,ἀνοικοδομέω,ἀνά,οἰκοδομέω
288,ἀνοιμώζω,ἀνά,οἰμώζω
289,ἀνοιστρέω,ἀνά,οἰστράω
290,ἀναπάλλω,ἀνά,πάλλω
291,ἀναπάσσω,ἀνά,πάσσω
292,ἀναπαίω,ἀνά,παίω1
293,ἀναπαιδεύω,ἀνά,παιδεύω
294,ἀναπαύω,ἀνά,παύω
295,ἀναπέμπω,ἀνά,πέμπω
296,ἀναπέτομαι,ἀνά,πέτομαι
297,ἀναπείθω,ἀνά,πείθω
298,ἀναπείρω,ἀνά,πείρω
299,ἀναπειράομαι,ἀνά,πειράω
300,ἀναπεμπάζομαι,ἀνά,πεμπάζω
301,ἀναπετάννυμι,ἀνά,πετάννυμι
302,ἀναπήγνυμι,ἀνά,πήγνυμι
303,ἀναπηδάω,ἀνά,πηδάω
304,ἀναπίμπλημι,ἀνά,πίμπλημι
305,ἀναπίπτω,ἀνά,πίπτω
306,ἀναπιδύω,ἀνά,πιδύω
307,ἀναπλάσσω,ἀνά,πλάσσω
308,ἀναπλέκω,ἀνά,πλέκω
309,ἀναπλέω,ἀνά,πλέω
310,ἀναπληρόω,ἀνά,πληρόω
311,ἀναπνέω,ἀνά,πνέω
312,ἀναποδίζω,ἀνά,ποδίζω
313,ἀναπολέω,ἀνά,πολέω
314,ἀναπολίζω,ἀνά,πολίζω
315,ἀναπράσσω,ἀνά,πράσσω
316,ἀναπρήθω,ἀνά,πρήθω
317,ἀναπτερόω,ἀνά,πτερόω
318,ἀναπτοέω,ἀνά,πτοέω
319,ἀναπτύσσω,ἀνά,πτύσσω
320,ἀναπτύω,ἀνά,πτύω
321,ἀναπυνθάνομαι,ἀνά,πυνθάνομαι
322,ἀναθάλλω,ἀνά,θάλλω
323,ἀναθαρσέω,ἀνά,θαρσέω
324,ἀναθαρσύνω,ἀνά,θαρσύνω
325,ἀναθερμαίνω,ἀνά,θερμαίνω
326,ἀναθηλέω,ἀνά,θηλέω
327,ἀναθλίβω,ἀνά,θλίβω
328,ἀναθορυβέω,ἀνά,θορυβέω
329,ἀναθρώσκω,ἀνά,θρώσκω
330,ἀναθύω2,ἀνά,θύω1
331,ἀναθύω1,ἀνά,θύω2
332,ἀναθυμιάω,ἀνά,θυμιάω
333,ἀναρρήγνυμι,ἀνά,ῥήγνυμι
334,ἀναρρίπτω,ἀνά,ῥίπτω
335,ἀναρριχάομαι,ἀνά,ῥιχάομαι
336,ἀναρροιβδέω,ἀνά,ῥοιβδέω
337,ἀναρρώννυμι,ἀνά,ῥώννυμι
338,ἀνασαλεύω,ἀνά,σαλεύω
339,ἀνασείω,ἀνά,σείω
340,ἀνασειράζω,ἀνά,σειράζω
341,ἀνασεύομαι,ἀνά,σεύω
342,ἀνασφάλλω,ἀνά,σφάλλω
343,ἀνασκάπτω,ἀνά,σκάπτω
344,ἀνασκεδάννυμι,ἀνά,σκεδάννυμι
345,ἀνασκευάζω,ἀνά,σκευάζω
346,ἀνασκολοπίζω,ἀνά,σκολοπίζω
347,ἀνασκοπέω,ἀνά,σκοπέω
348,ἀνασοβέω,ἀνά,σοβέω
349,ἀνασπάω,ἀνά,σπάω
350,ἀνασπαράσσω,ἀνά,σπαράσσω
351,ἀνασταυρόω,ἀνά,σταυρόω
352,ἀναστέφω,ἀνά,στέφω
353,ἀναστέλλω,ἀνά,στέλλω
354,ἀναστένω,ἀνά,στένω
355,ἀναστείβω,ἀνά,στείβω
356,ἀναστενάχω,ἀνά,στενάχω
357,ἀναστενάζω,ἀνά,στενάζω
358,ἀναστεναχίζω,ἀνά,στεναχίζω
359,ἀναστηρίζω,ἀνά,στηρίζω
360,ἀναστομόω,ἀνά,στομόω
361,ἀναστρέφω,ἀνά,στρέφω
362,ἀναστρωφάω,ἀνά,στρωφάω
363,ἀνασύρομαι,ἀνά,σύρω
364,ἀνασῴζω,ἀνά,σώζω
365,ἀνασχίζω,ἀνά,σχίζω
366,ἀναταράσσω,ἀνά,ταράσσω
367,ἀνατέλλω,ἀνά,τέλλω
368,ἀνατέμνω,ἀνά,τέμνω
369,ἀνατείνω,ἀνά,τείνω
370,ἀνατειχίζω,ἀνά,τειχίζω
371,ἀνατίθημι,ἀνά,τίθημι
372,ἀνατιμάω,ἀνά,τιμάω
373,ἀνατινάσσω,ἀνά,τινάσσω
374,ἀνατλῆναι,ἀνά,τλάω
375,ἀνατολμάω,ἀνά,τολμάω
376,ἀνατρέφω,ἀνά,τρέφω
377,ἀνατρέπω,ἀνά,τρέπω
378,ἀνατρέχω,ἀνά,τρέχω
379,ἀνατρίβω,ἀνά,τρίβω
380,ἀνατυλίσσω,ἀνά,τυλίσσω
381,ἀνατυπόω,ἀνά,τυπόω
382,ἀνατυρβάζω,ἀνά,τυρβάζω
383,ἀνυφαίνω,ἀνά,ὑφαίνω
384,ἀνυμνέω,ἀνά,ὑμνέω
385,ἀνυψόω,ἀνά,ὑψόω
386,ἀνωθέω,ἀνά,ὠθέω
387,ἀνωρύομαι,ἀνά,ὠρύομαι
388,ἀναχάσκω,ἀνά,χάσκω
389,ἀναχάζω,ἀνά,χάζω
390,ἀναχαιτίζω,ἀνά,χαιτίζω
391,ἀναχέω,ἀνά,χέω
392,ἀναχνοαίνομαι,ἀνά,χνοαίνομαι
393,ἀναχώννυμι,ἀνά,χόω
394,ἀναχορεύω,ἀνά,χορεύω
395,ἀναχωνεύω,ἀνά,χωνεύω
396,ἀναχωρέω,ἀνά,χωρέω
397,ἀναχωρίζω,ἀνά,χωρίζω
398,ἀναψάω,ἀνά,ψάω
399,ἀναψηφίζω,ἀνά,ψηφίζω
400,ἀναψύχω,ἀνά,ψύχω
401,ἀναζάω,ἀνά,ζάω
402,ἀναζέω,ἀνά,ζέω
403,ἀναζεύγνυμι,ἀνά,ζεύγνυμι
404,ἀναζητέω,ἀνά,ζητέω
405,ἀναζώννυμι,ἀνά,ζώννυμι
406,ἀναζωγρέω,ἀνά,ζωγρέω
407,ἀναζωπυρέω,ἀνά,ζωπυρέω
408,ἀντανάγω,ἀντί-ἀνά,ἄγω
409,ἀνταναλίσκω,ἀντί-ἀνά,ἀναλίσκω
410,ἀνταναιρέω,ἀντί-ἀνά,αἱρέω
411,ἀνταναβιβάζω,ἀντί-ἀνά,βιβάζω
412,ἀντάνειμι,ἀντί-ἀνά,εἶμι
413,ἀντανίστημι,ἀντί-ἀνά,ἵστημι
414,ἀνταναμένω,ἀντί-ἀνά,μένω
415,ἀνταναπίμπλημι,ἀντί-ἀνά,πίμπλημι
416,ἀνταναπλέκω,ἀντί-ἀνά,πλέκω
417,ἀνταναπληρόω,ἀντί-ἀνά,πληρόω
418,ἀνταπαμείβομαι,ἀντί-ἀπό,ἀμείβω
419,ἀνταπαιτέω,ἀντί-ἀπό,αἰτέω
420,ἀνταποδείκνυμι,ἀντί-ἀπό,δείκνυμι
421,ἀνταποδίδωμι,ἀντί-ἀπό,δίδωμι
422,ἀνταπερύκω,ἀντί-ἀπό,ἐρύκω
423,ἀνταποφαίνω,ἀντί-ἀπό,φαίνω
424,ἀνταποκρίνομαι,ἀντί-ἀπό,κρίνω
425,ἀνταποκτείνω,ἀντί-ἀπό,κτείνω
426,ἀνταπολαμβάνω,ἀντί-ἀπό,λαμβάνω
427,ἀνταπόλλυμι,ἀντί-ἀπό,ὄλλυμι
428,ἀνταποτίω,ἀντί-ἀπό,τίω
429,ἀντιδιέξειμι,ἀντί-διά-ἐκ,εἶμι
430,ἀντιδιαβάλλω,ἀντί-διά,βάλλω
431,ἀντιδιαβαίνω,ἀντί-διά,βαίνω
432,ἀντιδιαπλέκω,ἀντί-διά,πλέκω
433,ἀντιδιατίθεμαι,ἀντί-διά,τίθημι
434,ἀντεξάγω,ἀντί-ἐκ,ἄγω
435,ἀντεξαιτέω,ἀντί-ἐκ,αἰτέω
436,ἀντεξέρχομαι,ἀντί-ἐκ,ἔρχομαι
437,ἀντεξελαύνω,ἀντί-ἐκ,ἐλαύνω
438,ἀντεξετάζω,ἀντί-ἐκ,ἐτάζω
439,ἀντεξιππεύω,ἀντί-ἐκ,ἱππεύω
440,ἀντεκκλέπτω,ἀντί-ἐκ,κλέπτω
441,ἀντεκκόπτω,ἀντί-ἐκ,κόπτω
442,ἀντεκπέμπω,ἀντί-ἐκ,πέμπω
443,ἀντεκπλέω,ἀντί-ἐκ,πλέω
444,ἀντεκτείνω,ἀντί-ἐκ,τείνω
445,ἀντεκτίθημι,ἀντί-ἐκ,τίθημι
446,ἀντεκτρέχω,ἀντί-ἐκ,τρέχω
447,ἀντεμβάλλω,ἀντί-ἐν,βάλλω
448,ἀντεμβιβάζω,ἀντί-ἐν,βιβάζω
449,ἀντενδίδωμι,ἀντί-ἐν,δίδωμι
450,ἀντεγγράφω,ἀντί-ἐν,γράφω
451,ἀντεγκαλέω,ἀντί-ἐν,καλέω
452,ἀντεμπήγνυμαι,ἀντί-ἐν,πήγνυμι
453,ἀντεμπίμπλημι,ἀντί-ἐν,πίμπλημι
454,ἀντεμπίμπρημι,ἀντί-ἐν,πίμπρημι
455,ἀντεπανάγομαι,ἀντί-ἐπί-ἀνά,ἄγω
456,ἀντεπαφίημι,ἀντί-ἐπί-ἀπό,ἵημι
457,ἀντεπεξάγω,ἀντί-ἐπί-ἐκ,ἄγω
458,ἀντεπεξέρχομαι,ἀντί-ἐπί-ἐκ,ἔρχομαι
459,ἀντεπεξελαύνω,ἀντί-ἐπί-ἐκ,ἐλαύνω
460,ἀντεπέξειμι,ἀντί-ἐπί-ἐκ,εἶμι
461,ἀντεπάγω,ἀντί-ἐπί,ἄγω
462,ἀντεπαινέω,ἀντί-ἐπί,αἰνέω
463,ἀντεπιβουλεύω,ἀντί-ἐπί,βουλεύω
464,ἀντεπιδείκνυμι,ἀντί-ἐπί,δείκνυμι
465,ἀντεπικουρέω,ἀντί-ἐπί,ἐπικουρέω
466,ἀντεπιμελέομαι,ἀντί-ἐπί,ἐπιμελέομαι
467,ἀντέπειμι,ἀντί-ἐπί,εἶμι
468,ἀντεπιγράφω,ἀντί-ἐπί,γράφω
469,ἀντεπηχέω,ἀντί-ἐπί,ἠχέω
470,ἀντεπιθυμέω,ἀντί-ἐπί,θυμέω
471,ἀντεπιστέλλω,ἀντί-ἐπί,στέλλω
472,ἀντεπιστρατεύω,ἀντί-ἐπί,στρατεύω
473,ἀντεπιτάσσω,ἀντί-ἐπί,τάσσω
474,ἀντεπιτειχίζομαι,ἀντί-ἐπί,τειχίζω
475,ἀντεπιτίθημι,ἀντί-ἐπί,τίθημι
476,ἀντεπιχειρέω,ἀντί-ἐπί,χειρέω
477,ἀντεισάγω,ἀντί-εἰς,ἄγω
478,ἀντικαταλλάσσομαι,ἀντί-κατά,ἀλλάσσω
479,ἀντικατηγορέω,ἀντί-κατά,ἠγορέω
480,ἀντικαθίστημι,ἀντί-κατά,ἵστημι
481,ἀντικάθημαι,ἀντί-κατά,κάθημαι
482,ἀντικαταλείπω,ἀντί-κατά,λείπω
483,ἀντικαταθνήσκω,ἀντί-κατά,θνήσκω
484,ἀντικατατείνω,ἀντί-κατά,τείνω
485,ἀντιμεθέλκω,ἀντί-μετά,ἕλκω
486,ἀντιμέτειμι,ἀντί-μετά,εἶμι
487,ἀντιμεθίστημι,ἀντί-μετά,ἵστημι
488,ἀντιπαρεξάγω,ἀντί-παρά-ἐκ,ἄγω
489,ἀντιπαράγω,ἀντί-παρά,ἄγω
490,ἀντιπαραγγέλλω,ἀντί-παρά,ἀγγέλλω
491,ἀντιπαραβάλλω,ἀντί-παρά,βάλλω
492,ἀντιπαρέρχομαι,ἀντί-παρά,ἔρχομαι
493,ἀντιπαρέχω,ἀντί-παρά,ἔχω
494,ἀντιπάρειμι,ἀντί-παρά,εἶμι
495,ἀντιπαρακαλέω,ἀντί-παρά,καλέω
496,ἀντιπαρακελεύομαι,ἀντί-παρά,κελεύω
497,ἀντιπαραλυπέω,ἀντί-παρά,λυπέω
498,ἀντιπαραπλέω,ἀντί-παρά,πλέω
499,ἀντιπαραθέω,ἀντί-παρά,θέω
500,ἀντιπαρασκευάζομαι,ἀντί-παρά,σκευάζω
501,ἀντιπαρατάσσομαι,ἀντί-παρά,τάσσω
502,ἀντιπαρατείνω,ἀντί-παρά,τείνω
503,ἀντιπαρατίθημι,ἀντί-παρά,τίθημι
504,ἀντιπεριλαμβάνω,ἀντί-περί,λαμβάνω
505,ἀντιπεριπλέω,ἀντί-περί,πλέω
506,ἀντιπεριχωρέω,ἀντί-περί,χωρέω
507,ἀντιπρόειμι,ἀντί-πρό,εἶμι
508,ἀντιπροκαλέομαι,ἀντί-πρό,καλέω
509,ἀντιπροτείνω,ἀντί-πρό,τείνω
510,ἀντιπροσαγορεύω,ἀντί-πρός,ἀγορεύω
511,ἀντιπρόσειμι,ἀντί-πρός,εἶμι
512,ἀντιπροσεῖπον,ἀντί-πρός,εἶπον
513,ἀντιπροσφέρω,ἀντί-πρός,φέρω
514,ἀντιπροσκαλέομαι,ἀντί-πρός,καλέω
515,ἀντισυναντάω,ἀντί-σύν,ἀντάω
516,ἀντισυλλογίζομαι,ἀντί-σύν,λογίζομαι
517,ἀνθυπάγω,ἀντί-ὑπό,ἄγω
518,ἀνθυπείκω,ἀντί-ὑπό,εἴκω
519,ἀνθυπηρετέω,ἀντί-ὑπό,ἠρετέω
520,ἀνθυφίσταμαι,ἀντί-ὑπό,ἵστημι
521,ἀνθυποκρίνομαι,ἀντί-ὑπό,κρίνω
522,ἀνθυπόμνυμαι,ἀντί-ὑπό,ὄμνυμι
523,ἀνθυποπτεύω,ἀντί-ὑπό,ὀπτεύω
524,ἀνθάπτομαι,ἀντί,ἅπτω
525,ἀνθαλίσκομαι,ἀντί,ἁλίσκομαι
526,ἀνθαμιλλάομαι,ἀντί,ἁμιλλάομαι
527,ἀνταξιόω,ἀντί,ἀξιόω
528,ἀνταείρω,ἀντί,ἀείρω
529,ἀνταγοράζω,ἀντί,ἀγοράζω
530,ἀνταγορεύω,ἀντί,ἀγορεύω
531,ἀνταγωνίζομαι,ἀντί,ἀγωνίζομαι
532,ἀντακούω,ἀντί,ἀκούω
533,ἀνταλαλάζω,ἀντί,ἀλαλάζω
534,ἀνταλλάσσω,ἀντί,ἀλλάσσω
535,ἀνταμείβομαι,ἀντί,ἀμείβω
536,ἀνταμύνομαι,ἀντί,ἀμύνω
537,ἀνταρκέω,ἀντί,ἀρκέω
538,ἀντασπάζομαι,ἀντί,ἀσπάζομαι
539,ἀνθαιρέομαι,ἀντί,αἱρέω
540,ἀνταίρω,ἀντί,αἴρω
541,ἀνταιδέομαι,ἀντί,αἰδέομαι
542,ἀνταιτέω,ἀντί,αἰτέω
543,ἀνταύω,ἀντί,αὔω2
544,ἀνταυδάω,ἀντί,αὐδάω
545,ἀντιβάλλω,ἀντί,βάλλω
546,ἀντιβαίνω,ἀντί,βαίνω
547,ἀντιβιάζομαι,ἀντί,βιάζω
548,ἀντιβλέπω,ἀντί,βλέπω
549,ἀντιβοάω,ἀντί,βοάω
550,ἀντιβοηθέω,ἀντί,βοηθέω
551,ἀντιβροντάω,ἀντί,βροντάω
552,ἀντιδάκνω,ἀντί,δάκνω
553,ἀντιδέρκομαι,ἀντί,δέρκομαι
554,ἀντιδέομαι,ἀντί,δέω2
555,ἀντιδέχομαι,ἀντί,δέχομαι
556,ἀντιδεξιόομαι,ἀντί,δεξιόομαι
557,ἀντιδημαγωγέω,ἀντί,δημαγωγέω
558,ἀντιδίδωμι,ἀντί,δίδωμι
559,ἀντιδιδάσκω,ἀντί,διδάσκω
560,ἀντιδικέω,ἀντί,δικέω
561,ἀντιδουλεύω,ἀντί,δουλεύω
562,ἀντιδράω,ἀντί,δράω
563,ἀντιδωρέομαι,ἀντί,δωρέω
564,ἀνθέλκω,ἀντί,ἕλκω
565,ἀνθεστιάω,ἀντί,ἑστιάω
566,ἀντέραμαι,ἀντί,ἔραμαι
567,ἀντέρομαι,ἀντί,ἔρομαι
568,ἀντέχω,ἀντί,ἔχω
569,ἀντελαύνω,ἀντί,ἐλαύνω
570,ἀντελπίζω,ἀντί,ἐλπίζω
571,ἀντεράω,ἀντί,ἐράω1
572,ἀντερανίζω,ἀντί,ἐρανίζω
573,ἀντερείδω,ἀντί,ἐρείδω
574,ἀντερύομαι,ἀντί,ἐρύω
575,ἀντερῶ,ἀντί,ἐρῶ
576,ἀντερωτάω,ἀντί,ἐρωτάω
577,ἀντεῖπον,ἀντί,εἶπον
578,ἀντεικάζω,ἀντί,εἰκάζω
579,ἀντευεργετέω,ἀντί,εὐεργετέω
580,ἀντευνοέω,ἀντί,εὐνοέω
581,ἀντιφέρω,ἀντί,φέρω
582,ἀντιφεύγω,ἀντί,φεύγω
583,ἀντίφημι,ἀντί,φημί
584,ἀντιφιλέω,ἀντί,φιλέω
585,ἀντιφιλοφρονέομαι,ἀντί,φιλοφρονέομαι
586,ἀντιφιλοσοφέω,ἀντί,φιλοσοφέω
587,ἀντιφιλοτιμέομαι,ἀντί,φιλοτιμέομαι
588,ἀντιφορτίζομαι,ἀντί,φορτίζω
589,ἀντιφθέγγομαι,ἀντί,φθέγγομαι
590,ἀντιφράσσω,ἀντί,φράσσω
591,ἀντιφυλάσσω,ἀντί,φυλάσσω
592,ἀντιφωνέω,ἀντί,φωνέω
593,ἀντιγέγωνα,ἀντί,γέγωνα
594,ἀντιγενεηλογέω,ἀντί,γενεαλογέω
595,ἀντιγράφω,ἀντί,γράφω
596,ἀνθησσάομαι,ἀντί,ἡσσάομαι
597,ἀντηχέω,ἀντί,ἠχέω
598,ἀνθίστημι,ἀντί,ἵστημι
599,ἀνθιππεύω,ἀντί,ἱππεύω
600,ἀντισόομαι,ἀντί,ἰσόω
601,ἀντικακουργέω,ἀντί,κακουργέω
602,ἀντικαλέω,ἀντί,καλέω
603,ἀντικαθεύδω,ἀντί,καθεύδω
604,ἀντικαθίζομαι,ἀντί,καθίζω
605,ἀντίκειμαι,ἀντί,κεῖμαι
606,ἀντικελεύω,ἀντί,κελεύω
607,ἀντικηδεύω,ἀντί,κηδεύω
608,ἀντικηρύσσω,ἀντί,κηρύσσω
609,ἀντικλάζω,ἀντί,κλάζω
610,ἀντικλαίω,ἀντί,κλαίω
611,ἀντικόπτω,ἀντί,κόπτω
612,ἀντικολάζομαι,ἀντί,κολάζω
613,ἀντικολακεύω,ἀντί,κολακεύω
614,ἀντικομίζω,ἀντί,κομίζω
615,ἀντικομπάζω,ἀντί,κομπάζω
616,ἀντικορύσσομαι,ἀντί,κορύσσω
617,ἀντικρατέω,ἀντί,κρατέω
618,ἀντικρούω,ἀντί,κρούω
619,ἀντικτυπέω,ἀντί,κτυπέω
620,ἀντικύρω,ἀντί,κυρέω
621,ἀντικωμῳδέω,ἀντί,κωμῳδέω
622,ἀντιλάμπω,ἀντί,λάμπω
623,ἀντιλάζομαι,ἀντί,λάζομαι
624,ἀντιλαγχάνω,ἀντί,λαγχάνω
625,ἀντιλακτίζω,ἀντί,λακτίζω
626,ἀντιλαμβάνω,ἀντί,λαμβάνω
627,ἀντιλέγω,ἀντί,λέγω3
628,ἀντιλογίζομαι,ἀντί,λογίζομαι
629,ἀντιλοιδορέω,ἀντί,λοιδορέω
630,ἀντιλυπέω,ἀντί,λυπέω
631,ἀντιμάχομαι,ἀντί,μάχομαι
632,ἀντιμαίνομαι,ἀντί,μαίνομαι
633,ἀντιμανθάνω,ἀντί,μανθάνω
634,ἀντιμαρτύρομαι,ἀντί,μαρτύρομαι
635,ἀντιμαρτυρέω,ἀντί,μαρτυρέω
636,ἀντιμέλλω,ἀντί,μέλλω
637,ἀντιμέμφομαι,ἀντί,μέμφομαι
638,ἀντιμειρακιεύομαι,ἀντί,μειρακιεύομαι
639,ἀντιμερίζομαι,ἀντί,μερίζω
640,ἀντιμετρέω,ἀντί,μετρέω
641,ἀντιμηχανάομαι,ἀντί,μηχανάομαι
642,ἀντιναυπηγέω,ἀντί,ναυπηγέω
643,ἀντινικάω,ἀντί,νικάω
644,ἀνθομολογέομαι,ἀντί,ὁμολογέω
645,ἀνθοπλίζω,ἀντί,ὁπλίζω
646,ἀνθορμέω,ἀντί,ὁρμέω
647,ἀντόμνυμι,ἀντί,ὄμνυμι
648,ἀντοφείλω,ἀντί,ὀφείλω
649,ἀντονομάζω,ἀντί,ὀνομάζω
650,ἀντοχέομαι,ἀντί,ὀχέω
651,ἀντιοχεύομαι,ἀντί,ὀχεύω
652,ἀντοικτείρω,ἀντί,οἰκτείρω
653,ἀντιπάσχω,ἀντί,πάσχω
654,ἀντιπαίζω,ἀντί,παίζω
655,ἀντιπαταγέω,ἀντί,παταγέω
656,ἀντιπέμπω,ἀντί,πέμπω
657,ἀντιπίπτω,ἀντί,πίπτω
658,ἀντιπλέω,ἀντί,πλέω
659,ἀντιπλήσσω,ἀντί,πλήσσω
660,ἀντιπληρόω,ἀντί,πληρόω
661,ἀντιπνέω,ἀντί,πνέω
662,ἀντιπορεῖν,ἀντί,πόρω
663,ἀντιποιέω,ἀντί,ποιέω
664,ἀντιπολεμέω,ἀντί,πολεμέω
665,ἀντιπολιορκέω,ἀντί,πολιορκέω
666,ἀντιπολιτεύομαι,ἀντί,πολιτεύω
667,ἀντιποθέω,ἀντί,ποθέω
668,ἀντιπορεύομαι,ἀντί,πορεύω
669,ἀντιπορθέω,ἀντί,πορθέω
670,ἀντιπράσσω,ἀντί,πράσσω
671,ἀντιπρεσβεύομαι,ἀντί,πρεσβεύω
672,ἀντιπυργόω,ἀντί,πυργόω
673,ἀντιθάπτω,ἀντί,θάπτω
674,ἀντιθέω,ἀντί,θέω
675,ἀντιθεραπεύω,ἀντί,θεραπεύω
676,ἀντιθήγω,ἀντί,θήγω
677,ἀντιρρέπω,ἀντί,ῥέπω
678,ἀντισεμνύνομαι,ἀντί,σεμνύνω
679,ἀντισφαιρίζω,ἀντί,σφαιρίζω
680,ἀντισηκόω,ἀντί,σηκόω
681,ἀντισκευάζομαι,ἀντί,σκευάζω
682,ἀντισκώπτω,ἀντί,σκώπτω
683,ἀντισπάω,ἀντί,σπάω
684,ἀντιστασιάζω,ἀντί,στασιάζω
685,ἀντιστοιχέω,ἀντί,στοιχέω
686,ἀντιστρατεύομαι,ἀντί,στρατεύω
687,ἀντιστρατηγέω,ἀντί,στρατηγέω
688,ἀντιστρατοπεδεύω,ἀντί,στρατοπεδεύω
689,ἀντιστρέφω,ἀντί,στρέφω
690,ἀντιτάσσω,ἀντί,τάσσω
691,ἀντιταλαντεύω,ἀντί,ταλαντεύω
692,ἀντιτέμνω,ἀντί,τέμνω
693,ἀντιτείνω,ἀντί,τείνω
694,ἀντιτεχνάομαι,ἀντί,τεχνάομαι
695,ἀντιτίνω,ἀντί,τίνω
696,ἀντιτίθημι,ἀντί,τίθημι
697,ἀντιτιμάω,ἀντί,τιμάω
698,ἀντιτιμωρέομαι,ἀντί,τιμωρέω
699,ἀντιτοξεύω,ἀντί,τοξεύω
700,ἀντιτολμάω,ἀντί,τολμάω
701,ἀντιτορέω,ἀντί,τορέω
702,ἀντιτρέφω,ἀντί,τρέφω
703,ἀντιτύπτω,ἀντί,τύπτω
704,ἀντιτυγχάνω,ἀντί,τυγχάνω
705,ἀντιτυπόω,ἀντί,τυπόω
706,ἀνθυβρίζω,ἀντί,ὑβρίζω
707,ἀντωφελέω,ἀντί,ὠφελέω
708,ἀντωνέομαι,ἀντί,ὠνέομαι
709,ἀντιχαίρω,ἀντί,χαίρω
710,ἀντιχαρίζομαι,ἀντί,χαρίζομαι
711,ἀντιχειροτονέω,ἀντί,χειροτονέω
712,ἀντιχορηγέω,ἀντί,χορηγέω
713,ἀντιχράω,ἀντί,χράω2
714,ἀντιψάλλω,ἀντί,ψάλλω
715,ἀντιψηφίζομαι,ἀντί,ψηφίζω
716,ἀντιζητέω,ἀντί,ζητέω
717,ἀντιζωγρέω,ἀντί,ζωγρέω
718,ἀντιβολέω,ἀντί,βολέω
719,ἀπαναλίσκω,ἀπό-ἀνά,ἀναλίσκω
720,ἀπανίστημι,ἀπό-ἀνά,ἵστημι
721,ἀποδιορίζω,ἀπό-διά,ὁρίζω
722,ἀποδιατρίβω,ἀπό-διά,τρίβω
723,ἀπεξαιρέω,ἀπό-ἐκ,αἱρέω
724,ἀπεκδέχομαι,ἀπό-ἐκ,δέχομαι
725,ἀπεκδύνω,ἀπό-ἐκ,δύω2
726,ἀπεκδύομαι,ἀπό-ἐκ,δύω2
727,ἀπεκλανθάνομαι,ἀπό-ἐκ,λανθάνω
728,ἀποκαταλλάσσω,ἀπό-κατά,ἀλλάσσω
729,ἀποκαθίστημι,ἀπό-κατά,ἵστημι
730,ἀποπροαιρέω,ἀπό-πρό,αἱρέω
731,ἀποπροφεύγω,ἀπό-πρό,φεύγω
732,ἀποπροίημι,ἀπό-πρό,ἵημι
733,ἀποπροτέμνω,ἀπό-πρό,τέμνω
734,ἀφάπτω,ἀπό,ἅπτω
735,ἀπάπτω,ἀπό,ἅπτω
736,ἀφαγνίζω,ἀπό,ἁγνίζω
737,ἀφαμαρτάνω,ἀπό,ἁμαρτάνω
738,ἀφανδάνω,ἀπό,ἁνδάνω
739,ἀφαρπάζω,ἀπό,ἁρπάζω
740,ἀπάγω,ἀπό,ἄγω
741,ἀπάγχω,ἀπό,ἄγχω
742,ἀπάλαλκε,ἀπό,ἄλαλκε
743,ἀπαλθαίνομαι,ἀπό,ἄλθομαι
744,ἀπάντομαι,ἀπό,ἄντομαι
745,ἀπάρχομαι,ἀπό,ἄρχω
746,ἀπάρχω,ἀπό,ἄρχω
747,ἀπάχθομαι,ἀπό,ἄχθομαι
748,ἀπαξιόω,ἀπό,ἀξιόω
749,ἀπᾴδω,ἀπό,ἀείδω
750,ἀπαείρω,ἀπό,ἀείρω
751,ἀπαγγέλλω,ἀπό,ἀγγέλλω
752,ἀπαγινέω,ἀπό,ἀγινέω
753,ἀπαγορεύω,ἀπό,ἀγορεύω
754,ἀπαγριόομαι,ἀπό,ἀγριόω
755,ἀπαίσσω,ἀπό,ἀίσσω
756,ἀπακριβόομαι,ἀπό,ἀκριβόω
757,ἀπαλάομαι,ἀπό,ἀλάομαι
758,ἀπαλέξω,ἀπό,ἀλέξω
759,ἀπαλείφω,ἀπό,ἀλείφω
760,ἀπαλγέω,ἀπό,ἀλγέω
761,ἀπαληθεύω,ἀπό,ἀληθεύω
762,ἀπαλλάσσω,ἀπό,ἀλλάσσω
763,ἀπαλλαξείω,ἀπό,ἀλλάσσω
764,ἀπαλλοτριόω,ἀπό,ἀλλοτριόω
765,ἀπαλοάω,ἀπό,ἀλοάω
766,ἀπαμάω,ἀπό,ἀμάω
767,ἀπαμαλδύνω,ἀπό,ἀμαλδύνω
768,ἀπαμβλίσκω,ἀπό,ἀμβλίσκω
769,ἀπαμβλύνω,ἀπό,ἀμβλύνω
770,ἀπαμείβομαι,ἀπό,ἀμείβω
771,ἀπαμείρω,ἀπό,ἀμείρω
772,ἀπαμελέομαι,ἀπό,ἀμελέω
773,ἀπαμπλακεῖν,ἀπό,ἀμπλακεῖν
774,ἀπαμύνω,ἀπό,ἀμύνω
775,ἀπαναίνομαι,ἀπό,ἀναίνομαι
776,ἀπαναισχυντέω,ἀπό,ἀναισχυντέω
777,ἀπανδρόομαι,ἀπό,ἀνδρόω
778,ἀπανθέω,ἀπό,ἀνθέω
779,ἀπανθίζω,ἀπό,ἀνθίζω
780,ἀπανθρακίζω,ἀπό,ἀνθρακίζω
781,ἀπανθρακόω,ἀπό,ἀνθρακόω
782,ἀπαντάω,ἀπό,ἀντάω
783,ἀπαντλέω,ἀπό,ἀντλέω
784,ἀπανύω,ἀπό,ἀνύω
785,ἀπαυράω,ἀπό,ἀπαυράω
786,ἀπολαύω,ἀπό,ἀπολαύω
787,ἀπαθανατίζω,ἀπό,ἀθανατίζω
788,ἀπαράσσω,ἀπό,ἀράσσω
789,ἀπαρέσκω,ἀπό,ἀρέσκω
790,ἀπαριθμέω,ἀπό,ἀριθμέω
791,ἀπαρκέω,ἀπό,ἀρκέω
792,ἀπαρνέομαι,ἀπό,ἀρνέομαι
793,ἀπαρτάω,ἀπό,ἀρτάω
794,ἀπαρτίζω,ἀπό,ἀρτίζω
795,ἀπαρύω,ἀπό,ἀρύω
796,ἀπασπαίρω,ἀπό,ἀσπαίρω
797,ἀπαστράπτω,ἀπό,ἀστράπτω
798,ἀπασχολέω,ἀπό,ἀσχολέω
799,ἀπατιμάω,ἀπό,ἀτιμάω
800,ἀπατιμάζω,ἀπό,ἀτιμάζω
801,ἀφαιρέω,ἀπό,αἱρέω
802,ἀπαίνυμαι,ἀπό,αἴνυμαι
803,ἀπαίρω,ἀπό,αἴρω
804,ἀπαιθριάζω,ἀπό,αἰθριάζω
805,ἀπαισχύνομαι,ἀπό,αἰσχύνω
806,ἀπαιτέω,ἀπό,αἰτέω
807,ἀπαιτίζω,ἀπό,αἰτίζω
808,ἀπαιωρέομαι,ἀπό,αἰωρέω
809,ἀφαύω,ἀπό,αὔω1
810,ἀπαυδάω,ἀπό,αὐδάω
811,ἀπαυγάζω,ἀπό,αὐγάζω
812,ἀπαυθαδίζομαι,ἀπό,αὐθαδίζω
813,ἀπαυθημερίζω,ἀπό,αὐθημερίζω
814,ἀπαυτομολέω,ἀπό,αὐτομολέω
815,ἀποβάλλω,ἀπό,βάλλω
816,ἀποβάπτω,ἀπό,βάπτω
817,ἀποβαίνω,ἀπό,βαίνω
818,ἀποβιάζομαι,ἀπό,βιάζω
819,ἀποβιβάζω,ἀπό,βιβάζω
820,ἀποβλάπτω,ἀπό,βλάπτω
821,ἀποβλαστάνω,ἀπό,βλαστάνω
822,ἀποβλέπω,ἀπό,βλέπω
823,ἀποβλίττω,ἀπό,βλίττω
824,ἀποβλύζω,ἀπό,βλύζω
825,ἀποβόσκομαι,ἀπό,βόσκω
826,ἀποβουκολέω,ἀπό,βουκολέω
827,ἀποβρίζω,ἀπό,βρίζω
828,ἀποβροχίζω,ἀπό,βροχίζω
829,ἀποξέω,ἀπό,ξέω
830,ἀποξενόω,ἀπό,ξενόω
831,ἀποξηραίνω,ἀπό,ξηραίνω
832,ἀποξύω,ἀπό,ξύω
833,ἀποξύρω,ἀπό,ξυρέω
834,ἀποξυράω,ἀπό,ξυρέω
835,ἀποδάκνω,ἀπό,δάκνω
836,ἀποδακρύω,ἀπό,δακρύω
837,ἀποδαρθάνω,ἀπό,δαρθάνω
838,ἀποδατέομαι,ἀπό,δατέομαι
839,ἀποδέρω,ἀπό,δέρω
840,ἀποδέω1,ἀπό,δέω1
841,ἀποδέω2,ἀπό,δέω2
842,ἀποδέχομαι,ἀπό,δέχομαι
843,ἀποδείκνυμι,ἀπό,δείκνυμι
844,ἀποδειδίσσομαι,ἀπό,δειδίσσομαι
845,ἀποδειλιάω,ἀπό,δειλιάω
846,ἀποδειροτομέω,ἀπό,δειροτομέω
847,ἀποδεκατόω,ἀπό,δεκατόω
848,ἀποδενδρόομαι,ἀπό,δενδρόομαι
849,ἀποδημέω,ἀπό,δημέω
850,ἀποδίδωμι,ἀπό,δίδωμι
851,ἀποδίομαι,ἀπό,δίω
852,ἀποδιαιτάω,ἀπό,διαιτάω
853,ἀποδιδράσκω,ἀπό,διδράσκω
854,ἀποδικέω,ἀπό,δικέω
855,ἀποδικεῖν,ἀπό,δικεῖν
856,ἀποδινέω,ἀπό,δινεύω
857,ἀποδιοπομπέομαι,ἀπό,διοπομπέομαι
858,ἀποδιώκω,ἀπό,διώκω
859,ἀποδοκεῖ,ἀπό,δοκάω
860,ἀποδοκιμάω,ἀπό,δοκιμάω
861,ἀποδοκιμάζω,ἀπό,δοκιμάζω
862,ἀποδρέπτομαι,ἀπό,δρέπω
863,ἀποδρέπω,ἀπό,δρέπω
864,ἀποδρύπτω,ἀπό,δρύπτω
865,ἀποδύνω,ἀπό,δύω2
866,ἀποδύω,ἀπό,δύω2
867,ἀφέλκω,ἀπό,ἕλκω
868,ἀφέρπω,ἀπό,ἕρπω
869,ἀφέψω,ἀπό,ἕψω
870,ἀφερμηνεύω,ἀπό,ἑρμηνεύω
871,ἀπεοικώς,ἀπό,ἔοικα
872,ἀπέρδω,ἀπό,ἔρδω
873,ἀπείργω,ἀπό,ἔργω1
874,ἀπέρρω,ἀπό,ἔρρω
875,ἀπόερσε,ἀπό,ἔρσε
876,ἀπέρχομαι,ἀπό,ἔρχομαι
877,ἀπέχθομαι,ἀπό,ἔχθω
878,ἀπέχω,ἀπό,ἔχω
879,ἀπεικάζω,ἀπό,ἐικάσδω
880,ἀπελαύνω,ἀπό,ἐλαύνω
881,ἀπελέγχω,ἀπό,ἐλέγχω
882,ἀπελευθερόω,ἀπό,ἐλευθερόω
883,ἀπεμέω,ἀπό,ἐμέω
884,ἀπεμπολάω,ἀπό,ἐμπολάω
885,ἀπεναρίζω,ἀπό,ἐναρίζω
886,ἀπενέπω,ἀπό,ἐνέπω
887,ἀπενιαυτέω,ἀπό,ἐνιαυτέω
888,ἀπεθίζω,ἀπό,ἐθίζω
889,ἀπερείδω,ἀπό,ἐρείδω
890,ἀπεργάζομαι,ἀπό,ἐργάζομαι
891,ἀπείργαθον,ἀπό,ἐργαθεῖν
892,ἀπερύκω,ἀπό,ἐρύκω
893,ἀπερύω,ἀπό,ἐρύω
894,ἀπερυθριάω,ἀπό,ἐρυθριάω
895,ἀπερωέω,ἀπό,ἐρωέω
896,ἀπεσθίω,ἀπό,ἐσθίω
897,ἀπεχθάνομαι,ἀπό,ἐχθάνομαι
898,ἀπεχθαίρω,ἀπό,ἐχθαίρω
899,ἀποείκω,ἀπό,εἴκω
900,ἀπειλέω1,ἀπό,εἴλω
901,ἄπειμι2,ἀπό,εἶμι
902,ἀπεῖπον,ἀπό,εἶπον
903,ἀπεικάζω,ἀπό,εἰκάζω
904,ἀπεικονίζω,ἀπό,εἰκονίζω
905,ἄπειμι1,ἀπό,εἰμί
906,ἀφεύω,ἀπό,εὕω
907,ἀπεύχομαι,ἀπό,εὔχομαι
908,ἀπευνάζω,ἀπό,εὐνάζω
909,ἀπευθύνω,ἀπό,εὐθύνω
910,ἀποφάσκω,ἀπό,φάσκω
911,ἀποφαίνω,ἀπό,φαίνω
912,ἀποφαιδρύνω,ἀπό,φαιδρύνω
913,ἀποφέρβομαι,ἀπό,φέρβω
914,ἀποφέρω,ἀπό,φέρω
915,ἀποφεύγω,ἀπό,φεύγω
916,ἀπόφημι,ἀπό,φημί
917,ἀποφλαυρίζω,ἀπό,φλαυρίζω
918,ἀποφλοιόομαι,ἀπό,φλοιόομαι
919,ἀποφοιτάω,ἀπό,φοιτάω
920,ἀποφθέγγομαι,ἀπό,φθέγγομαι
921,ἀποφθείρω,ἀπό,φθείρω
922,ἀποφθίνω,ἀπό,φθίω
923,ἀποφθινύθω,ἀπό,φθινύθω
924,ἀποφράγνυμι,ἀπό,φράσσω
925,ἀποφράσσω,ἀπό,φράσσω
926,ἀποφυγγάνω,ἀπό,φυγγάνω
927,ἀποφυσάω,ἀπό,φυσάω
928,ἀπογεφυρόω,ἀπό,γεφυρόω
929,ἀπογεισόω,ἀπό,γεισόω
930,ἀπογεύω,ἀπό,γεύω
931,ἀπογηράσκω,ἀπό,γηράσκω
932,ἀπογίγνομαι,ἀπό,γίγνομαι
933,ἀπογιγνώσκω,ἀπό,γιγνώσκω
934,ἀπογράφω,ἀπό,γράφω
935,ἀπογυιόω,ἀπό,γυιόω
936,ἀπογυμνάζω,ἀπό,γυμνάζω
937,ἀπογυμνόω,ἀπό,γυμνόω
938,ἀφήκω,ἀπό,ἥκω
939,ἀφηδύνω,ἀπό,ἡδύνω
940,ἀφηγέομαι,ἀπό,ἡγέομαι
941,ἀφίημι,ἀπό,ἵημι
942,ἀφεστήξω,ἀπό,ἵστημι
943,ἀφίστημι,ἀπό,ἵστημι
944,ἀφιδρύω,ἀπό,ἱδρύω
945,ἀφιερόω,ἀπό,ἱερόω
946,ἀφικάνω,ἀπό,ἱκάνω
947,ἀφικνέομαι,ἀπό,ἱκνέομαι
948,ἀφιππάζομαι,ἀπό,ἱππάζομαι
949,ἀφιππεύω,ἀπό,ἱππεύω
950,ἀπίλλω,ἀπό,ἴλλω
951,ἀπίσχω,ἀπό,ἴσχω
952,ἀπιάλλω,ἀπό,ἰάλλω
953,ἀπιπόω,ἀπό,ἰπόω
954,ἀπιθύνω,ἀπό,ἰθύνω
955,ἀπισόω,ἀπό,ἰσόω
956,ἀπισχυρίζομαι,ἀπό,ἰσχυρίζομαι
957,ἀποκάμνω,ἀπό,κάμνω
958,ἀποκάμπτω,ἀπό,κάμπτω
959,ἄφημαι,ἀπό,κάθημαι
960,ἀποκαίνυμαι,ἀπό,καίνυμαι
961,ἀποκαίω,ἀπό,καίω
962,ἀποκαλέω,ἀπό,καλέω
963,ἀποκαλύπτω,ἀπό,καλύπτω
964,ἀποκαπύω,ἀπό,καπύω
965,ἀποκαθαίρω,ἀπό,καθαίρω
966,ἀποκαρτερέω,ἀπό,καρτερέω
967,ἀποκαυλίζω,ἀπό,καυλίζω
968,ἀποκείρω,ἀπό,κείρω
969,ἀπόκειμαι,ἀπό,κεῖμαι
970,ἀποκερδαίνω,ἀπό,κερδαίνω
971,ἀποκερματίζω,ἀπό,κερματίζω
972,ἀποκηδέω,ἀπό,κηδέω
973,ἀποκηδεύω,ἀπό,κηδεύω
974,ἀποκηρύσσω,ἀπό,κηρύσσω
975,ἀποκινδυνεύω,ἀπό,κινδυνεύω
976,ἀποκινέω,ἀπό,κινέω
977,ἀποκλάζω1,ἀπό,κλάζω
978,ἀποκλάω,ἀπό,κλαίω
979,ἀποκλαίω,ἀπό,κλαίω
980,ἀποκλείω,ἀπό,κλείω1
981,ἀποκληρόω,ἀπό,κληρόω
982,ἀποκλίνω,ἀπό,κλίνω
983,ἀποκλύζω,ἀπό,κλύζω
984,ἀποκναίω,ἀπό,κναίω
985,ἀποκνίζω,ἀπό,κνίζω
986,ἀποκόπτω,ἀπό,κόπτω
987,ἀποκοιμάομαι,ἀπό,κοιμάω
988,ἀποκολυμβάω,ἀπό,κολυμβάω
989,ἀποκομίζω,ἀπό,κομίζω
990,ἀποκομπάζω,ἀπό,κομπάζω
991,ἀποκορυφόω,ἀπό,κορυφόω
992,ἀποκοσμέω,ἀπό,κοσμέω
993,ἀποκοτταβίζω,ἀπό,κοτταβίζω
994,ἀποκουφίζω,ἀπό,κουφίζω
995,ἀποκραιπαλάω,ἀπό,κραιπαλάω
996,ἀποκρανίζω,ἀπό,κρανίζω
997,ἀποκρατέω,ἀπό,κρατέω
998,ἀποκρεμάννυμι,ἀπό,κρεμάννυμι
999,ἀποκρίνω,ἀπό,κρίνω
1000,ἀποκρούω,ἀπό,κρούω
1001,ἀποκρύπτω,ἀπό,κρύπτω
1002,ἀποκτείνω,ἀπό,κτείνω
1003,ἀποκυέω,ἀπό,κυέω
1004,ἀποκυλίω,ἀπό,κυλίω
1005,ἀποκωκύω,ἀπό,κωκύω
1006,ἀποκωλύω,ἀπό,κωλύω
1007,ἀπολάμπω,ἀπό,λάμπω
1008,ἀπολάπτω,ἀπό,λάπτω
1009,ἀπολαγχάνω,ἀπό,λαγχάνω
1010,ἀπολακτίζω,ἀπό,λακτίζω
1011,ἀπολαλέω,ἀπό,λαλέω
1012,ἀπολαμβάνω,ἀπό,λαμβάνω
1013,ἀπολαμπρύνω,ἀπό,λαμπρύνω
1014,ἀπολέγω,ἀπό,λέγω2
1015,ἀπολέγω2,ἀπό,λέγω3
1016,ἀπολέπω,ἀπό,λέπω
1017,ἀπολείβω,ἀπό,λείβω
1018,ἀπολείπω,ἀπό,λείπω
1019,ἀπολιμπάνω,ἀπό,λείπω
1020,ἀπολείχω,ἀπό,λείχω
1021,ἀπολήγω,ἀπό,λήγω
1022,ἀποληρέω,ἀπό,ληρέω
1023,ἀπολιβάζω,ἀπό,λιβάζω
1024,ἀπολιγαίνω,ἀπό,λιγαίνω
1025,ἀπολιθόομαι,ἀπό,λιθόομαι
1026,ἀπολιταργίζω,ἀπό,λιταργίζω
1027,ἀπολιχμάομαι,ἀπό,λιχμάω
1028,ἀπολογέομαι,ἀπό,λογέω
1029,ἀπολογίζομαι,ἀπό,λογίζομαι
1030,ἀπολούω,ἀπό,λούω
1031,ἀπολύω,ἀπό,λύω
1032,ἀπολυμαίνομαι,ἀπό,λυμαίνομαι
1033,ἀπολυτρόω,ἀπό,λυτρόω
1034,ἀπολωβάομαι,ἀπό,λωβάομαι
1035,ἀπολωτίζω,ἀπό,λωτίζομαι
1036,ἀπομάσσω,ἀπό,μάσσω
1037,ἀπομάχομαι,ἀπό,μάχομαι
1038,ἀπομαίνομαι,ἀπό,μαίνομαι
1039,ἀπομαλακίζομαι,ἀπό,μαλακίζομαι
1040,ἀπομαλθακόομαι,ἀπό,μαλθακόομαι
1041,ἀπομανθάνω,ἀπό,μανθάνω
1042,ἀπομαντεύομαι,ἀπό,μαντεύομαι
1043,ἀπομαραίνομαι,ἀπό,μαραίνω
1044,ἀπομαστιγόω,ἀπό,μαστιγόω
1045,ἀποματαίζω,ἀπό,ματᾴζω
1046,ἀπομείρομαι,ἀπό,μείρομαι
1047,ἀπομερίζω,ἀπό,μερίζω
1048,ἀπομερμηρίζω,ἀπό,μερμηρίζω
1049,ἀπομεστόομαι,ἀπό,μεστόω
1050,ἀπομετρέω,ἀπό,μετρέω
1051,ἀπομηκύνω,ἀπό,μηκύνω
1052,ἀπομηνίω,ἀπό,μηνίω
1053,ἀπομιμέομαι,ἀπό,μιμέομαι
1054,ἀπομιμνήσκομαι,ἀπό,μιμνήσκω
1055,ἀπομισθόω,ἀπό,μισθόω
1056,ἀπομνημονεύω,ἀπό,μνημονεύω
1057,ἀπομνησικακέω,ἀπό,μνησικακέω
1058,ἀπομονόομαι,ἀπό,μονόω
1059,ἀπομύσσω,ἀπό,μύσσω
1060,ἀπομυκάομαι,ἀπό,μυκάομαι
1061,ἀπομυθέομαι,ἀπό,μυθέομαι
1062,ἀποναίω,ἀπό,ναίω1
1063,ἀποναρκόομαι,ἀπό,ναρκόομαι
1064,ἀπονέμω,ἀπό,νέμω
1065,ἀπονέομαι,ἀπό,νέομαι
1066,ἀπονέω,ἀπό,νέω3
1067,ἀπονεύω,ἀπό,νεύω
1068,ἀπονήχομαι,ἀπό,νήχω
1069,ἀπονίσσομαι,ἀπό,νίσσομαι
1070,ἀπονίζω,ἀπό,νίζω
1071,ἀπονοέομαι,ἀπό,νοέω
1072,ἀπονοσφίζω,ἀπό,νοσφίζομαι
1073,ἀπονοστέω,ἀπό,νοστέω
1074,ἀπονυκτερεύω,ἀπό,νυκτερεύω
1075,ἀπονωτίζω,ἀπό,νωτίζω
1076,ἀφομοιόω,ἀπό,ὁμοιόω
1077,ἀφοπλίζω,ἀπό,ὁπλίζω
1078,ἀφοράω,ἀπό,ὁράω
1079,ἀφορίζω,ἀπό,ὁρίζω
1080,ἀφορμάω,ἀπό,ὁρμάω
1081,ἀφοσιόω,ἀπό,ὁσιόω
1082,ἀπόλλυμι,ἀπό,ὄλλυμι
1083,ἀπόμνυμι,ἀπό,ὄμνυμι
1084,ἀπόζω,ἀπό,ὄζω
1085,ἀποξύνω,ἀπό,ὀξύνω
1086,ἀποδύρομαι,ἀπό,ὀδύρομαι
1087,ἀποιστεύω,ἀπό,ὀιστεύω
1088,ἀποκλάζω,ἀπό,ὀκλάζω
1089,ἀποκλάζω2,ἀπό,ὀκλάζω
1090,ἀποκνέω,ἀπό,ὀκνέω
1091,ἀπολισθάνω,ἀπό,ὀλισθάνω
1092,ἀπολοφύρομαι,ἀπό,ὀλοφύρομαι
1093,ἀπομόργνυμι,ἀπό,ὀμόργνυμι
1094,ἀπονίναμαι,ἀπό,ὀνίνημι
1095,ἀπονυχίζω,ἀπό,ὀνυχίζω
1096,ἀπορφανίζομαι,ἀπό,ὀρφανίζω
1097,ἀπορούω,ἀπό,ὀρούω
1098,ἀπορθόω,ἀπό,ὀρθόω
1099,ἀπορχέομαι,ἀπό,ὀρχέομαι
1100,ἀποχυρόω,ἀπό,ὀχυρόω
1101,ἀποίχομαι,ἀπό,οἴχομαι
1102,ἀποικέω,ἀπό,οἰκέω
1103,ἀποικίζω,ἀπό,οἰκίζω
1104,ἀποικοδομέω,ἀπό,οἰκοδομέω
1105,ἀποικτίζομαι,ἀπό,οἰκτίζω
1106,ἀποιμώζω,ἀπό,οἰμώζω
1107,ἀπουρίζω,ἀπό,οὐρίζω
1108,ἀποπάλλω,ἀπό,πάλλω
1109,ἀποπαπταίνω,ἀπό,παπταίνω
1110,ἀποπατέω,ἀπό,πατέω
1111,ἀποπαύω,ἀπό,παύω
1112,ἀποπέμπω,ἀπό,πέμπω
1113,ἀποπέρδομαι,ἀπό,πέρδομαι
1114,ἀποπέτομαι,ἀπό,πέτομαι
1115,ἀποπειράομαι,ἀπό,πειράω
1116,ἀποπελεκάω,ἀπό,πελεκάω
1117,ἀποπενθέω,ἀπό,πενθέω
1118,ἀποπεράω,ἀπό,περάω2
1119,ἀποπήγνυμι,ἀπό,πήγνυμι
1120,ἀποπηδάω,ἀπό,πηδάω
1121,ἀποπίμπλημι,ἀπό,πίμπλημι
1122,ἀποπίνω,ἀπό,πίνω
1123,ἀποπίπτω,ἀπό,πίπτω
1124,ἀποπιστεύω,ἀπό,πιστεύω
1125,ἀποπλάζω,ἀπό,πλάζω
1126,ἀποπλανάω,ἀπό,πλανάω
1127,ἀποπλέω,ἀπό,πλέω
1128,ἀποπλήσσω,ἀπό,πλήσσω
1129,ἀποπληρόω,ἀπό,πληρόω
1130,ἀποπλίσσομαι,ἀπό,πλίσσομαι
1131,ἀποπλύνω,ἀπό,πλύνω
1132,ἀποπνέω,ἀπό,πνέω
1133,ἀποπνίγω,ἀπό,πνίγω
1134,ἀποπολεμέω,ἀπό,πολεμέω
1135,ἀποπορεύομαι,ἀπό,πορεύω
1136,ἀποπραύνω,ἀπό,πραύνω
1137,ἀποπρίασθαι,ἀπό,πρίαμαι
1138,ἀποπρίω,ἀπό,πρίω
1139,ἀποπρίζω,ἀπό,πρίω
1140,ἀποπτύω,ἀπό,πτύω
1141,ἀποπυνθάνομαι,ἀπό,πυνθάνομαι
1142,ἀποθάλλω,ἀπό,θάλλω
1143,ἀποθαρρέω,ἀπό,θαρσέω
1144,ἀποθαυμάζω,ἀπό,θαυμάζω
1145,ἀποθέω,ἀπό,θέω
1146,ἀποθεόω,ἀπό,θεόω
1147,ἀποθερίζω,ἀπό,θερίζω
1148,ἀποθηλύνω,ἀπό,θηλύνω
1149,ἀποθησαυρίζω,ἀπό,θησαυρίζω
1150,ἀποθλίβω,ἀπό,θλίβω
1151,ἀποθνήσκω,ἀπό,θνήσκω
1152,ἀποθρασύνομαι,ἀπό,θρασύνω
1153,ἀποθραύω,ἀπό,θραύω
1154,ἀποθρηνέω,ἀπό,θρηνέω
1155,ἀποθριάζω,ἀπό,θριάζω
1156,ἀποθρύπτω,ἀπό,θρύπτω
1157,ἀποθρώσκω,ἀπό,θρώσκω
1158,ἀποθύω,ἀπό,θύω1
1159,ἀπορράπτω,ἀπό,ῥάπτω
1160,ἀπορραίνω,ἀπό,ῥαίνω
1161,ἀπορραίω,ἀπό,ῥαίω
1162,ἀπορραψῳδέω,ἀπό,ῥαψῳδέω
1163,ἀπορρᾳθυμέω,ἀπό,ῥᾳθυμέω
1164,ἀπορέγχω,ἀπό,ῥέγκω
1165,ἀπορέπω,ἀπό,ῥέπω
1166,ἀπορρέω,ἀπό,ῥέω
1167,ἀπορρέζω,ἀπό,ῥέζω
1168,ἀπορρήγνυμι,ἀπό,ῥήγνυμι
1169,ἀπορρίπτω,ἀπό,ῥίπτω
1170,ἀπορριγέω,ἀπό,ῥιγέω
1171,ἀπορρινάω,ἀπό,ῥινάω
1172,ἀπορροφέω,ἀπό,ῥοφέω
1173,ἀπορροιβδέω,ἀπό,ῥοιβδέω
1174,ἀπορρύπτω,ἀπό,ῥύπτω
1175,ἀποσαφέω,ἀπό,σαφέω
1176,ἀποσαλεύω,ἀπό,σαλεύω
1177,ἀποσβέννυμι,ἀπό,σβέννυμι
1178,ἀποσείω,ἀπό,σείω
1179,ἀποσεμνύνω,ἀπό,σεμνύνω
1180,ἀπέσσουα,ἀπό,σεύω
1181,ἀποσεύω,ἀπό,σεύω
1182,ἀποσφάλλω,ἀπό,σφάλλω
1183,ἀποσφάζω,ἀπό,σφάζω
1184,ἀποσφακελίζω,ἀπό,σφακελίζω
1185,ἀποσφίγγω,ἀπό,σφίγγω
1186,ἀποσφραγίζω,ἀπό,σφραγίζω
1187,ἀποσήπομαι,ἀπό,σήπω
1188,ἀποσημαίνω,ἀπό,σημαίνω
1189,ἀποσιμόω,ἀπό,σιμόω
1190,ἀποσιωπάω,ἀπό,σιωπάω
1191,ἀποσκάπτω,ἀπό,σκάπτω
1192,ἀποσκεδάννυμι,ἀπό,σκεδάννυμι
1193,ἀποσκευάζω,ἀπό,σκευάζω
1194,ἀποσκήπτω,ἀπό,σκήπτω
1195,ἀποσκηνέω,ἀπό,σκηνέω
1196,ἀποσκηνόω,ἀπό,σκηνόω
1197,ἀποσκίδναμαι,ἀπό,σκίδνημι
1198,ἀποσκιάζω,ἀπό,σκιάζω
1199,ἀποσκλῆναι,ἀπό,σκλῆναι
1200,ἀποσκοπέω,ἀπό,σκοπέω
1201,ἀποσκυλεύω,ἀπό,σκυλεύω
1202,ἀποσκυθίζω,ἀπό,σκυθίζω
1203,ἀποσκώπτω,ἀπό,σκώπτω
1204,ἀποσμάω,ἀπό,σμάω
1205,ἀποσμήχω,ἀπό,σμήχω
1206,ἀποσμικρύνω,ἀπό,σμικρύνω
1207,ἀποσμύχομαι,ἀπό,σμύχω
1208,ἀποσοβέω,ἀπό,σοβέω
1209,ἀποσπάω,ἀπό,σπάω
1210,ἀποσπαράσσω,ἀπό,σπαράσσω
1211,ἀποσπένδω,ἀπό,σπένδω
1212,ἀποσπεύδω,ἀπό,σπεύδω
1213,ἀποσποδέω,ἀπό,σποδέω
1214,ἀποστάζω,ἀπό,στάζω
1215,ἀποσταυρόω,ἀπό,σταυρόω
1216,ἀποστέγω,ἀπό,στέγω
1217,ἀποστέλλω,ἀπό,στέλλω
1218,ἀποστέργω,ἀπό,στέργω
1219,ἀποστεγάζω,ἀπό,στεγάζω
1220,ἀποστείχω,ἀπό,στείχω
1221,ἀποστενόω,ἀπό,στενόω
1222,ἀποστερέω,ἀπό,στερέω
1223,ἀποστερίσκω,ἀπό,στερίσκω
1224,ἀποστηρίζομαι,ἀπό,στηρίζω
1225,ἀποστίλβω,ἀπό,στίλβω
1226,ἀποστλεγγίζω,ἀπό,στλεγγίζω
1227,ἀποστοματίζω,ἀπό,στοματίζω
1228,ἀποστρατοπεδεύομαι,ἀπό,στρατοπεδεύω
1229,ἀποστρέφω,ἀπό,στρέφω
1230,ἀποστύφω,ἀπό,στύφω
1231,ἀποστυφελίζω,ἀπό,στυφελίζω
1232,ἀποστυγέω,ἀπό,στυγέω
1233,ἀποσύρω,ἀπό,σύρω
1234,ἀποσυκάζω,ἀπό,συκάζω
1235,ἀποσυλάω,ἀπό,συλάω
1236,ἀποσυρίζω,ἀπό,συρίζω
1237,ἀποσῴζω,ἀπό,σώζω
1238,ἀποσχίζω,ἀπό,σχίζω
1239,ἀποσχοινίζω,ἀπό,σχοινίζω
1240,ἀποτάσσω,ἀπό,τάσσω
1241,ἀποταφρεύω,ἀπό,ταφρεύω
1242,ἀποτέμνω,ἀπό,τέμνω
1243,ἀποτείνω,ἀπό,τείνω
1244,ἀποτειχίζω,ἀπό,τειχίζω
1245,ἀποτελέω,ἀπό,τελέω
1246,ἀποτελευτάω,ἀπό,τελευτάω
1247,ἀποτίλλω,ἀπό,τίλλω
1248,ἀποτίνω,ἀπό,τίνω
1249,ἀποτίθημι,ἀπό,τίθημι
1250,ἀποτιμάω,ἀπό,τιμάω
1251,ἀποτινάσσω,ἀπό,τινάσσω
1252,ἀποτμήγω,ἀπό,τμήγω
1253,ἀποτοξεύω,ἀπό,τοξεύω
1254,ἀποτολμάω,ἀπό,τολμάω
1255,ἀποτρέπω,ἀπό,τρέπω
1256,ἀποτρέχω,ἀπό,τρέχω
1257,ἀποτρίβω,ἀπό,τρίβω
1258,ἀποτρύω,ἀπό,τρύω
1259,ἀποτρύχω,ἀπό,τρύχω
1260,ἀποτρώγω,ἀπό,τρώγω
1261,ἀποτύπτομαι,ἀπό,τύπτω
1262,ἀποτυγχάνω,ἀπό,τυγχάνω
1263,ἀποτυμπανίζω,ἀπό,τυμπανίζω
1264,ἀποτυπόομαι,ἀπό,τυπόω
1265,ἀφυβρίζω,ἀπό,ὑβρίζω
1266,ἀφυδραίνω,ἀπό,ὑδραίνω
1267,ἀφυλακτέω1,ἀπό,ὑλακτέω
1268,ἀφυλίζω,ἀπό,ὑλίζω
1269,ἀφυπνίζω,ἀπό,ὑπνίζω
1270,ἀφυπνόω,ἀπό,ὑπνόω
1271,ἀπωθέω,ἀπό,ὠθέω
1272,ἀποχάζομαι,ἀπό,χάζω
1273,ἀποχαλάω,ἀπό,χαλάω
1274,ἀποχαλινόω,ἀπό,χαλινόω
1275,ἀποχαλκεύω,ἀπό,χαλκεύω
1276,ἀποχαλκίζω,ἀπό,χαλκίζω
1277,ἀποχαρακόω,ἀπό,χαρακόω
1278,ἀποχέω,ἀπό,χέω
1279,ἀποχειροτονέω,ἀπό,χειροτονέω
1280,ἀποχηρόομαι,ἀπό,χηρόω
1281,ἀποχώννυμι,ἀπό,χόω
1282,ἀποχράομαι,ἀπό,χράομαι
1283,ἀποχράω,ἀπό,χράω3
1284,ἀποχραίνω,ἀπό,χραίνω
1285,ἀποχωλεύω,ἀπό,χωλεύω
1286,ἀποχωλόομαι,ἀπό,χωλόομαι
1287,ἀποχωρέω,ἀπό,χωρέω
1288,ἀποχωρίζω,ἀπό,χωρίζω
1289,ἀποψάω,ἀπό,ψάω
1290,ἀποψεύδομαι,ἀπό,ψεύδω
1291,ἀποψηφίζομαι,ἀπό,ψηφίζω
1292,ἀποψιλόω,ἀπό,ψιλόω
1293,ἀποψύχω,ἀπό,ψύχω
1294,ἀποψωλέω,ἀπό,ψωλέω
1295,ἀποζάω,ἀπό,ζάω
1296,ἀποζεύγνυμαι,ἀπό,ζεύγνυμι
1297,διαναγιγνώσκω,διά-ἀνά,γιγνώσκω
1298,διανίσταμαι,διά-ἀνά,ἵστημι
1299,διανοίγω,διά-ἀνά,οἴγω
1300,διαναπαύομαι,διά-ἀνά,παύω
1301,διαπέρχομαι,διά-ἀπό,ἔρχομαι
1302,διαφίημι,διά-ἀπό,ἵημι
1303,διαποστέλλω,διά-ἀπό,στέλλω
1304,διεξαίσσω,διά-ἐκ,ἀίσσω
1305,διεκδύομαι,διά-ἐκ,δύω2
1306,διεξελίσσω,διά-ἐκ,ἑλίσσω
1307,διεξέρχομαι,διά-ἐκ,ἔρχομαι
1308,διεξελαύνω,διά-ἐκ,ἐλαύνω
1309,διεξελέγχω,διά-ἐκ,ἐλέγχω
1310,διεξερέομαι,διά-ἐκ,ἐρέω
1311,διέξειμι,διά-ἐκ,εἶμι
1312,διεκφεύγω,διά-ἐκ,φεύγω
1313,διεξηγέομαι,διά-ἐκ,ἡγέομαι
1314,διεξίημι,διά-ἐκ,ἵημι
1315,διεκπαίω,διά-ἐκ,παίω1
1316,διεκπεράω,διά-ἐκ,περάω1
1317,διεκπεραίνω,διά-ἐκ,περαίνω
1318,διεκπλέω,διά-ἐκ,πλέω
1319,διεκθέω,διά-ἐκ,θέω
1320,διεξυφαίνω,διά-ἐκ,ὑφαίνω
1321,διεκχέω,διά-ἐκ,χέω
1322,διεμφαίνω,διά-ἐν,φαίνω
1323,διακατελέγχομαι,διά-κατά,ἐλέγχω
1324,διαμεθίημι,διά-μετά,ἵημι
1325,διαψαίρω,διά,Ψαίρω
1326,διάλλομαι,διά,ἅλλομαι
1327,διαμαρτάνω,διά,ἁμαρτάνω
1328,διαμιλλάομαι,διά,ἁμιλλάομαι
1329,διαρμόζω,διά,ἁρμόζω
1330,διαρπάζω,διά,ἁρπάζω
1331,διάγω,διά,ἄγω
1332,διάγχω,διά,ἄγχω
1333,διάημι,διά,ἄημι
1334,διάω,διά,ἄω1
1335,διαείδω2,διά,ἀείδω
1336,διαφύσσω,διά,ἀφύσσω
1337,διαγανακτέω,διά,ἀγανακτέω
1338,διαγγέλλω,διά,ἀγγέλλω
1339,διαγκυλίζομαι,διά,ἀγκυλίζομαι
1340,διαγορεύω,διά,ἀγορεύω
1341,διαγριαίνω,διά,ἀγριαίνω
1342,διαγρυπνέω,διά,ἀγρυπνέω
1343,διαγωνίζομαι,διά,ἀγωνίζομαι
1344,διαίσσω,διά,ἀίσσω
1345,διαιστόω,διά,ἀιστόω
1346,διακοντίζομαι,διά,ἀκοντίζω
1347,διακούω,διά,ἀκούω
1348,διακριβόω,διά,ἀκριβόω
1349,διαλφιτόω,διά,ἀλφιτόω
1350,διαλλάσσω,διά,ἀλλάσσω
1351,διαμάω,διά,ἀμάω
1352,διαμαθύνω,διά,ἀμαθύνω
1353,διαμείβω,διά,ἀμείβω
1354,διαμφισβητέω,διά,ἀμφισβητέω
1355,διανεμόομαι,διά,ἀνεμόω
1356,διανθίζω,διά,ἀνθίζω
1357,διαντλέω,διά,ἀντλέω
1358,διανύω,διά,ἀνύω
1359,διαπειλέω,διά,ἀπειλέω2
1360,διαπιστέω,διά,ἀπιστέω
1361,διαπορέω,διά,ἀπορέω
1362,διαθρέω,διά,ἀθρέω
1363,διαράσσω,διά,ἀράσσω
1364,διαριθμέω,διά,ἀριθμέω
1365,διαρκέω,διά,ἀρκέω
1366,διαρθρόω,διά,ἀρθρόω
1367,διαρτάω,διά,ἀρτάω
1368,διαρταμέω,διά,ἀρταμέω
1369,διασκέω,διά,ἀσκέω
1370,διατιμάω,διά,ἀτιμάω
1371,διαιρέω,διά,αἱρέω
1372,διαίρω,διά,αἴρω
1373,διαιθριάζω,διά,αἰθριάζω
1374,διαισθάνομαι,διά,αἰσθάνομαι
1375,διαισχύνομαι,διά,αἰσχύνω
1376,διαυγάζω,διά,αὐγάζω
1377,διαβάλλω,διά,βάλλω
1378,διαβάσκω,διά,βάσκω
1379,διαβαδίζω,διά,βαδίζω
1380,διαβαίνω,διά,βαίνω
1381,διαβαπτίζομαι,διά,βαπτίζω
1382,διαβαστάζω,διά,βαστάζω
1383,διαβεβαιόομαι,διά,βεβαιόω
1384,διαβιάζομαι,διά,βιάζω
1385,διαβιβάζω,διά,βιβάζω
1386,διαβιβρώσκω,διά,βιβρώσκω
1387,διαβιόω,διά,βιόω
1388,διαβλέπω,διά,βλέπω
1389,διαβοάω,διά,βοάω
1390,διαβουκολέω,διά,βουκολέω
1391,διαβουλεύομαι,διά,βουλεύω
1392,διαβρέχω,διά,βρέχω
1393,διαβυνέω,διά,βυνέω
1394,διαδάπτω,διά,δάπτω
1395,διαδατέομαι,διά,δατέομαι
1396,διαδέρκομαι,διά,δέρκομαι
1397,διαδέω,διά,δέω1
1398,διαδέχομαι,διά,δέχομαι
1399,διαδείκνυμι,διά,δείκνυμι
1400,διαδηλέομαι,διά,δηλέομαι
1401,διαδηλόω,διά,δηλόω
1402,διαδίδωμι,διά,δίδωμι
1403,διαδιδράσκω,διά,διδράσκω
1404,διαδιφρεύω,διά,διφρεύω
1405,διαδικάζω,διά,δικάζω
1406,διαδικαιόω,διά,δικαιόω
1407,διαδοκιμάζω,διά,δοκιμάζω
1408,διαδρηπετεύω,διά,δρηπετεύω
1409,διαδύνω,διά,δύω2
1410,διαδωρέομαι,διά,δωρέω
1411,διέλκω,διά,ἕλκω
1412,διέπω,διά,ἕπομαι
1413,διέρπω,διά,ἕρπω
1414,διεορτάζω,διά,ἑορτάζω
1415,διερμηνεύω,διά,ἑρμηνεύω
1416,διείργω,διά,ἔργω1
1417,διείρομαι,διά,ἔρομαι
1418,διέρχομαι,διά,ἔρχομαι
1419,διέχω,διά,ἔχω
1420,διεγγυάω,διά,ἐγγυάω
1421,διελαύνω,διά,ἐλαύνω
1422,διελέγχω,διά,ἐλέγχω
1423,διεμπολάω,διά,ἐμπολάω
1424,διενιαυτίζω,διά,ἐνιαυτίζω
1425,διερέσσω,διά,ἐρέσσω
1426,διερείδομαι,διά,ἐρείδω
1427,διερευνάω,διά,ἐρευνάω
1428,διεργάζομαι,διά,ἐργάζομαι
1429,διερίζω,διά,ἐρίζω
1430,διερύκω,διά,ἐρύκω
1431,διειρύω,διά,ἐρύω
1432,διερῶ,διά,ἐρῶ
1433,διερωτάω,διά,ἐρωτάω
1434,διεσθίω,διά,ἐσθίω
1435,διείρω,διά,εἴρω
1436,διεῖδον,διά,εἶδον
1437,δίειμι,διά,εἶμι
1438,διεῖπον,διά,εἶπον
1439,διευκρινέω,διά,εὐκρινέω
1440,διευλαβέομαι,διά,εὐλαβέομαι
1441,διευνάω,διά,εὐνάω
1442,διευθύνω,διά,εὐθύνω
1443,διευσχημονέω,διά,εὐσχημονέω
1444,διευτυχέω,διά,εὐτυχέω
1445,διαφαγεῖν,διά,φαγεῖν
1446,διαφαίνω,διά,φαίνω
1447,διαφαύσκω,διά,φαύσκω
1448,διαφέρω,διά,φέρω
1449,διαφεύγω,διά,φεύγω
1450,διαφημίζω,διά,φημίζω
1451,διαφιλονεικέω,διά,φιλονεικέω
1452,διαφιλοτιμέομαι,διά,φιλοτιμέομαι
1453,διαφλέγω,διά,φλέγω
1454,διαφοιβάζω,διά,φοιβάζω
1455,διαφοιτάω,διά,φοιτάω
1456,διαφορέω,διά,φορέω
1457,διαφθείρω,διά,φθείρω
1458,διαφράγνυμι,διά,φράσσω
1459,διαφράζω,διά,φράζω
1460,διαφρέω,διά,φρέω
1461,διαφύομαι,διά,φύω
1462,διαφυγγάνω,διά,φυγγάνω
1463,διαφυλάσσω,διά,φυλάσσω
1464,διαφυσάω,διά,φυσάω
1465,διαφωνέω,διά,φωνέω
1466,διαφωτίζω,διά,φωτίζω
1467,διαγαληνίζω,διά,γαληνίζω
1468,διαγελάω,διά,γελάω
1469,διαγίγνομαι,διά,γίγνομαι
1470,διαγιγνώσκω,διά,γιγνώσκω
1471,διαγλάφω,διά,γλάφω
1472,διαγλύφω,διά,γλύφω
1473,διαγνωρίζω,διά,γνωρίζω
1474,διαγογγύζω,διά,γογγύζω
1475,διαγράφω,διά,γράφω
1476,διήκω,διά,ἥκω
1477,διηγέομαι,διά,ἡγέομαι
1478,διημερεύω,διά,ἡμερεύω
1479,διηπειρόω,διά,ἠπειρόω
1480,διηθέω,διά,ἠθέω
1481,διηχέω,διά,ἠχέω
1482,διίημι,διά,ἵημι
1483,διίστημι,διά,ἵστημι
1484,διικνέομαι,διά,ἱκνέομαι
1485,διιθύνω,διά,ἰθύνω
1486,διισχυρίζομαι,διά,ἰσχυρίζομαι
1487,διακαίω,διά,καίω
1488,διακαλύπτω,διά,καλύπτω
1489,διακανάσσω,διά,κανάσσω
1490,διακαθαίρω,διά,καθαίρω
1491,διακαθαρίζω,διά,καθαρίζω
1492,διακαθέζομαι,διά,καθέζομαι
1493,διακαθίζω,διά,καθίζω
1494,διακαρτερέω,διά,καρτερέω
1495,διακαυνιάζω,διά,καυνιάζω
1496,διακεάζω,διά,κεάζω
1497,διακείρω,διά,κείρω
1498,διάκειμαι,διά,κεῖμαι
1499,διακελεύομαι,διά,κελεύω
1500,διακερματίζω,διά,κερματίζω
1501,διακηρύσσω,διά,κηρύσσω
1502,διακηρυκεύομαι,διά,κηρυκεύω
1503,διακινδυνεύω,διά,κινδυνεύω
1504,διακινέω,διά,κινέω
1505,διακίχρημι,διά,κιχρημι
1506,διακλάω,διά,κλάω
1507,διακλέπτω,διά,κλέπτω
1508,διακληρόω,διά,κληρόω
1509,διακλίνω,διά,κλίνω
1510,διακλύζω,διά,κλύζω
1511,διακναίω,διά,κναίω
1512,διακνίζω,διά,κνίζω
1513,διακόπτω,διά,κόπτω
1514,διακολλάω,διά,κολλάω
1515,διακομίζω,διά,κομίζω
1516,διακορκορυγέω,διά,κορκορυγέω
1517,διακοσμέω,διά,κοσμέω
1518,διακράζω,διά,κράζω
1519,διακρατέω,διά,κρατέω
1520,διακρέκω,διά,κρέκω
1521,διακρηνόω,διά,κρηνόω
1522,διακρίνω,διά,κρίνω
1523,διακρούω,διά,κρούω
1524,διακύπτω,διά,κύπτω
1525,διακυβεύω,διά,κυβεύω
1526,διακυκάω,διά,κυκάω
1527,διακυμαίνω,διά,κυμαίνω
1528,διακωδωνίζω,διά,κωδωνίζω
1529,διακωλύω,διά,κωλύω
1530,διακωμῳδέω,διά,κωμῳδέω
1531,διαλάμπω,διά,λάμπω
1532,διαλαγχάνω,διά,λαγχάνω
1533,διαλακέω,διά,λακέω
1534,διαλακτίζω,διά,λακτίζω
1535,διαλαλέω,διά,λαλέω
1536,διαλαμβάνω,διά,λαμβάνω
1537,διαλανθάνω,διά,λανθάνω
1538,διαλέγω,διά,λέγω3
1539,διαλείπω,διά,λείπω
1540,διαλείχω,διά,λείχω
1541,διαλεπτολογέομαι,διά,λεπτολογέω
1542,διαλογίζομαι,διά,λογίζομαι
1543,διαλοιδορέομαι,διά,λοιδορέω
1544,διαλύω,διά,λύω
1545,διαλυμαίνομαι,διά,λυμαίνομαι
1546,διαλωβάομαι,διά,λωβάομαι
1547,διαμάσσω,διά,μάσσω
1548,διαμάχομαι,διά,μάχομαι
1549,διαμαλάττω,διά,μαλάσσω
1550,διαμαντεύομαι,διά,μαντεύομαι
1551,διαμαρτύρομαι,διά,μαρτύρομαι
1552,διαμαρτυρέω,διά,μαρτυρέω
1553,διαμαστιγόω,διά,μαστιγόω
1554,διαμαστροπεύω,διά,μαστροπεύω
1555,διαμέλλω,διά,μέλλω
1556,διαμέμφομαι,διά,μέμφομαι
1557,διαμένω,διά,μένω
1558,διαμειρακιεύομαι,διά,μειρακιεύομαι
1559,διαμελαίνω,διά,μελαίνω
1560,διαμερίζω,διά,μερίζω
1561,διαμετρέω,διά,μετρέω
1562,διαμηχανάομαι,διά,μηχανάομαι
1563,διαμικρολογέομαι,διά,μικρολογέομαι
1564,διαμιμνήσκομαι,διά,μιμνήσκω
1565,διαμισέω,διά,μισέω
1566,διαμιστύλλω,διά,μιστύλλω
1567,διαμνημονεύω,διά,μνημονεύω
1568,διαμοιράω,διά,μοιράω
1569,διαμυλλαίνω,διά,μυλλαίνω
1570,διαμυθολογέω,διά,μυθολογέω
1571,διανάσσω,διά,νάσσω
1572,διανάω,διά,νάω
1573,διαναυμαχέω,διά,ναυμαχέω
1574,διανέμω,διά,νέμω
1575,διανέομαι,διά,νέομαι
1576,διανέω,διά,νέω1
1577,διανήχομαι,διά,νήχω
1578,διανοέομαι,διά,νοέω
1579,διανυκτερεύω,διά,νυκτερεύω
1580,διοδεύω,διά,ὁδεύω
1581,διοδοιπορέω,διά,ὁδοιπορέω
1582,διομαλίζω,διά,ὁμαλίζω
1583,διομολογέω,διά,ὁμολογέω
1584,διοράω,διά,ὁράω
1585,διόλλυμι,διά,ὄλλυμι
1586,διόμνυμι,διά,ὄμνυμι
1587,διοιστεύω,διά,ὀιστεύω
1588,διολισθάνω,διά,ὀλισθάνω
1589,διονομάζω,διά,ὀνομάζω
1590,διορθεύω,διά,ὀρθεύω
1591,διορθόω,διά,ὀρθόω
1592,διορύσσω,διά,ὀρύσσω
1593,διορχέομαι,διά,ὀρχέομαι
1594,διοχετεύομαι,διά,ὀχετεύω
1595,διοχλέω,διά,ὀχλέω
1596,διοίγνυμι,διά,οἴγω
1597,διοίχομαι,διά,οἴχομαι
1598,διαείδω1,διά,οἶδα
1599,διοιδέω,διά,οἰδέω
1600,διοικέω,διά,οἰκέω
1601,διοικίζω,διά,οἰκίζω
1602,διοικοδομέω,διά,οἰκοδομέω
1603,διοιχνέω,διά,οἰχνέω
1604,διαπάλλω,διά,πάλλω
1605,διαπάσσω,διά,πάσσω
1606,διαπαιδαγωγέω,διά,παιδαγωγέω
1607,διαπαιδεύομαι,διά,παιδεύω
1608,διαπαλαίω,διά,παλαίω
1609,διαπαλύνω,διά,παλύνω
1610,διαπαπταίνω,διά,παπταίνω
1611,διαπαρθενεύω,διά,παρθενεύω
1612,διαπασσαλεύω,διά,πασσαλεύω
1613,διαπαύω,διά,παύω
1614,διαπέμπω,διά,πέμπω
1615,διαπέρθω,διά,πέρθω
1616,διαπέταμαι,διά,πέτομαι
1617,διαπείρω,διά,πείρω
1618,διαπεινάω,διά,πεινάω
1619,διαπειράομαι,διά,πειράω
1620,διαπενθέω,διά,πενθέω
1621,διαπεράω,διά,περάω1
1622,διαπεραίνω,διά,περαίνω
1623,διαπεραιόω,διά,περαιόω
1624,διαπεύθομαι,διά,πεύθομαι
1625,διαπήγνυμι,διά,πήγνυμι
1626,διαπηδάω,διά,πηδάω
1627,διαπίμπλαμαι,διά,πίμπλημι
1628,διαπίνω,διά,πίνω
1629,διαπίπτω,διά,πίπτω
1630,διαπιαίνω,διά,πιαίνω
1631,διαπιπράσκω,διά,πιπράσκω
1632,διαπιστεύω,διά,πιστεύω
1633,διαπλάσσω,διά,πλάσσω
1634,διαπλατύνω,διά,πλατύνω
1635,διαπλέκω,διά,πλέκω
1636,διαπλέω,διά,πλέω
1637,διαπλήσσω,διά,πλήσσω
1638,διαπληκτίζομαι,διά,πληκτίζομαι
1639,διαπνέω,διά,πνέω
1640,διαποικίλλω,διά,ποικίλλω
1641,διαπολεμέω,διά,πολεμέω
1642,διαπολιορκέω,διά,πολιορκέω
1643,διαπολιτεύομαι,διά,πολιτεύω
1644,διαπομπεύω,διά,πομπεύω
1645,διαπονέω,διά,πονέω
1646,διαπορεύω,διά,πορεύω
1647,διαπορθέω,διά,πορθέω
1648,διαπορθμεύω,διά,πορθμεύω
1649,διαπράσσω,διά,πράσσω
1650,διαπραγματεύομαι,διά,πραγματεύομαι
1651,διαπρέπω,διά,πρέπω
1652,διαπρεσβεύομαι,διά,πρεσβεύω
1653,διαπρίω,διά,πρίω
1654,διαπταίω,διά,πταίω
1655,διαπτοέω,διά,πτοέω
1656,διαπτύσσω,διά,πτύσσω
1657,διαπτύω,διά,πτύω
1658,διαπυκτεύω,διά,πυκτεύω
1659,διαπυνθάνομαι,διά,πυνθάνομαι
1660,διαπυρόω,διά,πυρόω
1661,διαπυρσεύω,διά,πυρσεύω
1662,διαπωλέω,διά,πωλέω
1663,διαθέω,διά,θέω
1664,διαθεάομαι,διά,θεάομαι
1665,διαθειόω,διά,θειόω
1666,διαθερμαίνω,διά,θερμαίνω
1667,διαθορυβέω,διά,θορυβέω
1668,διαθροέω,διά,θροέω
1669,διαθρύπτω,διά,θρύπτω
1670,διαθρυλέω,διά,θρυλέω
1671,διαρραίνομαι,διά,ῥαίνω
1672,διαρραίω,διά,ῥαίω
1673,διαρρέω,διά,ῥέω
1674,διαρρήγνυμι,διά,ῥήγνυμι
1675,διαρρίπτω,διά,ῥίπτω
1676,διαρροιζέω,διά,ῥοιζέω
1677,διαρροθέω,διά,ῥοθέω
1678,διασαφέω,διά,σαφέω
1679,διασαφηνίζω,διά,σαφηνίζω
1680,διασαίνω,διά,σαίνω
1681,διασαίρω,διά,σαίρω
1682,διασαλακωνίζω,διά,σαλακωνίζω
1683,διασαλεύω,διά,σαλεύω
1684,διασείω,διά,σείω
1685,διασεύομαι,διά,σεύω
1686,διασφάλλω,διά,σφάλλω
1687,διασφαιρίζω,διά,σφαιρίζω
1688,διασφενδονάω,διά,σφενδονάω
1689,διασφηκόομαι,διά,σφηκόω
1690,διασήπομαι,διά,σήπω
1691,διασημαίνω,διά,σημαίνω
1692,διασίζω,διά,σίζω
1693,διασιωπάω,διά,σιωπάω
1694,διασκάπτω,διά,σκάπτω
1695,διασκανδικίζω,διά,σκανδικίζω
1696,διασκέπτομαι,διά,σκέπτομαι
1697,διασκεδάννυμι,διά,σκεδάννυμι
1698,διασκευάζω,διά,σκευάζω
1699,διασκευωρέομαι,διά,σκευωρέομαι
1700,διασκηνάω,διά,σκηνάω
1701,διασκηνόω,διά,σκηνόω
1702,διασκηρίπτω,διά,σκηρίπτομαι
1703,διασκίδνημι,διά,σκίδνημι
1704,διασκιρτάω,διά,σκιρτάω
1705,διασκοπέω,διά,σκοπέω
1706,διασκοπιάομαι,διά,σκοπιάομαι
1707,διασκορπίζω,διά,σκορπίζω
1708,διασκώπτομαι,διά,σκώπτω
1709,διασμάω,διά,σμάω
1710,διασμήχω,διά,σμήχω
1711,διασμιλεύω,διά,σμιλεύω
1712,διασοφίζομαι,διά,σοφίζω
1713,διασπάω,διά,σπάω
1714,διασπαθάω,διά,σπαθάω
1715,διασπαράσσω,διά,σπαράσσω
1716,διασπείρω,διά,σπείρω
1717,διασπουδάζω,διά,σπουδάζω
1718,διασταθμάομαι,διά,σταθμάω
1719,διαστασιάζω,διά,στασιάζω
1720,διασταυρόω,διά,σταυρόω
1721,διαστέλλω,διά,στέλλω
1722,διαστείχω,διά,στείχω
1723,διαστηρίζω,διά,στηρίζω
1724,διαστίλβω,διά,στίλβω
1725,διαστοιβάζω,διά,στοιβάζω
1726,διαστοιχίζομαι,διά,στοιχίζω
1727,διαστρατηγέω,διά,στρατηγέω
1728,διαστρέφω,διά,στρέφω
1729,διαστρεβλόω,διά,στρεβλόω
1730,διασύρω,διά,σύρω
1731,διασῴζω,διά,σώζω
1732,διασχηματίζω,διά,σχηματίζω
1733,διασχίζω,διά,σχίζω
1734,διατάσσω,διά,τάσσω
1735,διαταφρεύω,διά,ταφρεύω
1736,διαταγεύω,διά,ταγεύω
1737,διαταράσσω,διά,ταράσσω
1738,διατέμνω,διά,τέμνω
1739,διατείνω,διά,τείνω
1740,διατειχίζω,διά,τειχίζω
1741,διατεκμαίρομαι,διά,τεκμαίρομαι
1742,διατελέω,διά,τελέω
1743,διατελευτάω,διά,τελευτάω
1744,διατετραίνω,διά,τετραίνω
1745,διατήκω,διά,τήκω
1746,διατηρέω,διά,τηρέω
1747,διατίθημι,διά,τίθημι
1748,διατινάσσω,διά,τινάσσω
1749,διατμήγω,διά,τμήγω
1750,διατοξεύω,διά,τοξεύω
1751,διατρέφω,διά,τρέφω
1752,διατρέπω,διά,τρέπω
1753,διατρέω,διά,τρέω
1754,διατρέχω,διά,τρέχω
1755,διατρίβω,διά,τρίβω
1756,διατροχάζω,διά,τροχάζω
1757,διατρώγω,διά,τρώγω
1758,διατυπόω,διά,τυπόω
1759,διυφαίνω,διά,ὑφαίνω
1760,διυπνίζω,διά,ὑπνίζω
1761,διωθέω,διά,ὠθέω
1762,διαχάσκω,διά,χάσκω
1763,διαχάζομαι,διά,χάζω
1764,διαχαλάω,διά,χαλάω
1765,διαχέω,διά,χέω
1766,διαχειμάζω,διά,χειμάζω
1767,διαχειρίζω,διά,χειρίζω
1768,διαχειροτονέω,διά,χειροτονέω
1769,διαχλευάζω,διά,χλευάζω
1770,διαχόω,διά,χόω
1771,διαχώννυμι,διά,χόω
1772,διαχράομαι,διά,χράομαι
1773,διαχωρέω,διά,χωρέω
1774,διαχωρίζω,διά,χωρίζω
1775,διαψεύδω,διά,ψεύδω
1776,διαψήχω,διά,ψήχω
1777,διαψηφίζομαι,διά,ψηφίζω
1778,διαψιθυρίζω,διά,ψιθυρίζω
1779,διαψύχω,διά,ψύχω
1780,διαζάω,διά,ζάω
1781,διαζεύγνυμαι,διά,ζεύγνυμι
1782,διαζώννυμι,διά,ζώννυμι
1783,ἐξανάπτω,ἐκ-ἀνά,ἅπτω
1784,ἐξαναρπάζω,ἐκ-ἀνά,ἁρπάζω
1785,ἐξανάγω,ἐκ-ἀνά,ἄγω
1786,ἐξαναλίσκω,ἐκ-ἀνά,ἀναλίσκω
1787,ἐξαναιρέω,ἐκ-ἀνά,αἱρέω
1788,ἐξαναβρύω,ἐκ-ἀνά,βρύω
1789,ἐξαναδύομαι,ἐκ-ἀνά,δύω2
1790,ἐξανέρχομαι,ἐκ-ἀνά,ἔρχομαι
1791,ἐξανέχω,ἐκ-ἀνά,ἔχω
1792,ἐξανεγείρω,ἐκ-ἀνά,ἐγείρω
1793,ἐξάνειμι,ἐκ-ἀνά,εἶμι
1794,ἐξανευρίσκω,ἐκ-ἀνά,εὑρίσκω
1795,ἐξαναφέρω,ἐκ-ἀνά,φέρω
1796,ἐξαναγιγνώσκω,ἐκ-ἀνά,γιγνώσκω
1797,ἐξανίημι,ἐκ-ἀνά,ἵημι
1798,ἐξανίστημι,ἐκ-ἀνά,ἵστημι
1799,ἐξανακρούομαι,ἐκ-ἀνά,κρούω
1800,ἐξαναλύω,ἐκ-ἀνά,λύω
1801,ἐξανοίγω,ἐκ-ἀνά,οἴγω
1802,ἐξανασπάω,ἐκ-ἀνά,σπάω
1803,ἐξαναστέφω,ἐκ-ἀνά,στέφω
1804,ἐξαναστρέφω,ἐκ-ἀνά,στρέφω
1805,ἐξανατέλλω,ἐκ-ἀνά,τέλλω
1806,ἐξαναχωρέω,ἐκ-ἀνά,χωρέω
1807,ἐξαναζέω,ἐκ-ἀνά,ζέω
1808,ἐξαπαλλάσσω,ἐκ-ἀπό,ἀλλάσσω
1809,ἐξαπαρτάομαι,ἐκ-ἀπό,ἀρτάω
1810,ἐξαφαιρέω,ἐκ-ἀπό,αἱρέω
1811,ἐξαποβαίνω,ἐκ-ἀπό,βαίνω
1812,ἐξαποδύνω,ἐκ-ἀπό,δύω2
1813,ἐξαπεῖδον,ἐκ-ἀπό,εἶδον
1814,ἐξαποφαίνω,ἐκ-ἀπό,φαίνω
1815,ἐξαποφθείρω,ἐκ-ἀπό,φθείρω
1816,ἐξαφίημι,ἐκ-ἀπό,ἵημι
1817,ἐξαφίσταμαι,ἐκ-ἀπό,ἵστημι
1818,ἐξαπονέομαι,ἐκ-ἀπό,νέομαι
1819,ἐξαπονίζω,ἐκ-ἀπό,νίζω
1820,ἐξαπόλλυμι,ἐκ-ἀπό,ὄλλυμι
1821,ἐξαποξύνω,ἐκ-ἀπό,ὀξύνω
1822,ἐξαποστέλλω,ἐκ-ἀπό,στέλλω
1823,ἐξαποτίνω,ἐκ-ἀπό,τίνω
1824,ἐξαπωθέω,ἐκ-ἀπό,ὠθέω
1825,ἐκδιαβαίνω,ἐκ-διά,βαίνω
1826,ἐξεπᾴδω,ἐκ-ἐπί,ἀείδω
1827,ἐξεπεύχομαι,ἐκ-ἐπί,εὔχομαι
1828,ἐξεφίημι,ἐκ-ἐπί,ἵημι
1829,ἐκκατεῖδον,ἐκ-κατά,εἶδον
1830,ἐκκαταπάλλομαι,ἐκ-κατά,πάλλω
1831,ἐκπερίειμι,ἐκ-περί,εἶμι
1832,ἐκπεριπλέω,ἐκ-περί,πλέω
1833,ἐκπροφεύγω,ἐκ-πρό,φεύγω
1834,ἐκπροίημι,ἐκ-πρό,ἵημι
1835,ἐκπροκαλέομαι,ἐκ-πρό,καλέω
1836,ἐκπροκρίνω,ἐκ-πρό,κρίνω
1837,ἐκπρολείπω,ἐκ-πρό,λείπω
1838,ἐκπροθυμέομαι,ἐκ-πρό,θυμέω
1839,ἐκπρορέω,ἐκ-πρό,ῥέω
1840,ἐκπροτιμάω,ἐκ-πρό,τιμάω
1841,ἐκπροχέω,ἐκ-πρό,χέω
1842,ἐξυπανίστημι,ἐκ-ὑπό-ἀνά,ἵστημι
1843,ἐξυπειπεῖν,ἐκ-ὑπό,εἶπον
1844,ἐξυφηγέομαι,ἐκ-ὑπό,ἡγέομαι
1845,ἐξυπηρετέω,ἐκ-ὑπό,ἠρετέω
1846,ἐξάλλομαι,ἐκ,ἅλλομαι
1847,ἐξάπτω,ἐκ,ἅπτω
1848,ἐξαγίζω,ἐκ,ἁγίζω
1849,ἐξαμαρτάνω,ἐκ,ἁμαρτάνω
1850,ἐξαμιλλάομαι,ἐκ,ἁμιλλάομαι
1851,ἐξαρπάζω,ἐκ,ἁρπάζω
1852,ἐξάγνυμι,ἐκ,ἄγνυμι
1853,ἐξάγω,ἐκ,ἄγω
1854,ἐξάρχω,ἐκ,ἄρχω
1855,ἐξᾴδω,ἐκ,ἀείδω
1856,ἐξαείρω,ἐκ,ἀείρω
1857,ἐξαερόω,ἐκ,ἀερόω
1858,ἐξαφρίζομαι,ἐκ,ἀφρίζω
1859,ἐξαφύω,ἐκ,ἀφύσσω
1860,ἐξαγγέλλω,ἐκ,ἀγγέλλω
1861,ἐξαγινέω,ἐκ,ἀγινέω
1862,ἐξαγοράζω,ἐκ,ἀγοράζω
1863,ἐξαγορεύω,ἐκ,ἀγορεύω
1864,ἐξαγριαίνω,ἐκ,ἀγριαίνω
1865,ἐξαγριόω,ἐκ,ἀγριόω
1866,ἐξαγωνίζομαι,ἐκ,ἀγωνίζομαι
1867,ἐξαίσσω,ἐκ,ἀίσσω
1868,ἐξαιστόω,ἐκ,ἀιστόω
1869,ἐξακέομαι,ἐκ,ἀκέομαι
1870,ἐξακοντίζω,ἐκ,ἀκοντίζω
1871,ἐξακούω,ἐκ,ἀκούω
1872,ἐξακρίζω,ἐκ,ἀκρίζω
1873,ἐξακριβόω,ἐκ,ἀκριβόω
1874,ἐξαλαόω,ἐκ,ἀλαόω
1875,ἐξαλαπάζω,ἐκ,ἀλαπάζω
1876,ἐξαλέομαι,ἐκ,ἀλέομαι
1877,ἐξαλεύομαι,ἐκ,ἀλέομαι
1878,ἐξαλείφω,ἐκ,ἀλείφω
1879,ἐξαλίνδω,ἐκ,ἀλινδέω
1880,ἐξαλλάσσω,ἐκ,ἀλλάσσω
1881,ἐξαλύσκω,ἐκ,ἀλύσκω
1882,ἐξαλύω,ἐκ,ἀλύω
1883,ἐξαμάω1,ἐκ,ἀμάω1
1884,ἐξαμάω2,ἐκ,ἀμάω2
1885,ἐξαμβλόω,ἐκ,ἀμβλίσκω
1886,ἐξαμβλύνω,ἐκ,ἀμβλύνω
1887,ἐξαμέλγω,ἐκ,ἀμέλγω
1888,ἐξαμείβω,ἐκ,ἀμείβω
1889,ἐξαμελέω,ἐκ,ἀμελέω
1890,ἐξαμηχανέω,ἐκ,ἀμηχανέω
1891,ἐξαμύνομαι,ἐκ,ἀμύνω
1892,ἐξαναγκάζω,ἐκ,ἀναγκάζω
1893,ἐξανδραποδίζω,ἐκ,ἀνδραποδίζω
1894,ἐξανδρόομαι,ἐκ,ἀνδρόω
1895,ἐξανεμόω,ἐκ,ἀνεμόω
1896,ἐξανθέω,ἐκ,ἀνθέω
1897,ἐξαντλέω,ἐκ,ἀντλέω
1898,ἐξανύω,ἐκ,ἀνύω
1899,ἐξαπαφίσκω,ἐκ,ἀπαφίσκω
1900,ἐξαπατάω,ἐκ,ἀπατάω
1901,ἐξαπορέω,ἐκ,ἀπορέω
1902,ἐξαθροίζομαι,ἐκ,ἀθροίζω
1903,ἐξαθυμέω,ἐκ,ἀθυμέω
1904,ἐξαράομαι,ἐκ,ἀράομαι
1905,ἐξαράσσω,ἐκ,ἀράσσω
1906,ἐξαρέσκομαι,ἐκ,ἀρέσκω
1907,ἐξαργέω,ἐκ,ἀργέω
1908,ἐξαργυρίζω,ἐκ,ἀργυρίζω
1909,ἐξαριθμέω,ἐκ,ἀριθμέω
1910,ἐξαρκέω,ἐκ,ἀρκέω
1911,ἐξαρνέομαι,ἐκ,ἀρνέομαι
1912,ἐξαρτάω,ἐκ,ἀρτάω
1913,ἐξαρτίζω,ἐκ,ἀρτίζω
1914,ἐξαρτύω,ἐκ,ἀρτύω
1915,ἐξασκέω,ἐκ,ἀσκέω
1916,ἐξαστράπτω,ἐκ,ἀστράπτω
1917,ἐξατιμάζω,ἐκ,ἀτιμάζω
1918,ἐξαιμάσσω,ἐκ,αἱμάσσω
1919,ἐξαιρέω,ἐκ,αἱρέω
1920,ἐξαίνυμαι,ἐκ,αἴνυμαι
1921,ἐξαίρω,ἐκ,αἴρω
1922,ἐξαιάζω,ἐκ,αἰάζω
1923,ἐξαιτέω,ἐκ,αἰτέω
1924,ἐξαύω2,ἐκ,αὔω1
1925,ἐξαύω3,ἐκ,αὔω2
1926,ἐξαυαίνω,ἐκ,αὐαίνω
1927,ἐξαυδάω,ἐκ,αὐδάω
1928,ἐξαυλίζομαι,ἐκ,αὐλίζομαι
1929,ἐξαυτομολέω,ἐκ,αὐτομολέω
1930,ἐξαυχέω,ἐκ,αὐχέω
1931,ἐκβάλλω,ἐκ,βάλλω
1932,ἐκβάζω,ἐκ,βάζω
1933,ἐκβαίνω,ἐκ,βαίνω
1934,ἐκβακχεύω,ἐκ,βακχεύω
1935,ἐκβεβαιόω,ἐκ,βεβαιόω
1936,ἐκβιάζω,ἐκ,βιάζω
1937,ἐκβιβάζω,ἐκ,βιβάζω
1938,ἐκβιβρώσκω,ἐκ,βιβρώσκω
1939,ἐκβλαστάνω,ἐκ,βλαστάνω
1940,ἐκβλύζω,ἐκ,βλύζω
1941,ἐκμολεῖν,ἐκ,βλώσκω
1942,ἐκβοάω,ἐκ,βοάω
1943,ἐκβοηθέω,ἐκ,βοηθέω
1944,ἐκβολβίζω,ἐκ,βολβίζω
1945,ἐκβράζω,ἐκ,βράζω
1946,ἐκβροντάω,ἐκ,βροντάω
1947,ἐκβρυχάομαι,ἐκ,βρυχάομαι
1948,ἐκδακρύω,ἐκ,δακρύω
1949,ἐκδέρω,ἐκ,δέρω
1950,ἐκδέω,ἐκ,δέω1
1951,ἐκδέχομαι,ἐκ,δέχομαι
1952,ἐκδείκνυμι,ἐκ,δείκνυμι
1953,ἐκδειματόω,ἐκ,δειματόω
1954,ἐκδημέω,ἐκ,δημέω
1955,ἐκδίδωμι,ἐκ,δίδωμι
1956,ἐκδιαιτάω,ἐκ,διαιτάω
1957,ἐκδιδάσκω,ἐκ,διδάσκω
1958,ἐκδιδράσκω,ἐκ,διδράσκω
1959,ἐκδιφρεύω,ἐκ,διφρεύω
1960,ἐκδικάζω,ἐκ,δικάζω
1961,ἐκδικέω,ἐκ,δικέω
1962,ἐκδιώκω,ἐκ,διώκω
1963,ἐκδονέω,ἐκ,δονέω
1964,ἐκδρακοντόομαι,ἐκ,δρακοντόομαι
1965,ἐκδύω,ἐκ,δύω2
1966,ἐκδωριεύομαι,ἐκ,δωριεύομαι
1967,ἐξέλκω,ἐκ,ἕλκω
1968,ἐξέρπω,ἐκ,ἕρπω
1969,ἐξέψω,ἐκ,ἕψω
1970,ἐξελίσσω,ἐκ,ἑλίσσω
1971,ἐξελληνίζω,ἐκ,ἑλληνίζω
1972,ἐξερμηνεύω,ἐκ,ἑρμηνεύω
1973,ἐξέργω,ἐκ,ἔργω1
1974,ἐξέρομαι,ἐκ,ἔρομαι
1975,ἐξέρρω,ἐκ,ἔρρω
1976,ἐξέρχομαι,ἐκ,ἔρχομαι
1977,ἐξέσθω,ἐκ,ἔσθω
1978,ἐξέχω,ἐκ,ἔχω
1979,ἐξεγείρω,ἐκ,ἐγείρω
1980,ἐξεγγυάω,ἐκ,ἐγγυάω
1981,ἐξελαύνω,ἐκ,ἐλαύνω
1982,ἐξελέγχω,ἐκ,ἐλέγχω
1983,ἐξεμέω,ἐκ,ἐμέω
1984,ἐξεμπεδόω,ἐκ,ἐμπεδόω
1985,ἐξεμπολάω,ἐκ,ἐμπολάω
1986,ἐξεναίρω,ἐκ,ἐναίρω
1987,ἐξεναρίζω,ἐκ,ἐναρίζω
1988,ἐξεπίσταμαι,ἐκ,ἐπίσταμαι
1989,ἐξερέθω,ἐκ,ἐρ/εθω
1990,ἐξεράω,ἐκ,ἐράω2
1991,ἐξερέω2,ἐκ,ἐρέω1
1992,ἐξερεείνω,ἐκ,ἐρεείνω
1993,ἐξερείπω,ἐκ,ἐρείπω
1994,ἐξερεύγομαι,ἐκ,ἐρεύγομαι
1995,ἐξερευνάω,ἐκ,ἐρευνάω
1996,ἐξεργάζομαι,ἐκ,ἐργάζομαι
1997,ἐξερημόω,ἐκ,ἐρημόω
1998,ἐξερίζω,ἐκ,ἐρίζω
1999,ἐξερύκω,ἐκ,ἐρύκω
2000,ἐξερύω,ἐκ,ἐρύω
2001,ἐξερέω,ἐκ,ἐρῶ
2002,ἐξερέω1,ἐκ,ἐρῶ
2003,ἐξερωέω,ἐκ,ἐρωέω
2004,ἐξεσθίω,ἐκ,ἐσθίω
2005,ἐξετάζω,ἐκ,ἐτάζω
2006,ἐξείλλω,ἐκ,εἴλω
2007,ἐξειλέω,ἐκ,εἴλω
2008,ἐξείρω,ἐκ,εἴρω
2009,ἐξεῖδον,ἐκ,εἶδον
2010,ἔξειμι1,ἐκ,εἶμι
2011,ἔξειμι2,ἐκ,εἶμι
2012,ἐξεῖπον,ἐκ,εἶπον
2013,ἐξεικάζω,ἐκ,εἰκάζω
2014,ἐξειλύω,ἐκ,εἰλύω
2015,ἔξεστι,ἐκ,εἰμί
2016,ἐξευρίσκω,ἐκ,εὑρίσκω
2017,ἐξεύχομαι,ἐκ,εὔχομαι
2018,ἐξευλαβέομαι,ἐκ,εὐλαβέομαι
2019,ἐξευμαρίζω,ἐκ,εὐμαρίζω
2020,ἐξευμενίζω,ἐκ,εὐμενίζομαι
2021,ἐξευτελίζω,ἐκ,εὐτελίζω
2022,ἐξευτρεπίζω,ἐκ,εὐτρεπίζω
2023,ἐκφαίνω,ἐκ,φαίνω
2024,ἐκφαιδρύνω,ἐκ,φαιδρύνω
2025,ἐκφαυλίζω,ἐκ,φαυλίζω
2026,ἐκφέρω,ἐκ,φέρω
2027,ἐκφεύγω,ἐκ,φεύγω
2028,ἔκφημι,ἐκ,φημί
2029,ἐκφιλέω,ἐκ,φιλέω
2030,ἐκφλαυρίζω,ἐκ,φλαυρίζω
2031,ἐκφλέγω,ἐκ,φλέγω
2032,ἐκφοβέω,ἐκ,φοβέω
2033,ἐκφοινίσσω,ἐκ,φοινίσσω
2034,ἐκφοιτάω,ἐκ,φοιτάω
2035,ἐκφορέω,ἐκ,φορέω
2036,ἐκφορτίζομαι,ἐκ,φορτίζω
2037,ἐκφθείρω,ἐκ,φθείρω
2038,ἐκφθίνω,ἐκ,φθίω
2039,ἐκφράζω,ἐκ,φράζω
2040,ἐκφρέω,ἐκ,φρέω
2041,ἐκφροντίζω,ἐκ,φροντίζω
2042,ἐκφύω,ἐκ,φύω
2043,ἐκφυγγάνω,ἐκ,φυγγάνω
2044,ἐκφυλάσσω,ἐκ,φυλάσσω
2045,ἐκφυσάω,ἐκ,φυσάω
2046,ἐκφυσιάω,ἐκ,φυσιάω
2047,ἐκφωνέω,ἐκ,φωνέω
2048,ἐκγαμίζω,ἐκ,γαμίζω
2049,ἐκγαυρόομαι,ἐκ,γαυρόομαι
2050,ἐκγελάω,ἐκ,γελάω
2051,ἐκγίγνομαι,ἐκ,γίγνομαι
2052,ἐκγλύφω,ἐκ,γλύφω
2053,ἐκγράφω,ἐκ,γράφω
2054,ἐκγυμνόομαι,ἐκ,γυμνόω
2055,ἐξήκω,ἐκ,ἥκω
2056,ἐξηγέομαι,ἐκ,ἡγέομαι
2057,ἐξημερόω,ἐκ,ἡμερόω
2058,ἐξηχέω,ἐκ,ἠχέω
2059,ἐξίημι,ἐκ,ἵημι
2060,ἐξίστημι,ἐκ,ἵστημι
2061,ἐξιδρύω,ἐκ,ἱδρύω
2062,ἐξικετεύω,ἐκ,ἱκετεύω
2063,ἐξικνέομαι,ἐκ,ἱκνέομαι
2064,ἐξιλάσκομαι,ἐκ,ἱλάσκομαι
2065,ἐξιππάζομαι,ἐκ,ἱππάζομαι
2066,ἐξιστορέω,ἐκ,ἱστορέω
2067,ἐξίσχω,ἐκ,ἴσχω
2068,ἐξιάομαι,ἐκ,ἰάομαι
2069,ἐξιδίω,ἐκ,ἰδίω
2070,ἐξιδιόομαι,ἐκ,ἰδιόομαι
2071,ἐξιθύνω,ἐκ,ἰθύνω
2072,ἐξισόω,ἐκ,ἰσόω
2073,ἐξισχύω,ἐκ,ἰσχύω
2074,ἐξιχνεύω,ἐκ,ἰχνεύω
2075,ἐκκάμνω,ἐκ,κάμνω
2076,ἐκκαγχάζω,ἐκ,καγχάζω
2077,ἐκκαίω,ἐκ,καίω
2078,ἐκκακέω,ἐκ,κακέω
2079,ἐκκαλαμάομαι,ἐκ,καλαμάομαι
2080,ἐκκαλέω,ἐκ,καλέω
2081,ἐκκαλύπτω,ἐκ,καλύπτω
2082,ἐκκαθαίρω,ἐκ,καθαίρω
2083,ἐκκαθεύδω,ἐκ,καθεύδω
2084,ἐκκαρπίζομαι,ἐκ,καρπίζω
2085,ἐκκαρπόομαι,ἐκ,καρπόω
2086,ἐκκαυλίζω,ἐκ,καυλίζω
2087,ἐκκαυχάομαι,ἐκ,καυχάομαι
2088,ἔκκειμαι,ἐκ,κεῖμαι
2089,ἐκκενόω,ἐκ,κενόω
2090,ἐκκεραίζω,ἐκ,κεραίζω
2091,ἐκκηραίνω,ἐκ,κηραίνω
2092,ἐκκηρύσσω,ἐκ,κηρύσσω
2093,ἐκκίω,ἐκ,κίω
2094,ἐκκινέω,ἐκ,κινέω
2095,ἐκκλάζω,ἐκ,κλάζω
2096,ἐκκλέπτω,ἐκ,κλέπτω
2097,ἐκκλείω,ἐκ,κλείω1
2098,ἐκκλητεύω,ἐκ,κλητεύω
2099,ἐκκλίνω,ἐκ,κλίνω
2100,ἐκκλύζω,ἐκ,κλύζω
2101,ἐκκνάω,ἐκ,κνάω
2102,ἐκκναίω,ἐκ,κναίω
2103,ἐκκόπτω,ἐκ,κόπτω
2104,ἐκκοβαλικεύομαι,ἐκ,κοβαλικεύομαι
2105,ἐκκοκκίζω,ἐκ,κοκκίζω
2106,ἐκκολάπτω,ἐκ,κολάπτω
2107,ἐκκολυμβάω,ἐκ,κολυμβάω
2108,ἐκκομίζω,ἐκ,κομίζω
2109,ἐκκομπάζω,ἐκ,κομπάζω
2110,ἐκκομψεύομαι,ἐκ,κομψεύω
2111,ἐκκορέω,ἐκ,κορέω
2112,ἐκκορίζω,ἐκ,κορίζομαι
2113,ἐκκορυφόω,ἐκ,κορυφόω
2114,ἐκκουφίζω,ἐκ,κουφίζω
2115,ἐκκράζω,ἐκ,κράζω
2116,ἐκκρέμαμαι,ἐκ,κρεμάννυμι
2117,ἐκκρεμάννυμι,ἐκ,κρεμάννυμι
2118,ἐκκρήμναμαι,ἐκ,κρήμνημι
2119,ἐκκρίνω,ἐκ,κρίνω
2120,ἐκκρούω,ἐκ,κρούω
2121,ἐκκύπτω,ἐκ,κύπτω
2122,ἐκκυβεύομαι,ἐκ,κυβεύω
2123,ἐκκυβιστάω,ἐκ,κυβιστάω
2124,ἐκκυέω,ἐκ,κυέω
2125,ἐκκυκλέω,ἐκ,κυκλέω
2126,ἐκκυλίνδω,ἐκ,κυλίνδω
2127,ἐκκυμαίνω,ἐκ,κυμαίνω
2128,ἐκκυνέω,ἐκ,κυνέω
2129,ἐκκυνηγετέω,ἐκ,κυνηγετέω
2130,ἐκκωφέω,ἐκ,κωφέω
2131,ἐκκωφόω,ἐκ,κωφόω
2132,ἐκκωμάζω,ἐκ,κωμάζω
2133,ἐκλάμπω,ἐκ,λάμπω
2134,ἐκλάπτω,ἐκ,λάπτω
2135,ἐκλαγχάνω,ἐκ,λαγχάνω
2136,ἐκλακτίζω,ἐκ,λακτίζω
2137,ἐκλαλέω,ἐκ,λαλέω
2138,ἐκλαμβάνω,ἐκ,λαμβάνω
2139,ἐκλανθάνω,ἐκ,λανθάνω
2140,ἐκληθάνω,ἐκ,λανθάνω
2141,ἐκλαπάζω,ἐκ,λαπάζω
2142,ἐκλέγω,ἐκ,λέγω2
2143,ἐκλέπω,ἐκ,λέπω
2144,ἐκλείπω,ἐκ,λείπω
2145,ἐκλευκαίνω,ἐκ,λευκαίνω
2146,ἐκλήγω,ἐκ,λήγω
2147,ἐκλιπαίνω,ἐκ,λιπαίνω
2148,ἐκλογίζομαι,ἐκ,λογίζομαι
2149,ἐκλοχεύω,ἐκ,λοχεύω
2150,ἐκλύω,ἐκ,λύω
2151,ἐκλωβάομαι,ἐκ,λωβάομαι
2152,ἐκλωπίζω,ἐκ,λωπίζω
2153,ἐκμάσσω,ἐκ,μάσσω
2154,ἐκμαίνω,ἐκ,μαίνομαι
2155,ἐκμάσσατο,ἐκ,μαίομαι
2156,ἐκμανθάνω,ἐκ,μανθάνω
2157,ἐκμαραίνω,ἐκ,μαραίνω
2158,ἐκμαργόομαι,ἐκ,μαργόομαι
2159,ἐκμαρτυρέω,ἐκ,μαρτυρέω
2160,ἐκμείρομαι,ἐκ,μείρομαι
2161,ἐκμελετάω,ἐκ,μελετάω
2162,ἐκμεθύσκω,ἐκ,μεθύσκω
2163,ἐκμετρέω,ἐκ,μετρέω
2164,ἐκμηνύω,ἐκ,μηνύω
2165,ἐκμηρύομαι,ἐκ,μηρύομαι
2166,ἐκμιμέομαι,ἐκ,μιμέομαι
2167,ἐκμισέω,ἐκ,μισέω
2168,ἐκμισθόω,ἐκ,μισθόω
2169,ἐκμουσόω,ἐκ,μουσόομαι
2170,ἐκμοχθέω,ἐκ,μοχθέω
2171,ἐκμυκτηρίζω,ἐκ,μυκτηρίζω
2172,ἐκμυζάω,ἐκ,μυζάω
2173,ἐκναρκάω,ἐκ,ναρκάω
2174,ἐκνέμομαι,ἐκ,νέμω
2175,ἐκνέω,ἐκ,νέω1
2176,ἐκνεοττεύω,ἐκ,νεοσσεύω
2177,ἐκνεύω,ἐκ,νεύω
2178,ἐκνευρίζω,ἐκ,νευρίζω
2179,ἐκνήφω,ἐκ,νήφω
2180,ἐκνήχομαι,ἐκ,νήχω
2181,ἐκνίζω,ἐκ,νίζω
2182,ἐκνικάω,ἐκ,νικάω
2183,ἐκνοσφίζομαι,ἐκ,νοσφίζομαι
2184,ἐξοδάω,ἐκ,ὁδάω
2185,ἐξοδοιπορέω,ἐκ,ὁδοιπορέω
2186,ἐξομαλίζω,ἐκ,ὁμαλίζω
2187,ἐξομηρεύομαι,ἐκ,ὁμηρεύω
2188,ἐξομιλέω,ἐκ,ὁμιλέω
2189,ἐξομοιόω,ἐκ,ὁμοιόω
2190,ἐξομολογέομαι,ἐκ,ὁμολογέω
2191,ἐξοπλίζω,ἐκ,ὁπλίζω
2192,ἐξοράω,ἐκ,ὁράω
2193,ἐξορίζω,ἐκ,ὁρίζω
2194,ἐξορκίζω,ἐκ,ὁρκίζω
2195,ἐξορκόω,ἐκ,ὁρκόω
2196,ἐξορμάω,ἐκ,ὁρμάω
2197,ἐξορμέω,ἐκ,ὁρμέω
2198,ἐξορμίζω,ἐκ,ὁρμίζω
2199,ἐξοσιόω,ἐκ,ὁσιόω
2200,ἐξόλλυμι,ἐκ,ὄλλυμι
2201,ἐξόμνυμι,ἐκ,ὄμνυμι
2202,ἐξόζω,ἐκ,ὄζω
2203,ἐξοδυνάω,ἐκ,ὀδυνάω
2204,ἐξοφέλλω,ἐκ,ὀφέλλω
2205,ἐξογκόω,ἐκ,ὀγκόω
2206,ἐξοκέλλω,ἐκ,ὀκέλλω
2207,ἐξολισθάνω,ἐκ,ὀλισθάνω
2208,ἐξολολύζω,ἐκ,ὀλολύζω
2209,ἐξολοθρεύω,ἐκ,ὀλοθρεύω
2210,ἐξομματόω,ἐκ,ὀμματόω
2211,ἐξομόργνυμι,ἐκ,ὀμόργνυμι
2212,ἐξονειδίζω,ἐκ,ὀνειδίζω
2213,ἐξονομάζω,ἐκ,ὀνομάζω
2214,ἐξονομαίνω,ἐκ,ὀνομαίνω
2215,ἐξοπτάω,ἐκ,ὀπτάω
2216,ἐξοργίζω,ἐκ,ὀργίζω
2217,ἐξορίνω,ἐκ,ὀρίνω
2218,ἐξορούω,ἐκ,ὀρούω
2219,ἐξορθιάζω,ἐκ,ὀρθιάζω
2220,ἐξορθόω,ἐκ,ὀρθόω
2221,ἐξορύσσω,ἐκ,ὀρύσσω
2222,ἐξορχέομαι,ἐκ,ὀρχέομαι
2223,ἐξοστρακίζω,ἐκ,ὀστρακίζω
2224,ἐξοτρύνω,ἐκ,ὀτρύνω
2225,ἐξοχυρόω,ἐκ,ὀχυρόω
2226,ἐξοίχομαι,ἐκ,οἴχομαι
2227,ἔξοιδα,ἐκ,οἶδα
2228,ἐξοιδέω,ἐκ,οἰδέω
2229,ἐξοικέω,ἐκ,οἰκέω
2230,ἐξοικίζω,ἐκ,οἰκίζω
2231,ἐξοικοδομέω,ἐκ,οἰκοδομέω
2232,ἐξοιμώζω,ἐκ,οἰμώζω
2233,ἐξοινόομαι,ἐκ,οἰνόω
2234,ἐξοιστράω,ἐκ,οἰστράω
2235,ἐξοιωνίζομαι,ἐκ,οἰωνίζομαι
2236,ἐξοιχνέω,ἐκ,οἰχνέω
2237,ἐξουδενόω,ἐκ,οὐδενόω
2238,ἐξουθενέω,ἐκ,οὐθενέω
2239,ἐκπάλλω,ἐκ,πάλλω
2240,ἐκπαίω,ἐκ,παίω1
2241,ἐκπαιδεύω,ἐκ,παιδεύω
2242,ἐκπατάσσω,ἐκ,πατάσσω
2243,ἐκπαύω,ἐκ,παύω
2244,ἐκπέλει,ἐκ,πέλω
2245,ἐκπέμπω,ἐκ,πέμπω
2246,ἐκπέρθω,ἐκ,πέρθω
2247,ἐκπέτομαι,ἐκ,πέτομαι
2248,ἐκπείθω,ἐκ,πείθω
2249,ἐκπειράομαι,ἐκ,πειράω
2250,ἐκπειράζω,ἐκ,πειράζω
2251,ἐκπεπαίνω,ἐκ,πεπαίνω
2252,ἐκπεράω,ἐκ,περάω1
2253,ἐκπεραίνω,ἐκ,περαίνω
2254,ἐκπερδικίζω,ἐκ,περδικίζω
2255,ἐκπετάννυμι,ἐκ,πετάννυμι
2256,ἐκπεύθομαι,ἐκ,πεύθομαι
2257,ἐκπηδάω,ἐκ,πηδάω
2258,ἐκπηνίζομαι,ἐκ,πηνίζομαι
2259,ἐκπίμπλημι,ἐκ,πίμπλημι
2260,ἐκπίνω,ἐκ,πίνω
2261,ἐκπίπτω,ἐκ,πίπτω
2262,ἐκπίτνω,ἐκ,πίπτω
2263,ἐκπιδύομαι,ἐκ,πιδύω
2264,ἐκπιπράσκω,ἐκ,πιπράσκω
2265,ἐκπλέω,ἐκ,πλέω
2266,ἐκπλήγνυμι,ἐκ,πλήσσω
2267,ἐκπλήσσω,ἐκ,πλήσσω
2268,ἐκπληρόω,ἐκ,πληρόω
2269,ἐκπλύνω,ἐκ,πλύνω
2270,ἐκπνέω,ἐκ,πνέω
2271,ἐκποιέω,ἐκ,ποιέω
2272,ἐκπολεμέω,ἐκ,πολεμέω
2273,ἐκπολεμόω,ἐκ,πολεμόω
2274,ἐκπολιορκέω,ἐκ,πολιορκέω
2275,ἐκπομπεύω,ἐκ,πομπεύω
2276,ἐκπονέω,ἐκ,πονέω
2277,ἐκπορεύω,ἐκ,πορεύω
2278,ἐκπορίζω,ἐκ,πορίζω
2279,ἐκπορνεύω,ἐκ,πορνεύω
2280,ἐκπορθέω,ἐκ,πορθέω
2281,ἐκπορθμεύω,ἐκ,πορθμεύω
2282,ἐκποτάομαι,ἐκ,ποτάομαι
2283,ἐκπράσσω,ἐκ,πράσσω
2284,ἐκπρέπω,ἐκ,πρέπω
2285,ἐκπρίασθαι,ἐκ,πρίαμαι
2286,ἐκπρίω,ἐκ,πρίω
2287,ἐκπτερύσσομαι,ἐκ,πτερύσσομαι
2288,ἐκπτήσσω,ἐκ,πτήσσω
2289,ἐκπτοέω,ἐκ,πτοέω
2290,ἐκπτύω,ἐκ,πτύω
2291,ἐκπυνθάνομαι,ἐκ,πυνθάνομαι
2292,ἐκπυρόω,ἐκ,πυρόω
2293,ἐκπωτάομαι,ἐκ,πωτάομαι
2294,ἐκθαμνίζω,ἐκ,θαμνίζω
2295,ἐκθαρρέω,ἐκ,θαρσέω
2296,ἐκθέω,ἐκ,θέω
2297,ἐκθεάομαι,ἐκ,θεάομαι
2298,ἐκθεατρίζω,ἐκ,θεατρίζω
2299,ἐκθειάζω,ἐκ,θειάζω
2300,ἐκθεραπεύω,ἐκ,θεραπεύω
2301,ἐκθερίζω,ἐκ,θερίζω
2302,ἐκθηράομαι,ἐκ,θηράω
2303,ἐκθηριόομαι,ἐκ,θηριόω
2304,ἐκθλίβω,ἐκ,θλίβω
2305,ἐκθνήσκω,ἐκ,θνήσκω
2306,ἐκθοινάομαι,ἐκ,θοινάω
2307,ἐκθρηνέω,ἐκ,θρηνέω
2308,ἐκθρώσκω,ἐκ,θρώσκω
2309,ἐκθυμιάω,ἐκ,θυμιάω
2310,ἐκραίνω,ἐκ,ῥαίνω
2311,ἐκρέω,ἐκ,ῥέω
2312,ἐκρήγνυμι,ἐκ,ῥήγνυμι
2313,ἐκρίπτω,ἐκ,ῥίπτω
2314,ἐκριπίζω,ἐκ,ῥιπίζω
2315,ἐκριζόω,ἐκ,ῥιζόω
2316,ἐκροφέω,ἐκ,ῥοφέω
2317,ἐκρύομαι,ἐκ,ῥύομαι
2318,ἐκσαλάσσω,ἐκ,σαλάσσω
2319,ἐκσείω,ἐκ,σείω
2320,ἐκσεύομαι,ἐκ,σεύω
2321,ἐκσφραγίζομαι,ἐκ,σφραγίζω
2322,ἐκσημαίνω,ἐκ,σημαίνω
2323,ἐκσιγάομαι,ἐκ,σιγάω
2324,ἐκσκεδάννυμι,ἐκ,σκεδάννυμι
2325,ἐκσκευάζω,ἐκ,σκευάζω
2326,ἐκσμάω,ἐκ,σμάω
2327,ἐκσοβέω,ἐκ,σοβέω
2328,ἐκσπάω,ἐκ,σπάω
2329,ἐκσπένδω,ἐκ,σπένδω
2330,ἐκστέφω,ἐκ,στέφω
2331,ἐκστέλλω,ἐκ,στέλλω
2332,ἐκστρατεύω,ἐκ,στρατεύω
2333,ἐκστρατοπεδεύομαι,ἐκ,στρατοπεδεύω
2334,ἐκστρέφω,ἐκ,στρέφω
2335,ἐκσυρίσσω,ἐκ,συρίζω
2336,ἐκσῴζω,ἐκ,σώζω
2337,ἐκσωρεύω,ἐκ,σωρεύω
2338,ἐκτάσσω,ἐκ,τάσσω
2339,ἐκτανύω,ἐκ,τανύω
2340,ἐκταράσσω,ἐκ,ταράσσω
2341,ἐκτέμνω,ἐκ,τέμνω
2342,ἐκτείνω,ἐκ,τείνω
2343,ἐκτειχίζω,ἐκ,τειχίζω
2344,ἐκτεκνόω,ἐκ,τεκνόω
2345,ἐκτελέω,ἐκ,τελέω
2346,ἐκτελευτάω,ἐκ,τελευτάω
2347,ἐκτήκω,ἐκ,τήκω
2348,ἐκτίλλω,ἐκ,τίλλω
2349,ἐκτίνω,ἐκ,τίνω
2350,ἐκτίθημι,ἐκ,τίθημι
2351,ἐκτιμάω,ἐκ,τιμάω
2352,ἐκτινάσσω,ἐκ,τινάσσω
2353,ἐκτιτρώσκω,ἐκ,τιτρώσκω
2354,ἐκτοξεύω,ἐκ,τοξεύω
2355,ἐκτολυπεύω,ἐκ,τολυπεύω
2356,ἐκτοπίζω,ἐκ,τοπίζω
2357,ἐκτορέω,ἐκ,τορέω
2358,ἐκτραγῳδέω,ἐκ,τραγῳδέω
2359,ἐκτραχηλίζω,ἐκ,τραχηλίζω
2360,ἐκτραχύνω,ἐκ,τραχύνω
2361,ἐκτρέφω,ἐκ,τρέφω
2362,ἐκτρέπω,ἐκ,τρέπω
2363,ἐκτρέχω,ἐκ,τρέχω
2364,ἐκτρίβω,ἐκ,τρίβω
2365,ἐκτρυχόω,ἐκ,τρυχόομαι
2366,ἐκτρώγω,ἐκ,τρώγω
2367,ἐκτυφλόω,ἐκ,τυφλόω
2368,ἐκτυπόω,ἐκ,τυπόω
2369,ἐξυβρίζω,ἐκ,ὑβρίζω
2370,ἐξυφαίνω,ἐκ,ὑφαίνω
2371,ἐξυπνίζω,ἐκ,ὑπνίζω
2372,ἐξυπτιάζω,ἐκ,ὑπτιάζω
2373,ἐξωριάζω,ἐκ,ὡριάζω
2374,ἐξωνέομαι,ἐκ,ὠνέομαι
2375,ἐξωθέω,ἐκ,ὠθέω
2376,ἐκχαλάω,ἐκ,χαλάω
2377,ἐκχαλινόω,ἐκ,χαλινόω
2378,ἐκχαυνόω,ἐκ,χαυνόω
2379,ἐκχέω,ἐκ,χέω
2380,ἐκχώννυμαι,ἐκ,χόω
2381,ἐκχορεύω,ἐκ,χορεύω
2382,ἐκχράω,ἐκ,χράω3
2383,ἐκχρηματίζομαι,ἐκ,χρηματίζω
2384,ἐκχωρέω,ἐκ,χωρέω
2385,ἐκψύχω,ἐκ,ψύχω
2386,ἐκζέω,ἐκ,ζέω
2387,ἐκζητέω,ἐκ,ζητέω
2388,ἐκζωπυρέω,ἐκ,ζωπυρέω
2389,ἐμπεδορκέω,ἐμπεδ,ορκέω
2390,ἐναφάπτω,ἐν-ἀπό,ἅπτω
2391,ἐναποδείκνυμαι,ἐν-ἀπό,δείκνυμι
2392,ἐναφίημι,ἐν-ἀπό,ἵημι
2393,ἐναπόκειμαι,ἐν-ἀπό,κεῖμαι
2394,ἐναποκλάω,ἐν-ἀπό,κλάω
2395,ἐναπολογέομαι,ἐν-ἀπό,λογέω
2396,ἐναπονίζω,ἐν-ἀπό,νίζω
2397,ἐναπόλλυμαι,ἐν-ἀπό,ὄλλυμι
2398,ἐναποπνέω,ἐν-ἀπό,πνέω
2399,ἐναποπνίγομαι,ἐν-ἀπό,πνίγω
2400,ἐναποθνήσκω,ἐν-ἀπό,θνήσκω
2401,ἐναποθραύω,ἐν-ἀπό,θραύω
2402,ἐναποσημαίνω,ἐν-ἀπό,σημαίνω
2403,ἐναποτίνω,ἐν-ἀπό,τίνω
2404,ἐναποψύχω,ἐν-ἀπό,ψύχω
2405,ἐνδιάζω,ἐν-διά,ἄζω
2406,ἐνδιαβάλλω,ἐν-διά,βάλλω
2407,ἐνδιημερεύω,ἐν-διά,ἡμερεύω
2408,ἐνδιαθρύπτομαι,ἐν-διά,θρύπτω
2409,ἐνδιατάσσω,ἐν-διά,τάσσω
2410,ἐνδιατρίβω,ἐν-διά,τρίβω
2411,ἐνεπάγομαι,ἐν-ἐπί,ἄγω
2412,ἐνεπιορκέω,ἐν-ἐπί,ὁρκέω
2413,ἐγκαταδέω,ἐν-κατά,δέω1
2414,ἐγκαταδύνω,ἐν-κατά,δύω2
2415,ἐγκαταγηράσκω,ἐν-κατά,γηράσκω
2416,ἐγκαθηβάω,ἐν-κατά,ἡβάω
2417,ἐγκαθίημι,ἐν-κατά,ἵημι
2418,ἐγκαθίστημι,ἐν-κατά,ἵστημι
2419,ἐγκαθιδρύω,ἐν-κατά,ἱδρύω
2420,ἐγκατιλλώπτω,ἐν-κατά,ἰλλώπτω
2421,ἐγκάθημαι,ἐν-κατά,κάθημαι
2422,ἐγκατακαίω,ἐν-κατά,καίω
2423,ἐγκατάκειμαι,ἐν-κατά,κεῖμαι
2424,ἐγκατακλίνω,ἐν-κατά,κλίνω
2425,ἐγκατακοιμάομαι,ἐν-κατά,κοιμάω
2426,ἐγκατακρούω,ἐν-κατά,κρούω
2427,ἐγκαταλαμβάνω,ἐν-κατά,λαμβάνω
2428,ἐγκαταλέγω,ἐν-κατά,λέγω1
2429,ἐγκαταλείπω,ἐν-κατά,λείπω
2430,ἐγκαταλογίζομαι,ἐν-κατά,λογίζομαι
2431,ἐγκαταμίγνυμαι,ἐν-κατά,μίγνυμι
2432,ἐγκαθοράω,ἐν-κατά,ὁράω
2433,ἐγκαθορμίζομαι,ἐν-κατά,ὁρμίζω
2434,ἐγκατοικέω,ἐν-κατά,οἰκέω
2435,ἐγκατοικοδομέω,ἐν-κατά,οἰκοδομέω
2436,ἐγκαταπήγνυμι,ἐν-κατά,πήγνυμι
2437,ἐγκαταπίπτω,ἐν-κατά,πίπτω
2438,ἐγκαταπλέκω,ἐν-κατά,πλέκω
2439,ἐγκαταρράπτω,ἐν-κατά,ῥάπτω
2440,ἐγκατασφάσσω,ἐν-κατά,σφάζω
2441,ἐγκατασκήπτω,ἐν-κατά,σκήπτω
2442,ἐγκατασπείρω,ἐν-κατά,σπείρω
2443,ἐγκαταστοιχειόω,ἐν-κατά,στοιχειόω
2444,ἐγκατατέμνω,ἐν-κατά,τέμνω
2445,ἐγκατατίθεμαι,ἐν-κατά,τίθημι
2446,ἐγκαθυβρίζω,ἐν-κατά,ὑβρίζω
2447,ἐγκαταχέω,ἐν-κατά,χέω
2448,ἐγκαταζεύγνυμι,ἐν-κατά,ζεύγνυμι
2449,ἐμπαρέχω,ἐν-παρά,ἔχω
2450,ἐμπαροινέω,ἐν-παρά,οἰνέω
2451,ἐμπεριπατέω,ἐν-περί,πατέω
2452,ἐνάλλομαι,ἐν,ἅλλομαι
2453,ἐνάπτω,ἐν,ἅπτω
2454,ἐναβρύνομαι,ἐν,ἁβρύνω
2455,ἐναγίζω,ἐν,ἁγίζω
2456,ἐναρμόζω,ἐν,ἁρμόζω
2457,ἐνάγω,ἐν,ἄγω
2458,ἐνάρχομαι,ἐν,ἄρχω
2459,ἐναγκαλίζομαι,ἐν,ἀγκαλίζομαι
2460,ἐναγκυλάω,ἐν,ἀγκυλάω
2461,ἐναγωνίζομαι,ἐν,ἀγωνίζομαι
2462,ἐνακούω,ἐν,ἀκούω
2463,ἐναλείφω,ἐν,ἀλείφω
2464,ἐναλλάσσω,ἐν,ἀλλάσσω
2465,ἐναμβλύνω,ἐν,ἀμβλύνω
2466,ἐναμέλγω,ἐν,ἀμέλγω
2467,ἐναραρίσκω,ἐν,ἀραρίσκω
2468,ἐναριθμέω,ἐν,ἀριθμέω
2469,ἐνασκέω,ἐν,ἀσκέω
2470,ἐνασπιδόομαι,ἐν,ἀσπιδόομαι
2471,ἐνασχημονέω,ἐν,ἀσχημονέω
2472,ἐναιωρέομαι,ἐν,αἰωρέω
2473,ἐναιχμάζω,ἐν,αἰχμάζω
2474,ἐναύω,ἐν,αὔω1
2475,ἐναυξάνω,ἐν,αὐξάνω
2476,ἐναυλίζω,ἐν,αὐλίζομαι
2477,ἐμβάλλω,ἐν,βάλλω
2478,ἐμβάπτω,ἐν,βάπτω
2479,ἐμβαίνω,ἐν,βαίνω
2480,ἐμβαπτίζω,ἐν,βαπτίζω
2481,ἐμβασιλεύω,ἐν,βασιλεύω
2482,ἐμβατεύω,ἐν,βατεύω
2483,ἐμβιβάζω,ἐν,βιβάζω
2484,ἐμβλέπω,ἐν,βλέπω
2485,ἐμβοάω,ἐν,βοάω
2486,ἐμβραδύνω,ἐν,βραδύνω
2487,ἐμβριμάομαι,ἐν,βριμάομαι
2488,ἐμβροντάομαι,ἐν,βροντάω
2489,ἐμβύω,ἐν,βύω
2490,ἐνδάκνω,ἐν,δάκνω
2491,ἐνδαίω1,ἐν,δαίω1
2492,ἐνδαίω2,ἐν,δαίω2
2493,ἐνδακρύω,ἐν,δακρύω
2494,ἐνδατέομαι,ἐν,δατέομαι
2495,ἐνδέμω,ἐν,δέμω
2496,ἐνδέω1,ἐν,δέω1
2497,ἐνδέω2,ἐν,δέω2
2498,ἐνδέχομαι,ἐν,δέχομαι
2499,ἐνδεξιόομαι,ἐν,δεξιόομαι
2500,ἐνδείκνυμι,ἐν,δείκνυμι
2501,ἐνδημέω,ἐν,δημέω
2502,ἐνδίδωμι,ἐν,δίδωμι
2503,ἐνδίημι,ἐν,δίεμαι
2504,ἐνδιαιτάομαι,ἐν,διαιτάω
2505,ἐνδιδύσκω,ἐν,διδύσκω
2506,ἐνδινέω,ἐν,δινεύω
2507,ἐνδουπέω,ἐν,δουπέω
2508,ἐνιδρόω,ἐν,δράω
2509,ἐνδύω,ἐν,δύω2
2510,ἐνδυναμόω,ἐν,δυναμόω
2511,ἐνδυναστεύω,ἐν,δυναστεύω
2512,ἐνδυστυχέω,ἐν,δυστυχέω
2513,ἐνέζομαι,ἐν,ἕζομαι
2514,ἐνελίσσω,ἐν,ἑλίσσω
2515,ἐνεορτάζω,ἐν,ἑορτάζω
2516,ἐνέχω,ἐν,ἔχω
2517,ἐγκωμιάζω,ἐν,ἐγκωμιάζω
2518,ἐνελαύνω,ἐν,ἐλαύνω
2519,ἐνεμέω,ἐν,ἐμέω
2520,ἐνεδρεύω,ἐν,ἐνεδρεύω
2521,ἐνερείδω,ἐν,ἐρείδω
2522,ἐνερεύγομαι,ἐν,ἐρεύγομαι
2523,ἐνεργάζομαι,ἐν,ἐργάζομαι
2524,ἐνεργέω,ἐν,ἐργέω
2525,ἐνεργολαβέω,ἐν,ἐργολαβέω
2526,ἐνεχυράζω,ἐν,ἐχυράζω
2527,ἐνείλλω,ἐν,εἴλω
2528,ἐνειλέω,ἐν,εἴλω
2529,ἐνείρω,ἐν,εἴρω
2530,ἐνεῖδον,ἐν,εἶδον
2531,ἔνειμι,ἐν,εἰμί
2532,ἐνεύδω,ἐν,εὕδω
2533,ἐνευδαιμονέω,ἐν,εὐδαιμονέω
2534,ἐνευδοκιμέω,ἐν,εὐδοκιμέω
2535,ἐνευλογέομαι,ἐν,εὐλογέω
2536,ἐμφαγεῖν,ἐν,φαγεῖν
2537,ἐμφαίνω,ἐν,φαίνω
2538,ἐμφανίζω,ἐν,φανίζω
2539,ἐμφέρβομαι,ἐν,φέρβω
2540,ἐμφέρω,ἐν,φέρω
2541,ἐμφεύγω,ἐν,φεύγω
2542,ἐμφιλοχωρέω,ἐν,φιλοχωρέω
2543,ἐμφλέγω,ἐν,φλέγω
2544,ἐμφορβιόομαι,ἐν,φορβιόομαι
2545,ἐμφορέω,ἐν,φορέω
2546,ἐμφράσσω,ἐν,φράσσω
2547,ἐμφρουρέω,ἐν,φρουρέω
2548,ἐμφύω,ἐν,φύω
2549,ἐμφυσάω,ἐν,φυσάω
2550,ἐμφυσιόω,ἐν,φυσιόω
2551,ἐγγείνωνται,ἐν,γείνομαι
2552,ἐγγελάω,ἐν,γελάω
2553,ἐγγηράσκω,ἐν,γηράσκω
2554,ἐγγίγνομαι,ἐν,γίγνομαι
2555,ἐγγλύφω,ἐν,γλύφω
2556,ἐγγράφω,ἐν,γράφω
2557,ἐγγυαλίζω,ἐν,γυαλίζω
2558,ἐγγυμνάζω,ἐν,γυμνάζω
2559,ἐνῆμαι,ἐν,ἧμαι
2560,ἐνίημι,ἐν,ἵημι
2561,ἐνίστημι,ἐν,ἵστημι
2562,ἐνίζω,ἐν,ἵζω
2563,ἐνιδρύω,ἐν,ἱδρύω
2564,ἐνιππάζομαι,ἐν,ἱππάζομαι
2565,ἐνιππεύω,ἐν,ἱππεύω
2566,ἐνίσχω,ἐν,ἴσχω
2567,ἐνιαύω,ἐν,ἰαύω
2568,ἐγκάμπτω,ἐν,κάμπτω
2569,ἐγκάπτω,ἐν,κάπτω
2570,ἐγκαίω,ἐν,καίω
2571,ἐγκαινίζω,ἐν,καινίζω
2572,ἐγκακέω,ἐν,κακέω
2573,ἐγκαλέω,ἐν,καλέω
2574,ἐγκαλύπτω,ἐν,καλύπτω
2575,ἐγκανάσσω,ἐν,κανάσσω
2576,ἐγκαναχάομαι,ἐν,καναχάομαι
2577,ἐγκαθέζομαι,ἐν,καθέζομαι
2578,ἐγκαθίζω,ἐν,καθίζω
2579,ἐγκαρτερέω,ἐν,καρτερέω
2580,ἐγκείρω,ἐν,κείρω
2581,ἔγκειμαι,ἐν,κεῖμαι
2582,ἐγκελεύω,ἐν,κελεύω
2583,ἐγκεράννυμι,ἐν,κεράννυμι
2584,ἐγκερτομέω,ἐν,κερτομέω
2585,ἐγκιθαρίζω,ἐν,κιθαρίζω
2586,ἐνικλάω,ἐν,κλάω
2587,ἐγκλείω,ἐν,κλείω1
2588,ἐγκλίνω,ἐν,κλίνω
2589,ἐγκόπτω,ἐν,κόπτω
2590,ἐγκοιλαίνω,ἐν,κοιλαίνω
2591,ἐγκοιμίζω,ἐν,κοιμίζω
2592,ἐγκοισυρόομαι,ἐν,κοισυρόομαι
2593,ἐγκολάπτω,ἐν,κολάπτω
2594,ἐγκοληβάζω,ἐν,κοληβάζω
2595,ἐγκολπίζω,ἐν,κολπίζω
2596,ἐγκομβόομαι,ἐν,κομβόομαι
2597,ἐγκονέω,ἐν,κονέω
2598,ἐγκονίομαι,ἐν,κονίω
2599,ἐγκορδυλέω,ἐν,κορδυλέω
2600,ἐγκοσμέω,ἐν,κοσμέω
2601,ἐγκοτέω,ἐν,κοτέω
2602,ἐγκράζω,ἐν,κράζω
2603,ἐγκρίνω,ἐν,κρίνω
2604,ἐγκροτέω,ἐν,κροτέω
2605,ἐγκρούω,ἐν,κρούω
2606,ἐγκρύπτω,ἐν,κρύπτω
2607,ἐγκρυφιάζω,ἐν,κρυφιάζω
2608,ἐγκτάομαι,ἐν,κτάομαι
2609,ἐγκύπτω,ἐν,κύπτω
2610,ἐγκυκάω,ἐν,κυκάω
2611,ἐγκυκλέομαι,ἐν,κυκλέω
2612,ἐγκυκλόω,ἐν,κυκλόω
2613,ἐγκυλίνδω,ἐν,κυλίνδω
2614,ἐγκύρω,ἐν,κυρέω
2615,ἐλλάμπω,ἐν,λάμπω
2616,ἐλλαμπρύνομαι,ἐν,λαμπρύνω
2617,ἐλλείπω,ἐν,λείπω
2618,ἐμμάσσομαι,ἐν,μάσσω
2619,ἐμμάχομαι,ἐν,μάχομαι
2620,ἐμμαίνομαι,ἐν,μαίνομαι
2621,ἐμμεμαώς,ἐν,μέμαα
2622,ἐμμέμονα,ἐν,μέμονα
2623,ἐμμένω,ἐν,μένω
2624,ἐμμειδιάω,ἐν,μειδιάω
2625,ἐμμελετάω,ἐν,μελετάω
2626,ἐμμίγνυμαι,ἐν,μίγνυμι
2627,ἐμμυέω,ἐν,μυέω
2628,ἐνναίω,ἐν,ναίω1
2629,ἐνναυπηγέομαι,ἐν,ναυπηγέω
2630,ἐννεύω,ἐν,νεύω
2631,ἐννοέω,ἐν,νοέω
2632,ἐννυχεύω,ἐν,νυχεύω
2633,ἐνομιλέω,ἐν,ὁμιλέω
2634,ἐνοράω,ἐν,ὁράω
2635,ἐνορμίζω,ἐν,ὁρμίζω
2636,ἐνόρνυμι,ἐν,ὄρνυμι
2637,ἐνολισθάνω,ἐν,ὀλισθάνω
2638,ἐνομόργνυμαι,ἐν,ὀμόργνυμι
2639,ἐνορούω,ἐν,ὀρούω
2640,ἐνοχλέω,ἐν,ὀχλέω
2641,ἐνοικέω,ἐν,οἰκέω
2642,ἐνοικίζω,ἐν,οἰκίζω
2643,ἐνοικοδομέω,ἐν,οἰκοδομέω
2644,ἐνοικουρέω,ἐν,οἰκουρέω
2645,ἐνοινοχοέω,ἐν,οἰνοχοέω
2646,ἐμπάσσω,ἐν,πάσσω
2647,ἐμπαίω,ἐν,παίω1
2648,ἐμπαίζω,ἐν,παίζω
2649,ἐμπακτόω,ἐν,πακτόω
2650,ἐμπαλάσσομαι,ἐν,παλάσσω
2651,ἐμπανηγυρίζω,ἐν,πανηγυρίζω
2652,ἐμπατέω,ἐν,πατέω
2653,ἐμπελάζω,ἐν,πελάζω
2654,ἐμπετάννυμι,ἐν,πετάννυμι
2655,ἐμπήγνυμι,ἐν,πήγνυμι
2656,ἐμπηδάω,ἐν,πηδάω
2657,ἐμπίπλημι,ἐν,πίμπλημι
2658,ἐμπίμπρημι,ἐν,πίμπρημι
2659,ἐμπίνω,ἐν,πίνω
2660,ἐμπίπτω,ἐν,πίπτω
2661,ἐμπίτνω,ἐν,πίπτω
2662,ἐμπικραίνομαι,ἐν,πικραίνω
2663,ἐμπιστεύω,ἐν,πιστεύω
2664,ἐμπλάσσω,ἐν,πλάσσω
2665,ἐμπλέκω,ἐν,πλέκω
2666,ἐμπλέω,ἐν,πλέω
2667,ἐμπλήσσω,ἐν,πλήσσω
2668,ἐμπνέω,ἐν,πνέω
2669,ἐμποδίζω,ἐν,ποδίζω
2670,ἐμποιέω,ἐν,ποιέω
2671,ἐμπολιτεύω,ἐν,πολιτεύω
2672,ἐμπομπεύω,ἐν,πομπεύω
2673,ἐμπορεύομαι,ἐν,πορεύω
2674,ἐμπορπάω,ἐν,πορπάω
2675,ἐμπρέπω,ἐν,πρέπω
2676,ἐμπρήθω,ἐν,πρήθω
2677,ἐμπρίω,ἐν,πρίω
2678,ἐμπτύω,ἐν,πτύω
2679,ἐμπυκάζω,ἐν,πυκάζω
2680,ἐμπυρεύω,ἐν,πυρεύω
2681,ἐνθάπτω,ἐν,θάπτω
2682,ἐνθακέω,ἐν,θακέω
2683,ἐνθεάζω,ἐν,θεάζω
2684,ἐνθερμαίνω,ἐν,θερμαίνω
2685,ἐνθνήσκω,ἐν,θνήσκω
2686,ἐνθρώσκω,ἐν,θρώσκω
2687,ἐνθυμέομαι,ἐν,θυμέω
2688,ἐνθωρακίζω,ἐν,θωρακίζω
2689,ἐνράπτω,ἐν,ῥάπτω
2690,ἐνριγόω,ἐν,ῥιγόω
2691,ἐνσείω,ἐν,σείω
2692,ἐνσφραγίζω,ἐν,σφραγίζω
2693,ἐνσημαίνομαι,ἐν,σημαίνω
2694,ἐνσκέλλω,ἐν,σκέλλω
2695,ἐνσκευάζω,ἐν,σκευάζω
2696,ἐνσκήπτω,ἐν,σκήπτω
2697,ἐνσκίμπτω,ἐν,σκίμπτομαι
2698,ἐνσκιρρόω,ἐν,σκιρρόω
2699,ἐνστάζω,ἐν,στάζω
2700,ἐνσταλάζω,ἐν,σταλάζω
2701,ἐνστέλλω,ἐν,στέλλω
2702,ἐνστηρίζω,ἐν,στηρίζω
2703,ἐνστρατοπεδεύομαι,ἐν,στρατοπεδεύω
2704,ἐνστρέφω,ἐν,στρέφω
2705,ἐντάσσω,ἐν,τάσσω
2706,ἐντανύω,ἐν,τανύω
2707,ἐντέλλω,ἐν,τέλλω
2708,ἐντέμνω,ἐν,τέμνω
2709,ἐντείνω,ἐν,τείνω
2710,ἐντειχίζω,ἐν,τειχίζω
2711,ἐντεκνόομαι,ἐν,τεκνόω
2712,ἐντελευτάω,ἐν,τελευτάω
2713,ἐντευτλανόομαι,ἐν,τευτλανόομαι
2714,ἐντήκω,ἐν,τήκω
2715,ἐντίκτω,ἐν,τίκτω
2716,ἐντίθημι,ἐν,τίθημι
2717,ἐντιλάω,ἐν,τιλάω
2718,ἐντιμάω,ἐν,τιμάω
2719,ἐντορεύω,ἐν,τορεύω
2720,ἐντραγῳδέω,ἐν,τραγῳδέω
2721,ἐντρέφω,ἐν,τρέφω
2722,ἐντρέπω,ἐν,τρέπω
2723,ἐντρέχω,ἐν,τρέχω
2724,ἐντρίβω,ἐν,τρίβω
2725,ἐντροπαλίζομαι,ἐν,τροπαλίζομαι
2726,ἐντρυφάω,ἐν,τρυφάω
2727,ἐντραγεῖν,ἐν,τρώγω
2728,ἐντύφω,ἐν,τύφω
2729,ἐντυγχάνω,ἐν,τυγχάνω
2730,ἐντυλίσσω,ἐν,τυλίσσω
2731,ἐντυπόω,ἐν,τυπόω
2732,ἐνυβρίζω,ἐν,ὑβρίζω
2733,ἐνυφαίνω,ἐν,ὑφαίνω
2734,ἐνωθέω,ἐν,ὠθέω
2735,ἐνωτίζομαι,ἐν,ὠτίζομαι
2736,ἐγχάσκω,ἐν,χάσκω
2737,ἐγχαλινόω,ἐν,χαλινόω
2738,ἐγχαράσσω,ἐν,χαράσσω
2739,ἐγχέω,ἐν,χέω
2740,ἐγχύνω,ἐν,χέω
2741,ἐγχέζω,ἐν,χέζω
2742,ἐγχειρίζω,ἐν,χειρίζω
2743,ἐγχράω,ἐν,χράω1
2744,ἐγχρέμπτομαι,ἐν,χρέμπτομαι
2745,ἐγχρῄζω,ἐν,χρῄζω
2746,ἐγχρίμπτω,ἐν,χρίμπτω
2747,ἐγχρίω,ἐν,χρίω
2748,ἐγχρονίζω,ἐν,χρονίζω
2749,ἐγχρώζομαι,ἐν,χρώζω
2750,ἐγχυτρίζω,ἐν,χυτρίζω
2751,ἐγχωρέω,ἐν,χωρέω
2752,ἐμψυχόω,ἐν,ψυχόω
2753,ἐνζεύγνυμι,ἐν,ζεύγνυμι
2754,ἐπαμπέχω,ἐπί-ἀμφί,ἔχω
2755,ἐπανάγω,ἐπί-ἀνά,ἄγω
2756,ἐπαναγορεύω,ἐπί-ἀνά,ἀγορεύω
2757,ἐπαναλίσκω,ἐπί-ἀνά,ἀναλίσκω
2758,ἐπαναιρέομαι,ἐπί-ἀνά,αἱρέω
2759,ἐπαναίρω,ἐπί-ἀνά,αἴρω
2760,ἐπαναβάλλω,ἐπί-ἀνά,βάλλω
2761,ἐπαναβαίνω,ἐπί-ἀνά,βαίνω
2762,ἐπαναβιβάζω,ἐπί-ἀνά,βιβάζω
2763,ἐπαναβοάω,ἐπί-ἀνά,βοάω
2764,ἐπανέρομαι,ἐπί-ἀνά,ἔρομαι
2765,ἐπανέρχομαι,ἐπί-ἀνά,ἔρχομαι
2766,ἐπανέχω,ἐπί-ἀνά,ἔχω
2767,ἐπανερωτάω,ἐπί-ἀνά,ἐρωτάω
2768,ἐπάνειμι,ἐπί-ἀνά,εἶμι
2769,ἐπανεῖπον,ἐπί-ἀνά,εἶπον
2770,ἐπαναφέρω,ἐπί-ἀνά,φέρω
2771,ἐπανήκω,ἐπί-ἀνά,ἥκω
2772,ἐπανίημι,ἐπί-ἀνά,ἵημι
2773,ἐπανίστημι,ἐπί-ἀνά,ἵστημι
2774,ἐπανισόω,ἐπί-ἀνά,ἰσόω
2775,ἐπανακαλέω,ἐπί-ἀνά,καλέω
2776,ἐπανάκειμαι,ἐπί-ἀνά,κεῖμαι
2777,ἐπανακλαγγάνω,ἐπί-ἀνά,κλαγγαίνω
2778,ἐπανακύπτω,ἐπί-ἀνά,κύπτω
2779,ἐπαναλαμβάνω,ἐπί-ἀνά,λαμβάνω
2780,ἐπαμμένω,ἐπί-ἀνά,μένω
2781,ἐπαναμένω,ἐπί-ἀνά,μένω
2782,ἐπαναμιμνήσκω,ἐπί-ἀνά,μιμνήσκω
2783,ἐπανανεόομαι,ἐπί-ἀνά,νεόω
2784,ἐπανορθόω,ἐπί-ἀνά,ὀρθόω
2785,ἐπαναπαύομαι,ἐπί-ἀνά,παύω
2786,ἐπαναπηδάω,ἐπί-ἀνά,πηδάω
2787,ἐπαναπλέω,ἐπί-ἀνά,πλέω
2788,ἐπαναθεάομαι,ἐπί-ἀνά,θεάομαι
2789,ἐπαναρρήγνυμι,ἐπί-ἀνά,ῥήγνυμι
2790,ἐπαναρρίπτω,ἐπί-ἀνά,ῥίπτω
2791,ἐπανασείω,ἐπί-ἀνά,σείω
2792,ἐπανασκοπέω,ἐπί-ἀνά,σκοπέω
2793,ἐπαναστρέφω,ἐπί-ἀνά,στρέφω
2794,ἐπανατέλλω,ἐπί-ἀνά,τέλλω
2795,ἐπανατείνω,ἐπί-ἀνά,τείνω
2796,ἐπανατίθημι,ἐπί-ἀνά,τίθημι
2797,ἐπανατρέχω,ἐπί-ἀνά,τρέχω
2798,ἐπαναχωρέω,ἐπί-ἀνά,χωρέω
2799,ἐπαφαυαίνομαι,ἐπί-ἀπό,αὐαίνω
2800,ἐπαποδύομαι,ἐπί-ἀπό,δύω2
2801,ἐπαφίημι,ἐπί-ἀπό,ἵημι
2802,ἐπαποπνίγω,ἐπί-ἀπό,πνίγω
2803,ἐπαποθνήσκω,ἐπί-ἀπό,θνήσκω
2804,ἐπιδιαιρέω,ἐπί-διά,αἱρέω
2805,ἐπιδιαβαίνω,ἐπί-διά,βαίνω
2806,ἐπιδιαφέρομαι,ἐπί-διά,φέρω
2807,ἐπιδιαγιγνώσκω,ἐπί-διά,γιγνώσκω
2808,ἐπιδιακρίνω,ἐπί-διά,κρίνω
2809,ἐπιδιορθόομαι,ἐπί-διά,ὀρθόω
2810,ἐπιδιαρρήγνυμαι,ἐπί-διά,ῥήγνυμι
2811,ἐπιδιατάσσομαι,ἐπί-διά,τάσσω
2812,ἐπιδιατίθεμαι,ἐπί-διά,τίθημι
2813,ἐπεκδιηγέομαι,ἐπί-ἐκ-διά,ἡγέομαι
2814,ἐπεξιακχάζω,ἐπί-ἐκ,Ἰακχάζω
2815,ἐπεξαμαρτάνω,ἐπί-ἐκ,ἁμαρτάνω
2816,ἐπεξάγω,ἐπί-ἐκ,ἄγω
2817,ἐπεκβαίνω,ἐπί-ἐκ,βαίνω
2818,ἐπεκβοηθέω,ἐπί-ἐκ,βοηθέω
2819,ἐπεκδιδάσκω,ἐπί-ἐκ,διδάσκω
2820,ἐπεξέρχομαι,ἐπί-ἐκ,ἔρχομαι
2821,ἐπεξελαύνω,ἐπί-ἐκ,ἐλαύνω
2822,ἐπεξεργάζομαι,ἐπί-ἐκ,ἐργάζομαι
2823,ἐπέξειμι,ἐπί-ἐκ,εἶμι
2824,ἐπεξευρίσκω,ἐπί-ἐκ,εὑρίσκω
2825,ἐπεκφέρω,ἐπί-ἐκ,φέρω
2826,ἐπεξηγέομαι,ἐπί-ἐκ,ἡγέομαι
2827,ἐπεκπίνω,ἐπί-ἐκ,πίνω
2828,ἐπεκτείνω,ἐπί-ἐκ,τείνω
2829,ἐπεκτρέχω,ἐπί-ἐκ,τρέχω
2830,ἐπεκχωρέω,ἐπί-ἐκ,χωρέω
2831,ἐπεμβάλλω,ἐπί-ἐν,βάλλω
2832,ἐπεμβαίνω,ἐπί-ἐν,βαίνω
2833,ἐπενδίδωμι,ἐπί-ἐν,δίδωμι
2834,ἐπενδύνω,ἐπί-ἐν,δύω2
2835,ἐπεγγελάω,ἐπί-ἐν,γελάω
2836,ἐπεγκάπτω,ἐπί-ἐν,κάπτω
2837,ἐπεγκελεύω,ἐπί-ἐν,κελεύω
2838,ἐπεμπηδάω,ἐπί-ἐν,πηδάω
2839,ἐπεμπίπτω,ἐπί-ἐν,πίπτω
2840,ἐπενθρώσκω,ἐπί-ἐν,θρώσκω
2841,ἐπεντανύω,ἐπί-ἐν,τανύω
2842,ἐπεντέλλω,ἐπί-ἐν,τέλλω
2843,ἐπεντείνω,ἐπί-ἐν,τείνω
2844,ἐπεγχέω,ἐπί-ἐν,χέω
2845,ἐπεισάγω,ἐπί-εἰς,ἄγω
2846,ἐπεισβάλλω,ἐπί-εἰς,βάλλω
2847,ἐπεισβαίνω,ἐπί-εἰς,βαίνω
2848,ἐπεισέρχομαι,ἐπί-εἰς,ἔρχομαι
2849,ἐπείσειμι,ἐπί-εἰς,εἶμι
2850,ἐπεισφέρω,ἐπί-εἰς,φέρω
2851,ἐπεισφρέω,ἐπί-εἰς,φρέω
2852,ἐπεισκυκλέω,ἐπί-εἰς,κυκλέω
2853,ἐπεισκωμάζω,ἐπί-εἰς,κωμάζω
2854,ἐπεισπαίω,ἐπί-εἰς,παίω1
2855,ἐπεισπηδάω,ἐπί-εἰς,πηδάω
2856,ἐπεισπίπτω,ἐπί-εἰς,πίπτω
2857,ἐπεισπλέω,ἐπί-εἰς,πλέω
2858,ἐπεισρέω,ἐπί-εἰς,ῥέω
2859,ἐπικατάγομαι,ἐπί-κατά,ἄγω
2860,ἐπικαθαιρέω,ἐπί-κατά,αἱρέω
2861,ἐπικαταίρω,ἐπί-κατά,αἴρω
2862,ἐπικαταβάλλω,ἐπί-κατά,βάλλω
2863,ἐπικαταβαίνω,ἐπί-κατά,βαίνω
2864,ἐπικαταδαρθάνω,ἐπί-κατά,δαρθάνω
2865,ἐπικατέχω,ἐπί-κατά,ἔχω
2866,ἐπικάτειμι,ἐπί-κατά,εἶμι
2867,ἐπικάθημαι,ἐπί-κατά,κάθημαι
2868,ἐπικατακλύζω,ἐπί-κατά,κλύζω
2869,ἐπικατακοιμάομαι,ἐπί-κατά,κοιμάω
2870,ἐπικαταλαμβάνω,ἐπί-κατά,λαμβάνω
2871,ἐπικαταμένω,ἐπί-κατά,μένω
2872,ἐπικαταπίπτω,ἐπί-κατά,πίπτω
2873,ἐπικαταρρέω,ἐπί-κατά,ῥέω
2874,ἐπικαταρρήγνυμαι,ἐπί-κατά,ῥήγνυμι
2875,ἐπικαταρριπτέω,ἐπί-κατά,ῥίπτω
2876,ἐπικατασφάζω,ἐπί-κατά,σφάζω
2877,ἐπικατατέμνω,ἐπί-κατά,τέμνω
2878,ἐπικαταψεύδομαι,ἐπί-κατά,ψεύδω
2879,ἐπιμεταπέμπομαι,ἐπί-μετά,πέμπω
2880,ἐπιπάρειμι2,ἐπί-παρά,εἶμι
2881,ἐπιπάρειμι1,ἐπί-παρά,εἰμί
2882,ἐπιπαρανέω,ἐπί-παρά,νέω4
2883,ἐπιπαρασκευάζομαι,ἐπί-παρά,σκευάζω
2884,ἐπιπροβάλλω,ἐπί-πρό,βάλλω
2885,ἐπιπροίημι,ἐπί-πρό,ἵημι
2886,ἐπιπροιάλλω,ἐπί-πρό,ἰάλλω
2887,ἐπιπροχέω,ἐπί-πρό,χέω
2888,ἐπιπροσθέω,ἐπί-πρός,θέω
2889,ἐπισυνάπτω,ἐπί-σύν,ἅπτω
2890,ἐπισυνάγω,ἐπί-σύν,ἄγω
2891,ἐπισυνδίδωμι,ἐπί-σύν,δίδωμι
2892,ἐπισυντρέχω,ἐπί-σύν,τρέχω
2893,ἐφάλλομαι,ἐπί,ἅλλομαι
2894,ἐφάπτω,ἐπί,ἅπτω
2895,ἐπαφάω,ἐπί,ἁφάω
2896,ἐφαγιστεύω,ἐπί,ἁγιστεύω
2897,ἐφαγνίζω,ἐπί,ἁγνίζω
2898,ἐπαμαξεύω,ἐπί,ἁμαξεύω
2899,ἐφανδάνω,ἐπί,ἁνδάνω
2900,ἐφαπλόω,ἐπί,ἁπλόω
2901,ἐφαρμόζω,ἐπί,ἁρμόζω
2902,ἐπάγνυμι,ἐπί,ἄγνυμι
2903,ἐπάγω,ἐπί,ἄγω
2904,ἐπάρδω,ἐπί,ἄρδω
2905,ἐπάρχω,ἐπί,ἄρχω
2906,ἐπάχθομαι,ἐπί,ἄχθομαι
2907,ἐπαξιόω,ἐπί,ἀξιόω
2908,ἐπαέξω,ἐπί,ἀέξω
2909,ἐπαείδω,ἐπί,ἀείδω
2910,ἐπαφρίζω,ἐπί,ἀφρίζω
2911,ἐπαφύσσω,ἐπί,ἀφύσσω
2912,ἐπαγάλλομαι,ἐπί,ἀγάλλω
2913,ἐπαγανακτέω,ἐπί,ἀγανακτέω
2914,ἐπαγείρω,ἐπί,ἀγείρω
2915,ἐπαγγέλλω,ἐπί,ἀγγέλλω
2916,ἐπαγινέω,ἐπί,ἀγινέω
2917,ἐπαγλαίζω,ἐπί,ἀγλαίζω
2918,ἐπαγρυπνέω,ἐπί,ἀγρυπνέω
2919,ἐπαγωνίζομαι,ἐπί,ἀγωνίζομαι
2920,ἐπαίσσω,ἐπί,ἀίσσω
2921,ἐπαίω,ἐπί,ἀίω1
2922,ἐπακμάζω,ἐπί,ἀκμάζω
2923,ἐπακολουθέω,ἐπί,ἀκολουθέω
2924,ἐπακούω,ἐπί,ἀκούω
2925,ἐπακρίζω,ἐπί,ἀκρίζω
2926,ἐπαλάομαι,ἐπί,ἀλάομαι
2927,ἐπαλαλάζω,ἐπί,ἀλαλάζω
2928,ἐπαλαστέω,ἐπί,ἀλαστέω
2929,ἐπαλέξω,ἐπί,ἀλέξω
2930,ἐπαλείφω,ἐπί,ἀλείφω
2931,ἐπαλγέω,ἐπί,ἀλγέω
2932,ἐπαληθεύω,ἐπί,ἀληθεύω
2933,ἐπαλλάσσω,ἐπί,ἀλλάσσω
2934,ἐπαμάομαι,ἐπί,ἀμάω
2935,ἐπαμείβω,ἐπί,ἀμείβω
2936,ἐπαμφοτερίζω,ἐπί,ἀμφοτερίζω
2937,ἐπαμύνω,ἐπί,ἀμύνω
2938,ἐπαναγκάζω,ἐπί,ἀναγκάζω
2939,ἐπανδιπλάζω,ἐπί,ἀνδιπλάζω
2940,ἐπανηλογέω,ἐπί,ἀνηλογέω
2941,ἐπανθέω,ἐπί,ἀνθέω
2942,ἐπανθίζω,ἐπί,ἀνθίζω
2943,ἐπανθοπλοκέω,ἐπί,ἀνθοπλοκέω
2944,ἐπαντιάζω,ἐπί,ἀντιάζω
2945,ἐπαντλέω,ἐπί,ἀντλέω
2946,ἐπανύω,ἐπί,ἀνύω
2947,ἐπαπειλέω,ἐπί,ἀπειλέω2
2948,ἐπαθροίζομαι,ἐπί,ἀθροίζω
2949,ἐπαράομαι,ἐπί,ἀράομαι
2950,ἐπαράσσω,ἐπί,ἀράσσω
2951,ἐπαραρίσκω,ἐπί,ἀραρίσκω
2952,ἐπαρήγω,ἐπί,ἀρήγω
2953,ἐπαρκέω,ἐπί,ἀρκέω
2954,ἐπαρτάω,ἐπί,ἀρτάω
2955,ἐπαρτύω,ἐπί,ἀρτύω
2956,ἐπασκέω,ἐπί,ἀσκέω
2957,ἐπαστράπτω,ἐπί,ἀστράπτω
2958,ἐπαυτέω,ἐπί,ἀυτέω
2959,ἐφαιρέομαι,ἐπί,αἱρέω
2960,ἐπαίθω,ἐπί,αἴθω
2961,ἐπαίρω,ἐπί,αἴρω
2962,ἐπαιάζω,ἐπί,αἰάζω
2963,ἐπαιδέομαι,ἐπί,αἰδέομαι
2964,ἐπαιγίζω,ἐπί,αἰγίζω
2965,ἐπαινέω,ἐπί,αἰνέω
2966,ἐπαισθάνομαι,ἐπί,αἰσθάνομαι
2967,ἐπαισχύνομαι,ἐπί,αἰσχύνω
2968,ἐπαιτέω,ἐπί,αἰτέω
2969,ἐπαιτιάομαι,ἐπί,αἰτιάομαι
2970,ἐπαιωρέω,ἐπί,αἰωρέω
2971,ἐπαύω,ἐπί,αὔω2
2972,ἐπαυξάνω,ἐπί,αὐξάνω
2973,ἐπαυδάομαι,ἐπί,αὐδάω
2974,ἐπαυγάζομαι,ἐπί,αὐγάζω
2975,ἐπαυλέω,ἐπί,αὐλέω
2976,ἐπαυλίζομαι,ἐπί,αὐλίζομαι
2977,ἐπαυχέω,ἐπί,αὐχέω
2978,ἐπιβάλλω,ἐπί,βάλλω
2979,ἐπιβάσκω,ἐπί,βάσκω
2980,ἐπιβαίνω,ἐπί,βαίνω
2981,ἐπιβαστάζω,ἐπί,βαστάζω
2982,ἐπιβατεύω,ἐπί,βατεύω
2983,ἐπιβήσσω,ἐπί,βήσσω
2984,ἐπιβιβάζω,ἐπί,βιβάζω
2985,ἐπιβιόω,ἐπί,βιόω
2986,ἐπιβλέπω,ἐπί,βλέπω
2987,ἐπιβλύζω,ἐπί,βλύζω
2988,ἐπιμολεῖν,ἐπί,βλώσκω
2989,ἐπιβόσκομαι,ἐπί,βόσκω
2990,ἐπιβοάω,ἐπί,βοάω
2991,ἐπιβοηθέω,ἐπί,βοηθέω
2992,ἐπιβομβέω,ἐπί,βομβέω
2993,ἐπιβουλεύω,ἐπί,βουλεύω
2994,ἐπιβρέμω,ἐπί,βρέμω
2995,ἐπιβρίθω,ἐπί,βρίθω
2996,ἐπιβροντάω,ἐπί,βροντάω
2997,ἐπιβρύκω,ἐπί,βρύκω
2998,ἐπιβρύω,ἐπί,βρύω
2999,ἐπιβύω,ἐπί,βύω
3000,ἐπιβωστρέω,ἐπί,βωστρέω
3001,ἐπιξενόομαι,ἐπί,ξενόω
3002,ἐπιδάμναμαι,ἐπί,δάμνημι
3003,ἐπιδαίομαι1,ἐπί,δαίω1
3004,ἐπιδαίομαι2,ἐπί,δαίω2
3005,ἐπιδακρύω,ἐπί,δακρύω
3006,ἐπιδανείζω,ἐπί,δανείζω
3007,ἐπιδαψιλεύομαι,ἐπί,δαψιλεύομαι
3008,ἐπιδέρκομαι,ἐπί,δέρκομαι
3009,ἐπιδέω1,ἐπί,δέω1
3010,ἐπιδέω2,ἐπί,δέω2
3011,ἐπιδέχομαι,ἐπί,δέχομαι
3012,ἐπιδείκνυμι,ἐπί,δείκνυμι
3013,ἐπιδειπνέω,ἐπί,δειπνέω
3014,ἐπιδεσμεύω,ἐπί,δεσμεύω
3015,ἐπιδεσπόζω,ἐπί,δεσπόζω
3016,ἐπιδεύομαι,ἐπί,δεύω1
3017,ἐπιδεύω,ἐπί,δεύω2
3018,ἐπιδημέω,ἐπί,δημέω
3019,ἐπιδημεύω,ἐπί,δημεύω
3020,ἐπιδίδωμι,ἐπί,δίδωμι
3021,ἐπιδίζημαι,ἐπί,δίζημαι
3022,ἐπιδιδάσκω,ἐπί,διδάσκω
3023,ἐπιδικάζω,ἐπί,δικάζω
3024,ἐπιδινέω,ἐπί,δινεύω
3025,ἐπιδιπλοίζω,ἐπί,διπλοίζω
3026,ἐπιδιώκω,ἐπί,διώκω
3027,ἐπιδουπέω,ἐπί,δουπέω
3028,ἐπιγδουπέω,ἐπί,δουπέω
3029,ἐπιδράσσομαι,ἐπί,δράσσομαι
3030,ἐπιδύω,ἐπί,δύω2
3031,ἐφέλκω,ἐπί,ἕλκω
3032,ἐπιέννυμι,ἐπί,ἕννυμι
3033,ἐφέπω,ἐπί,ἕπομαι
3034,ἐφέρπω,ἐπί,ἕρπω
3035,ἐφέζομαι,ἐπί,ἕζομαι
3036,ἐφεδρήσσω,ἐπί,ἑδρήσσω
3037,ἐφερπύζω,ἐπί,ἑρπύζω
3038,ἐφεψιάομαι,ἐπί,ἑψιάομαι
3039,ἐπέλπομαι,ἐπί,ἔλπω
3040,ἐπέοικε,ἐπί,ἔοικα
3041,ἐπέρομαι,ἐπί,ἔρομαι
3042,ἐπέρχομαι,ἐπί,ἔρχομαι
3043,ἐπέχω,ἐπί,ἔχω
3044,ἐπώχατο,ἐπί,ἔχω
3045,ἐπεγείρω,ἐπί,ἐγείρω
3046,ἐπελαύνω,ἐπί,ἐλαύνω
3047,ἐπελπίζω,ἐπί,ἐλπίζω
3048,ἐπεναρίζω,ἐπί,ἐναρίζω
3049,ἐφεδρεύω,ἐπί,ἐνεδρεύω
3050,ἐπαυρέω,ἐπί,ἐπαυρέω
3051,ἐπιμελέομαι,ἐπί,ἐπιμελέομαι
3052,ἐπιτηδεύω,ἐπί,ἐπιτηδεύω
3053,ἐπερέφω,ἐπί,ἐρέφω
3054,ἐπερείδω,ἐπί,ἐρείδω
3055,ἐπερεθίζω,ἐπί,ἐρεθίζω
3056,ἐπεργάζομαι,ἐπί,ἐργάζομαι
3057,ἐπερύω,ἐπί,ἐρύω
3058,ἐπερωτάω,ἐπί,ἐρωτάω
3059,ἐπεσθίω,ἐπί,ἐσθίω
3060,ἐπεῖδον,ἐπί,εἶδον
3061,ἔπειμι2,ἐπί,εἶμι
3062,ἐπεῖπον,ἐπί,εἶπον
3063,ἐπεικάζω,ἐπί,εἰκάζω
3064,ἔπειμι1,ἐπί,εἰμί
3065,ἐφευρίσκω,ἐπί,εὑρίσκω
3066,ἐπεύχομαι,ἐπί,εὔχομαι
3067,ἐπευφημέω,ἐπί,εὐφημέω
3068,ἐπευκλείζω,ἐπί,εὐκλείζω
3069,ἐπευθύνω,ἐπί,εὐθύνω
3070,ἐπευωνίζω,ἐπί,εὐωνίζω
3071,ἐπιφαίνω,ἐπί,φαίνω
3072,ἐπιφαύω,ἐπί,φαύω
3073,ἐπιφέρω,ἐπί,φέρω
3074,ἐπιφημίζω,ἐπί,φημίζω
3075,ἐπιφιλοπονέομαι,ἐπί,φιλοπονέω
3076,ἐπιφλέγω,ἐπί,φλέγω
3077,ἐπιφοιτάω,ἐπί,φοιτάω
3078,ἐπιφορέω,ἐπί,φορέω
3079,ἐπιφθάνω,ἐπί,φθάνω
3080,ἐπιφθέγγομαι,ἐπί,φθέγγομαι
3081,ἐπιφθονέω,ἐπί,φθονέω
3082,ἐπιφθύζω,ἐπί,φθύζω
3083,ἐπιφράσσω,ἐπί,φράσσω
3084,ἐπιφράζω,ἐπί,φράζω
3085,ἐπιφρονέω,ἐπί,φρονέω
3086,ἐπιφύω,ἐπί,φύω
3087,ἐπιφυτεύω,ἐπί,φυτεύω
3088,ἐπιφώσκω,ἐπί,φώσκω
3089,ἐπιφωνέω,ἐπί,φωνέω
3090,ἐπιγαμβρεύω,ἐπί,γαμβρεύω
3091,ἐπιγαμέω,ἐπί,γαμέω
3092,ἐπιγαυρόομαι,ἐπί,γαυρόομαι
3093,ἐπιγελάω,ἐπί,γελάω
3094,ἐπιγεραίρω,ἐπί,γεραίρω
3095,ἐπιγηθέω,ἐπί,γηθέω
3096,ἐπιγίγνομαι,ἐπί,γίγνομαι
3097,ἐπιγιγνώσκω,ἐπί,γιγνώσκω
3098,ἐπιγλωσσάομαι,ἐπί,γλωσσάομαι
3099,ἐπιγνάμπτω,ἐπί,γνάμπτω
3100,ἐπιγνωρίζω,ἐπί,γνωρίζω
3101,ἐπιγράφω,ἐπί,γράφω
3102,ἐφήδομαι,ἐπί,ἥδομαι
3103,ἐφήκω,ἐπί,ἥκω
3104,ἐφηβάω,ἐπί,ἡβάω
3105,ἐφηβεύω,ἐπί,ἡβάω
3106,ἐφηγέομαι,ἐπί,ἡγέομαι
3107,ἐπηγορεύω,ἐπί,ἠγορεύω
3108,ἐπηλυγάζω,ἐπί,ἠλυγάζω
3109,ἐπημύω,ἐπί,ἠμύω
3110,ἐπηπύω,ἐπί,ἠπύω
3111,ἐπηρεάζω,ἐπί,ἠρεάζω
3112,ἐπηχέω,ἐπί,ἠχέω
3113,ἐφίημι,ἐπί,ἵημι
3114,ἐφίστημι,ἐπί,ἵστημι
3115,ἐφίζω,ἐπί,ἵζω
3116,ἐφικάνω,ἐπί,ἱκάνω
3117,ἐφικνέομαι,ἐπί,ἱκνέομαι
3118,ἐφιμείρω,ἐπί,ἱμείρω
3119,ἐφιππάζομαι,ἐπί,ἱππάζομαι
3120,ἐφιππεύω,ἐπί,ἱππεύω
3121,ἐφιζάνω,ἐπί,ἱζάνω
3122,ἐπίσχω,ἐπί,ἴσχω
3123,ἐπιάλλω,ἐπί,ἰάλλω
3124,ἐπιάχω,ἐπί,ἰάχω
3125,ἐπιαύω,ἐπί,ἰαύω
3126,ἐπιθύνω,ἐπί,ἰθύνω
3127,ἐπισχύω,ἐπί,ἰσχύω
3128,ἐπικάμπτω,ἐπί,κάμπτω
3129,ἔφημαι,ἐπί,κάθημαι
3130,ἐπικαίνυμαι,ἐπί,καίνυμαι
3131,ἐπικαίω,ἐπί,καίω
3132,ἐπικαινόω,ἐπί,καινόω
3133,ἐπικαλαμάομαι,ἐπί,καλαμάομαι
3134,ἐπικαλέω,ἐπί,καλέω
3135,ἐπικαλύπτω,ἐπί,καλύπτω
3136,ἐπικαθεύδω,ἐπί,καθεύδω
3137,ἐπικαθίζω,ἐπί,καθίζω
3138,ἐπικέλλω,ἐπί,κέλλω
3139,ἐπικέλομαι,ἐπί,κέλομαι
3140,ἐπικείρω,ἐπί,κείρω
3141,ἐπίκειμαι,ἐπί,κεῖμαι
3142,ἐπικελαδέω,ἐπί,κελαδέω
3143,ἐπικελεύω,ἐπί,κελεύω
3144,ἐπικεντρίζω,ἐπί,κεντρίζω
3145,ἐπικεράννυμι,ἐπί,κεράννυμι
3146,ἐπικερδαίνω,ἐπί,κερδαίνω
3147,ἐπικερτομέω,ἐπί,κερτομέω
3148,ἐπικεύθω,ἐπί,κεύθω
3149,ἐπικηρύσσω,ἐπί,κηρύσσω
3150,ἐπικηρυκεύομαι,ἐπί,κηρυκεύω
3151,ἐπικίδνημι,ἐπί,κίδνημι
3152,ἐπικινδυνεύομαι,ἐπί,κινδυνεύω
3153,ἐπικίχρημι,ἐπί,κιχρημι
3154,ἐπικλάω,ἐπί,κλάω
3155,ἐπικλείω1,ἐπί,κλείω1
3156,ἐπικλείω2,ἐπί,κλείω2
3157,ἐπικληρόω,ἐπί,κληρόω
3158,ἐπικλίνω,ἐπί,κλίνω
3159,ἐπικλύω,ἐπί,κλύω
3160,ἐπικλύζω,ἐπί,κλύζω
3161,ἐπικλώθω,ἐπί,κλώθω
3162,ἐπιγνάπτω,ἐπί,κνάπτω
3163,ἐπικνάω,ἐπί,κνάω
3164,ἐπικνίζω,ἐπί,κνίζω
3165,ἐπικόπτω,ἐπί,κόπτω
3166,ἐπικοιμάομαι,ἐπί,κοιμάω
3167,ἐπικοινόομαι,ἐπί,κοινόω
3168,ἐπικοινωνέω,ἐπί,κοινωνέω
3169,ἐπικομπάζω,ἐπί,κομπάζω
3170,ἐπικομπέω,ἐπί,κομπέω
3171,ἐπικορύσσομαι,ἐπί,κορύσσω
3172,ἐπικοσμέω,ἐπί,κοσμέω
3173,ἐπικουφίζω,ἐπί,κουφίζω
3174,ἐπικράζω,ἐπί,κράζω
3175,ἐπικραίνω,ἐπί,κραίνω
3176,ἐπικρατέω,ἐπί,κρατέω
3177,ἐπικρεμάννυμι,ἐπί,κρεμάννυμι
3178,ἐπικρίνω,ἐπί,κρίνω
3179,ἐπικροτέω,ἐπί,κροτέω
3180,ἐπικρούω,ἐπί,κρούω
3181,ἐπικρύπτω,ἐπί,κρύπτω
3182,ἐπικρώζω,ἐπί,κρώζω
3183,ἐπικτάομαι,ἐπί,κτάομαι
3184,ἐπικτείνω,ἐπί,κτείνω
3185,ἐπικτυπέω,ἐπί,κτυπέω
3186,ἐπικύπτω,ἐπί,κύπτω
3187,ἐπικυίσκομαι,ἐπί,κυίσκομαι
3188,ἐπικυκλέω,ἐπί,κυκλέω
3189,ἐπικυμαίνω,ἐπί,κυμαίνω
3190,ἐπικύρω,ἐπί,κυρέω
3191,ἐπικυρόω,ἐπί,κυρόω
3192,ἐπικυρτόω,ἐπί,κυρτόω
3193,ἐπικωκύω,ἐπί,κωκύω
3194,ἐπικωλύω,ἐπί,κωλύω
3195,ἐπικωμάζω,ἐπί,κωμάζω
3196,ἐπικωμῳδέω,ἐπί,κωμῳδέω
3197,ἐπιλάμπω,ἐπί,λάμπω
3198,ἐπιλάζυμαι,ἐπί,λάζομαι
3199,ἐπιλαγχάνω,ἐπί,λαγχάνω
3200,ἐπιλαμβάνω,ἐπί,λαμβάνω
3201,ἐπιλαμπρύνω,ἐπί,λαμπρύνω
3202,ἐπιλανθάνομαι,ἐπί,λανθάνω
3203,ἐπιλήθω,ἐπί,λανθάνω
3204,ἐπιλέγω,ἐπί,λέγω2
3205,ἐπιλέπω,ἐπί,λέπω
3206,ἐπιλεαίνω,ἐπί,λεαίνω
3207,ἐπιλείβω,ἐπί,λείβω
3208,ἐπιλείπω,ἐπί,λείπω
3209,ἐπιλεύσσω,ἐπί,λεύσσω
3210,ἐπιληκέω,ἐπί,ληκέω
3211,ἐπιλιμνάζομαι,ἐπί,λιμνάζω
3212,ἐπιλιπαίνω,ἐπί,λιπαίνω
3213,ἐπιλιχμάω,ἐπί,λιχμάω
3214,ἐπιλογίζομαι,ἐπί,λογίζομαι
3215,ἐπιλύω,ἐπί,λύω
3216,ἐπιλυπέω,ἐπί,λυπέω
3217,ἐπιλωβεύω,ἐπί,λωβεύω
3218,ἐπιμάσσομαι,ἐπί,μάσσω
3219,ἐπιμαίνομαι,ἐπί,μαίνομαι
3220,ἐπιμαίομαι,ἐπί,μαίομαι
3221,ἐπιμανθάνω,ἐπί,μανθάνω
3222,ἐπιμαρτύρομαι,ἐπί,μαρτύρομαι
3223,ἐπιμαρτυρέω,ἐπί,μαρτυρέω
3224,ἐπιμαχέω,ἐπί,μαχέω
3225,ἐπιμέλπω,ἐπί,μέλπω
3226,ἐπιμέμφομαι,ἐπί,μέμφομαι
3227,ἐπιμέμονα,ἐπί,μέμονα
3228,ἐπιμένω,ἐπί,μένω
3229,ἐπιμειδάω,ἐπί,μειδάω
3230,ἐπιμειδιάω,ἐπί,μειδιάω
3231,ἐπιμετρέω,ἐπί,μετρέω
3232,ἐπιμήδομαι,ἐπί,μήδομαι
3233,ἐπιμηνίω,ἐπί,μηνίω
3234,ἐπιμηχανάομαι,ἐπί,μηχανάομαι
3235,ἐπιμίγνυμι,ἐπί,μίγνυμι
3236,ἐπιμίσγω,ἐπί,μίγνυμι
3237,ἐπιμίμνω,ἐπί,μίμνω
3238,ἐπιμιμνήσκομαι,ἐπί,μιμνήσκω
3239,ἐπιμύω,ἐπί,μύω
3240,ἐπιμύζω,ἐπί,μύζω
3241,ἐπιμυθέομαι,ἐπί,μυθέομαι
3242,ἐπινέμω,ἐπί,νέμω
3243,ἐπινέω3,ἐπί,νέω1
3244,ἐπινέω1,ἐπί,νέω2
3245,ἐπινέω2,ἐπί,νέω3
3246,ἐπινεύω,ἐπί,νεύω
3247,ἐπινήχομαι,ἐπί,νήχω
3248,ἐπινηνέω,ἐπί,νηνέω
3249,ἐπινίφω,ἐπί,νίφω
3250,ἐπινίσσομαι,ἐπί,νίσσομαι
3251,ἐπινοέω,ἐπί,νοέω
3252,ἐπινυστάζω,ἐπί,νυστάζω
3253,ἐπινωμάω,ἐπί,νωμάω
3254,ἐπινωτίζω,ἐπί,νωτίζω
3255,ἐφοδεύω,ἐπί,ὁδεύω
3256,ἐφοδιάζω,ἐπί,ὁδιάζω
3257,ἐφομαρτέω,ἐπί,ὁμαρτέω
3258,ἐφοπλίζω,ἐπί,ὁπλίζω
3259,ἐφοράω,ἐπί,ὁράω
3260,ἐποράω,ἐπί,ὁράω
3261,ἐφορεύω,ἐπί,ὁρεύω
3262,ἐπιορκέω,ἐπί,ὁρκέω
3263,ἐφορμάω,ἐπί,ὁρμάω
3264,ἐφορμαίνω,ἐπί,ὁρμαίνω
3265,ἐφορμέω,ἐπί,ὁρμέω
3266,ἐφορμίζω,ἐπί,ὁρμίζω
3267,ἐπόμνυμι,ἐπί,ὄμνυμι
3268,ἐπόρνυμι,ἐπί,ὄρνυμι
3269,ἐπιόσσομαι,ἐπί,ὄσσομαι
3270,ἐποδύρομαι,ἐπί,ὀδύρομαι
3271,ἐποφείλω,ἐπί,ὀφείλω
3272,ἐποφθαλμιάω,ἐπί,ὀφθαλμιάω
3273,ἐποκέλλω,ἐπί,ὀκέλλω
3274,ἐπολισθάνω,ἐπί,ὀλισθάνω
3275,ἐπολολύζω,ἐπί,ὀλολύζω
3276,ἐπομβρέω,ἐπί,ὀμβρέω
3277,ἐπονομάζω,ἐπί,ὀνομάζω
3278,ἐποπίζομαι,ἐπί,ὀπίζομαι
3279,ἐποπτάω,ἐπί,ὀπτάω
3280,ἐποπτεύω,ἐπί,ὀπτεύω
3281,ἐπορέγω,ἐπί,ὀρέγω
3282,ἐπορούω,ἐπί,ὀρούω
3283,ἐπορθιάζω,ἐπί,ὀρθιάζω
3284,ἐπορθοβοάω,ἐπί,ὀρθοβοάω
3285,ἐπορχέομαι,ἐπί,ὀρχέομαι
3286,ἐποτοτύζω,ἐπί,ὀτοτύζω
3287,ἐποτρύνω,ἐπί,ὀτρύνω
3288,ἐποχέομαι,ἐπί,ὀχέω
3289,ἐποχετεύω,ἐπί,ὀχετεύω
3290,ἐποίχομαι,ἐπί,οἴχομαι
3291,ἐποικέω,ἐπί,οἰκέω
3292,ἐποικοδομέω,ἐπί,οἰκοδομέω
3293,ἐποικτείρω,ἐπί,οἰκτείρω
3294,ἐποικτίζω,ἐπί,οἰκτίζω
3295,ἐποιμώζω,ἐπί,οἰμώζω
3296,ἐπιοινοχοεύω,ἐπί,οἰνοχοεύω
3297,ἐποιχνέω,ἐπί,οἰχνέω
3298,ἐπουρίζω,ἐπί,οὐρίζω
3299,ἐπουριάζω,ἐπί,οὐριάζω
3300,ἐπιπάλλω,ἐπί,πάλλω
3301,ἐπιπάσσω,ἐπί,πάσσω
3302,ἐπιπαιανίζω,ἐπί,παιανίζω
3303,ἐπιπέλομαι,ἐπί,πέλω
3304,ἐπιπέμπω,ἐπί,πέμπω
3305,ἐφίπταμαι,ἐπί,πέτομαι
3306,ἐπιπέτομαι,ἐπί,πέτομαι
3307,ἐπιπείθομαι,ἐπί,πείθω
3308,ἐπιπελάζω,ἐπί,πελάζω
3309,ἐπιπερκάζω,ἐπί,περκάζω
3310,ἐπιπετάννυμι,ἐπί,πετάννυμι
3311,ἐπιπήγνυμι,ἐπί,πήγνυμι
3312,ἐπιπηδάω,ἐπί,πηδάω
3313,ἐπιπίμπλημι,ἐπί,πίμπλημι
3314,ἐπιπίνω,ἐπί,πίνω
3315,ἐπιπίπτω,ἐπί,πίπτω
3316,ἐπιπιέζω,ἐπί,πιέζω
3317,ἐπιπίλναμαι,ἐπί,πιλνάω
3318,ἐπιπλάσσω,ἐπί,πλάσσω
3319,ἐπιπλάζομαι,ἐπί,πλάζω
3320,ἐπιπλαταγέω,ἐπί,πλαταγέω
3321,ἐπιπλέκω,ἐπί,πλέκω
3322,ἐπιπλέω,ἐπί,πλέω
3323,ἐπιπλήσσω,ἐπί,πλήσσω
3324,ἐπιπληρόω,ἐπί,πληρόω
3325,ἐπιπνέω,ἐπί,πνέω
3326,ἐπιπολάζω,ἐπί,πολάζω
3327,ἐπιπομπεύω,ἐπί,πομπεύω
3328,ἐπιπονέω,ἐπί,πονέω
3329,ἐπιποθέω,ἐπί,ποθέω
3330,ἐπιπορεύομαι,ἐπί,πορεύω
3331,ἐπιποτάομαι,ἐπί,ποτάομαι
3332,ἐπιπρέπω,ἐπί,πρέπω
3333,ἐπιπρεσβεύομαι,ἐπί,πρεσβεύω
3334,ἐπιπρίω,ἐπί,πρίω
3335,ἐπιπταίρω,ἐπί,πταίρω%2
3336,ἐπιπωλέομαι,ἐπί,πωλέομαι
3337,ἐπιπωτάομαι,ἐπί,πωτάομαι
3338,ἐπιθαρσέω,ἐπί,θαρσέω
3339,ἐπιθαρσύνω,ἐπί,θαρσύνω
3340,ἐπιθαυμάζω,ἐπί,θαυμάζω
3341,ἐπιθέω,ἐπί,θέω
3342,ἐπιθεάζω,ἐπί,θεάζω
3343,ἐπιθειάζω,ἐπί,θειάζω
3344,ἐπιθεραπεύω,ἐπί,θεραπεύω
3345,ἐπιθεσπίζω,ἐπί,θεσπίζω
3346,ἐπιθιγγάνω,ἐπί,θιγγάνω
3347,ἐπιθοάζω,ἐπί,θοάζω
3348,ἐπιθορυβέω,ἐπί,θορυβέω
3349,ἐπιθραύω,ἐπί,θραύω
3350,ἐπιθρηνέω,ἐπί,θρηνέω
3351,ἐπιθρώσκω,ἐπί,θρώσκω
3352,ἐπιθύω1,ἐπί,θύω1
3353,ἐπιθύω2,ἐπί,θύω1
3354,ἐπιθύω2,ἐπί,θύω2
3355,ἐπιθυμέω,ἐπί,θυμέω
3356,ἐπιθυμιάω,ἐπί,θυμιάω
3357,ἐπιθωρακίζομαι,ἐπί,θωρακίζω
3358,ἐπιθωύσσω,ἐπί,θωύσσω
3359,ἐπιρράπτω,ἐπί,ῥάπτω
3360,ἐπιρραβδοφορέω,ἐπί,ῥαβδοφορέω
3361,ἐπιρραίνω,ἐπί,ῥαίνω
3362,ἐπιρραψῳδέω,ἐπί,ῥαψῳδέω
3363,ἐπιρρᾳθυμέω,ἐπί,ῥᾳθυμέω
3364,ἐπιρρέπω,ἐπί,ῥέπω
3365,ἐπιρρέω,ἐπί,ῥέω
3366,ἐπιρρέζω,ἐπί,ῥέζω
3367,ἐπιρράσσω,ἐπί,ῥήγνυμι
3368,ἐπιρρήγνυμι,ἐπί,ῥήγνυμι
3369,ἐπιρρήσσω,ἐπί,ῥήγνυμι
3370,ἐπιρρητορεύω,ἐπί,ῥητορεύω
3371,ἐπιρρίπτω,ἐπί,ῥίπτω
3372,ἐπιρριπτέω,ἐπί,ῥίπτω
3373,ἐπιρροφέω,ἐπί,ῥοφέω
3374,ἐπιρροιζέω,ἐπί,ῥοιζέω
3375,ἐπιρροθέω,ἐπί,ῥοθέω
3376,ἐπιρρύομαι,ἐπί,ῥύομαι
3377,ἐπιρρύζω,ἐπί,ῥύζω
3378,ἐπιρρυθμίζω,ἐπί,ῥυθμίζω
3379,ἐπιρρώννυμι,ἐπί,ῥώννυμι
3380,ἐπιρρώομαι,ἐπί,ῥώομαι
3381,ἐπισάττω,ἐπί,σάττω
3382,ἐπισείω,ἐπί,σείω
3383,ἐπισεύω,ἐπί,σεύω
3384,ἐπισφάζω,ἐπί,σφάζω
3385,ἐπισφίγγω,ἐπί,σφίγγω
3386,ἐπισφραγίζω,ἐπί,σφραγίζω
3387,ἐπισημαίνω,ἐπί,σημαίνω
3388,ἐπισίζω,ἐπί,σίζω
3389,ἐπισιμόω,ἐπί,σιμόω
3390,ἐπισιτίζομαι,ἐπί,σιτίζω
3391,ἐπισκάπτω,ἐπί,σκάπτω
3392,ἐπισκέπτομαι,ἐπί,σκέπτομαι
3393,ἐπισκέπω,ἐπί,σκέπω
3394,ἐπισκεδάννυμι,ἐπί,σκεδάννυμι
3395,ἐπισκευάζω,ἐπί,σκευάζω
3396,ἐπισκήπτω,ἐπί,σκήπτω
3397,ἐπισκιάζω,ἐπί,σκιάζω
3398,ἐπισκοπέω,ἐπί,σκοπέω
3399,ἐπισκοτέω,ἐπί,σκοτέω
3400,ἐπισκύζομαι,ἐπί,σκύζομαι
3401,ἐπισκυθίζω,ἐπί,σκυθίζω
3402,ἐπισκυθρωπάζω,ἐπί,σκυθρωπάζω
3403,ἐπισκώπτω,ἐπί,σκώπτω
3404,ἐπισπάω,ἐπί,σπάω
3405,ἐπισπένδω,ἐπί,σπένδω
3406,ἐπισπέρχω,ἐπί,σπέρχω
3407,ἐπισπείρω,ἐπί,σπείρω
3408,ἐπισπεύδω,ἐπί,σπεύδω
3409,ἐπισπουδάζω,ἐπί,σπουδάζω
3410,ἐπισταλάω,ἐπί,σταλάω
3411,ἐπισταλάζω,ἐπί,σταλάζω
3412,ἐπισταθμάομαι,ἐπί,σταθμάω
3413,ἐπισταθμεύω,ἐπί,σταθμεύω
3414,ἐπιστατέω,ἐπί,στατέω
3415,ἐπιστέφω,ἐπί,στέφω
3416,ἐπιστέλλω,ἐπί,στέλλω
3417,ἐπιστένω,ἐπί,στένω
3418,ἐπιστείβω,ἐπί,στείβω
3419,ἐπιστείχω,ἐπί,στείχω
3420,ἐπιστενάχω,ἐπί,στενάχω
3421,ἐπιστενάζω,ἐπί,στενάζω
3422,ἐπιστοναχίζω,ἐπί,στεναχίζω
3423,ἐπιστηλόομαι,ἐπί,στηλόω
3424,ἐπιστηρίζω,ἐπί,στηρίζω
3425,ἐπιστίλβω,ἐπί,στίλβω
3426,ἐπιστομίζω,ἐπί,στομίζω
3427,ἐπιστοναχέω,ἐπί,στοναχέω
3428,ἐπιστρατεύω,ἐπί,στρατεύω
3429,ἐπιστρέφω,ἐπί,στρέφω
3430,ἐπιστορέννυμι,ἐπί,στρώννυμι
3431,ἐπιστρωφάω,ἐπί,στρωφάω
3432,ἐπισύρω,ἐπί,σύρω
3433,ἐπισυκοφαντέω,ἐπί,συκοφαντέω
3434,ἐπισχεθεῖν,ἐπί,σχέθω%2
3435,ἐπιτάσσω,ἐπί,τάσσω
3436,ἐπιταλαιπωρέω,ἐπί,ταλαιπωρέω
3437,ἐπιτανύω,ἐπί,τανύω
3438,ἐπιταράσσω,ἐπί,ταράσσω
3439,ἐπιταχύνω,ἐπί,ταχύνω
3440,ἐπιτέλλω,ἐπί,τέλλω
3441,ἐπιτέμνω,ἐπί,τέμνω
3442,ἐπιτέρπομαι,ἐπί,τέρπω
3443,ἐπιτείνω,ἐπί,τείνω
3444,ἐπιτειχίζω,ἐπί,τειχίζω
3445,ἐπιτελέω,ἐπί,τελέω
3446,ἐπιτελειόω,ἐπί,τελειόω
3447,ἐπιτεχνάομαι,ἐπί,τεχνάομαι
3448,ἐπιτήκω,ἐπί,τήκω
3449,ἐπιτηρέω,ἐπί,τηρέω
3450,ἐπιτίθημι,ἐπί,τίθημι
3451,ἐπιτιμάω,ἐπί,τιμάω
3452,ἐπιτιτρώσκω,ἐπί,τιτρώσκω
3453,ἐπιτλῆναι,ἐπί,τλάω
3454,ἐπιτοξάζομαι,ἐπί,τοξάζομαι
3455,ἐπιτολμάω,ἐπί,τολμάω
3456,ἐπιτραγῳδέω,ἐπί,τραγῳδέω
3457,ἐπιτρέφω,ἐπί,τρέφω
3458,ἐπιτρέπω,ἐπί,τρέπω
3459,ἐπιτρέχω,ἐπί,τρέχω
3460,ἐπιτρίβω,ἐπί,τρίβω
3461,ἐπιτριηραρχέω,ἐπί,τριηραρχέω
3462,ἐπιτρύζω,ἐπί,τρύζω
3463,ἐπιτρώγω,ἐπί,τρώγω
3464,ἐπιτύφομαι,ἐπί,τύφω
3465,ἐπεντύνω,ἐπί,τύνω
3466,ἐπιτυγχάνω,ἐπί,τυγχάνω
3467,ἐφύω,ἐπί,ὕω
3468,ἐφυβρίζω,ἐπί,ὑβρίζω
3469,ἐφυμνέω,ἐπί,ὑμνέω
3470,ἐφυπνόω,ἐπί,ὑπνόω
3471,ἐφυστερίζω,ἐπί,ὑστερίζω
3472,ἐπῴζω,ἐπί,ᾤζω
3473,ἐπωφελέω,ἐπί,ὠφελέω
3474,ἐπωπάω,ἐπί,ὠπάω
3475,ἐπωθέω,ἐπί,ὠθέω
3476,ἐπωρύω,ἐπί,ὠρύομαι
3477,ἐπιχαίνω,ἐπί,χάσκω
3478,ἐπιχαίρω,ἐπί,χαίρω
3479,ἐπιχαλάω,ἐπί,χαλάω
3480,ἐπιχαλαζάω,ἐπί,χαλαζάω
3481,ἐπιχαλκεύω,ἐπί,χαλκεύω
3482,ἐπιχαράσσω,ἐπί,χαράσσω
3483,ἐπιχαρίζομαι,ἐπί,χαρίζομαι
3484,ἐπιχαριεντίζομαι,ἐπί,χαριεντίζομαι
3485,ἐπιχέω,ἐπί,χέω
3486,ἐπιχειμάζω,ἐπί,χειμάζω
3487,ἐπιχειρέω,ἐπί,χειρέω
3488,ἐπιχειροτονέω,ἐπί,χειροτονέω
3489,ἐπιχλευάζω,ἐπί,χλευάζω
3490,ἐπιχλιαίνω,ἐπί,χλιαίνω
3491,ἐπιχορεύω,ἐπί,χορεύω
3492,ἐπιχορηγέω,ἐπί,χορηγέω
3493,ἐπιχράομαι,ἐπί,χράομαι
3494,ἐπιχράω1,ἐπί,χράω1
3495,ἐπιχράω1,ἐπί,χράω2
3496,ἐπιχράω2,ἐπί,χράω3
3497,ἐπιχρέμπτομαι,ἐπί,χρέμπτομαι
3498,ἐπιχρίω,ἐπί,χρίω
3499,ἐπιχρώννυμι,ἐπί,χρώζω
3500,ἐπιχρωματίζω,ἐπί,χρωματίζω
3501,ἐπιχωρέω,ἐπί,χωρέω
3502,ἐπιχωριάζω,ἐπί,χωριάζω
3503,ἐπιψαύω,ἐπί,ψαύω
3504,ἐπιψεκάζω,ἐπί,ψεκάζω
3505,ἐπιψεύδομαι,ἐπί,ψεύδω
3506,ἐπιψηφίζω,ἐπί,ψηφίζω
3507,ἐπιψηλαφάω,ἐπί,ψηλαφάω
3508,ἐπιψύχω,ἐπί,ψύχω
3509,ἐπιζάω,ἐπί,ζάω
3510,ἐπιζαρέω,ἐπί,ζαρέω
3511,ἐπιζέω,ἐπί,ζέω
3512,ἐπιζεύγνυμι,ἐπί,ζεύγνυμι
3513,ἐπιζημιόω,ἐπί,ζημιόω
3514,ἐπιζητέω,ἐπί,ζητέω
3515,ἐπιζώννυμι,ἐπί,ζώννυμι
3516,εἰσανάγω,εἰς-ἀνά,ἄγω
3517,εἰσαναβαίνω,εἰς-ἀνά,βαίνω
3518,εἰσανεῖδον,εἰς-ἀνά,εἶδον
3519,εἰσάνειμι,εἰς-ἀνά,εἶμι
3520,εἰσαφίημι,εἰς-ἀπό,ἵημι
3521,εἰσαφικάνω,εἰς-ἀπό,ἱκάνω
3522,εἰσαφικνέομαι,εἰς-ἀπό,ἱκνέομαι
3523,εἰσεμβαίνω,εἰς-ἐν,βαίνω
3524,εἰσκαταβαίνω,εἰς-κατά,βαίνω
3525,εἰσάλλομαι,εἰς,ἅλλομαι
3526,εἰσάγω,εἰς,ἄγω
3527,εἰσαείρομαι,εἰς,ἀείρω
3528,εἰσαγείρω,εἰς,ἀγείρω
3529,εἰσαγγέλλω,εἰς,ἀγγέλλω
3530,εἰσαίσσω,εἰς,ἀίσσω
3531,εἰσαίω,εἰς,ἀίω1
3532,εἰσακοντίζω,εἰς,ἀκοντίζω
3533,εἰσακούω,εἰς,ἀκούω
3534,εἰσαμείβω,εἰς,ἀμείβω
3535,εἰσαναγκάζω,εἰς,ἀναγκάζω
3536,εἰσαθρέω,εἰς,ἀθρέω
3537,εἰσαράσσω,εἰς,ἀράσσω
3538,εἰσαίρω,εἰς,αἴρω
3539,εἰσαυγάζω,εἰς,αὐγάζω
3540,εἰσβάλλω,εἰς,βάλλω
3541,εἰσβαίνω,εἰς,βαίνω
3542,εἰσβιάζομαι,εἰς,βιάζω
3543,εἰσβιβάζω,εἰς,βιβάζω
3544,εἰσβλέπω,εἰς,βλέπω
3545,εἰσδέρκομαι,εἰς,δέρκομαι
3546,εἰσδέχομαι,εἰς,δέχομαι
3547,εἰσδίδωμι,εἰς,δίδωμι
3548,εἰσδύνω,εἰς,δύω2
3549,εἰσέλκω,εἰς,ἕλκω
3550,εἰσέρπω,εἰς,ἕρπω
3551,εἰσέργνυμι,εἰς,ἔργνυμι
3552,εἰσέρρω,εἰς,ἔρρω
3553,εἰσέρχομαι,εἰς,ἔρχομαι
3554,εἰσέχω,εἰς,ἔχω
3555,εἰσελαύνω,εἰς,ἐλαύνω
3556,εἰσερύω,εἰς,ἐρύω
3557,εἴσειμι,εἰς,εἶμι
3558,εἰσφέρω,εἰς,φέρω
3559,εἰσφοιτάω,εἰς,φοιτάω
3560,εἰσφορέω,εἰς,φορέω
3561,εἰσφρέω,εἰς,φρέω
3562,εἰσγράφω,εἰς,γράφω
3563,εἰσήκω,εἰς,ἥκω
3564,εἰσηγέομαι,εἰς,ἡγέομαι
3565,εἰσηθέω,εἰς,ἠθέω
3566,εἰσίημι,εἰς,ἵημι
3567,εἰσίζομαι,εἰς,ἵζω
3568,εἰσιδρύω,εἰς,ἱδρύω
3569,εἰσικνέομαι,εἰς,ἱκνέομαι
3570,εἰσκαλαμάομαι,εἰς,καλαμάομαι
3571,εἰσκαλέω,εἰς,καλέω
3572,εἴσκειμαι,εἰς,κεῖμαι
3573,εἰσκηρύσσω,εἰς,κηρύσσω
3574,εἰσκομίζω,εἰς,κομίζω
3575,εἰσκυκλέω,εἰς,κυκλέω
3576,εἰσλεύσσω,εἰς,λεύσσω
3577,εἰσμαίομαι,εἰς,μαίομαι
3578,εἰσνέομαι,εἰς,νέομαι
3579,εἰσνέω,εἰς,νέω2
3580,εἰσνοέω,εἰς,νοέω
3581,εἰσοράω,εἰς,ὁράω
3582,εἰσορμάω,εἰς,ὁρμάω
3583,εἰσορμίζω,εἰς,ὁρμίζω
3584,εἰσοικέω,εἰς,οἰκέω
3585,εἰσοικειόω,εἰς,οἰκειόω
3586,εἰσοικίζω,εἰς,οἰκίζω
3587,εἰσοικοδομέω,εἰς,οἰκοδομέω
3588,εἰσοιχνέω,εἰς,οἰχνέω
3589,εἰσπαίω,εἰς,παίω1
3590,εἰσπέμπω,εἰς,πέμπω
3591,εἰσπέτομαι,εἰς,πέτομαι
3592,εἰσπεράω,εἰς,περάω1
3593,εἰσπηδάω,εἰς,πηδάω
3594,εἰσπίπτω,εἰς,πίπτω
3595,εἰσπίτνω,εἰς,πίπτω
3596,εἰσπλέω,εἰς,πλέω
3597,εἰσπνέω,εἰς,πνέω
3598,εἰσποιέω,εἰς,ποιέω
3599,εἰσπορεύω,εἰς,πορεύω
3600,εἰσπράσσω,εἰς,πράσσω
3601,εἰσθέω,εἰς,θέω
3602,εἰσθρώσκω,εἰς,θρώσκω
3603,εἰσρέω,εἰς,ῥέω
3604,εἰστίθημι,εἰς,τίθημι
3605,εἰστοξεύω,εἰς,τοξεύω
3606,εἰστρέχω,εἰς,τρέχω
3607,εἰσωθέω,εἰς,ὠθέω
3608,εἰσχέω,εἰς,χέω
3609,εἰσχειρίζω,εἰς,χειρίζω
3610,καταπέρδω,κατά-,πέρδομαι
3611,καταμπέχω,κατά-ἀμφί,ἔχω
3612,καταμφικαλύπτω,κατά-ἀμφί,καλύπτω
3613,καταναλίσκω,κατά-ἀνά,ἀναλίσκω
3614,καταναθεματίζω,κατά-ἀνά,θεματίζω
3615,καταφίημι,κατά-ἀπό,ἵημι
3616,καταδιαλλάσσω,κατά-διά,ἀλλάσσω
3617,κατεξανίσταμαι,κατά-ἐκ-ἀνά,ἵστημι
3618,κατεμπίπρημι,κατά-ἐν,πίμπρημι
3619,κατενώπιον,κατά-ἐν,ὠπάω
3620,κατεφάλλομαι,κατά-ἐπί,ἅλλομαι
3621,κατεπάγω,κατά-ἐπί,ἄγω
3622,κατεπᾴδω,κατά-ἐπί,ἀείδω
3623,κατεπαγγέλλομαι,κατά-ἐπί,ἀγγέλλω
3624,κατεφίσταμαι,κατά-ἐπί,ἵστημι
3625,κατεπιορκέομαι,κατά-ἐπί,ὁρκέω
3626,κατεισάγω,κατά-εἰς,ἄγω
3627,καταπροδίδωμι,κατά-πρό,δίδωμι
3628,καθυπερακοντίζω,κατά-ὑπέρ,ἀκοντίζω
3629,καθυφίημι,κατά-ὑπό,ἵημι
3630,καθυπισχνέομαι,κατά-ὑπό,ἰσχνέομαι
3631,καθυποκρίνομαι,κατά-ὑπό,κρίνω
3632,καθάλλομαι,κατά,ἅλλομαι
3633,καθάπτω,κατά,ἅπτω
3634,καθαγίζω,κατά,ἁγίζω
3635,καθαγνίζω,κατά,ἁγνίζω
3636,καθαρμόζω,κατά,ἁρμόζω
3637,καθαρπάζω,κατά,ἁρπάζω
3638,κατάγνυμι,κατά,ἄγνυμι
3639,κατάγω,κατά,ἄγω
3640,κατάνομαι,κατά,ἄνω1
3641,κατάρδω,κατά,ἄρδω
3642,κατάρχω,κατά,ἄρχω
3643,καταξιόω,κατά,ἀξιόω
3644,κατᾴδω,κατά,ἀείδω
3645,καταγγέλλω,κατά,ἀγγέλλω
3646,καταγινέω,κατά,ἀγινέω
3647,καταγλαίζω,κατά,ἀγλαίζω
3648,καταγοράζω,κατά,ἀγοράζω
3649,καταγορεύω,κατά,ἀγορεύω
3650,καταγωνίζομαι,κατά,ἀγωνίζομαι
3651,κατακολουθέω,κατά,ἀκολουθέω
3652,κατακοντίζω,κατά,ἀκοντίζω
3653,κατακούω,κατά,ἀκούω
3654,καταλαζονεύομαι,κατά,ἀλαζονεύομαι
3655,καταλέω,κατά,ἀλέω
3656,καταλγέω,κατά,ἀλγέω
3657,καταλλάσσω,κατά,ἀλλάσσω
3658,καταλοάω,κατά,ἀλοάω
3659,κατηλογέω,κατά,ἀλογέω
3660,καταλοκίζω,κατά,ἀλοκίζω
3661,καταμάω,κατά,ἀμάω
3662,καταμβλύνω,κατά,ἀμβλύνω
3663,καταμελέω,κατά,ἀμελέω
3664,καταμύσσω,κατά,ἀμύσσω
3665,καταναγκάζω,κατά,ἀναγκάζω
3666,κατανθρακίζω,κατά,ἀνθρακίζω
3667,κατανθρακόομαι,κατά,ἀνθρακόω
3668,καταντλέω,κατά,ἀντλέω
3669,κατανύω,κατά,ἀνύω
3670,καταπειλέω,κατά,ἀπειλέω2
3671,καταθλέω,κατά,ἀθλέω
3672,καταθυμέω,κατά,ἀθυμέω
3673,καταράομαι,κατά,ἀράομαι
3674,καταργέω,κατά,ἀργέω
3675,καταργίζω,κατά,ἀργίζω
3676,καταργυρόω,κατά,ἀργυρόω
3677,καταριθμέω,κατά,ἀριθμέω
3678,καταρκέω,κατά,ἀρκέω
3679,καταρνέομαι,κατά,ἀρνέομαι
3680,καταρόω,κατά,ἀρόω
3681,καταρρωδέω,κατά,ἀρρωδέω
3682,καταρτάω,κατά,ἀρτάω
3683,καταρτίζω,κατά,ἀρτίζω
3684,καταρτύω,κατά,ἀρτύω
3685,καταρχαιρεσιάζω,κατά,ἀρχαιρεσιάζω
3686,κατασκέω,κατά,ἀσκέω
3687,κατασπάζομαι,κατά,ἀσπάζομαι
3688,κατασθενέω,κατά,ἀσθενέω
3689,κατασθμαίνω,κατά,ἀσθμαίνω
3690,καταστράπτω,κατά,ἀστράπτω
3691,καταζαίνω,κατά,ἀζαίνω
3692,καθαιμάσσω,κατά,αἱμάσσω
3693,καθαιματόω,κατά,αἱματόω
3694,καθαιρέω,κατά,αἱρέω
3695,καταίθω,κατά,αἴθω
3696,καταίρω,κατά,αἴρω
3697,καταιδέομαι,κατά,αἰδέομαι
3698,καταιγίζω,κατά,αἰγίζω
3699,καταικίζω,κατά,αἰκίζω
3700,καταινέω,κατά,αἰνέω
3701,καταιθαλόω,κατά,αἰθαλόω
3702,καταιθύσσω,κατά,αἰθύσσω
3703,καταισθάνομαι,κατά,αἰσθάνομαι
3704,καταισχύνω,κατά,αἰσχύνω
3705,καταιτιάομαι,κατά,αἰτιάομαι
3706,καταιωρέομαι,κατά,αἰωρέω
3707,καταυδάω,κατά,αὐδάω
3708,καταυγάζω,κατά,αὐγάζω
3709,καταυλέω,κατά,αὐλέω
3710,καταυλίζομαι,κατά,αὐλίζομαι
3711,καταυχέω,κατά,αὐχέω
3712,καταβάλλω,κατά,βάλλω
3713,καταβάπτω,κατά,βάπτω
3714,καταβαίνω,κατά,βαίνω
3715,καταβακχιόομαι,κατά,βακχιόομαι
3716,καταβαρέω,κατά,βαρέω
3717,καταβαύζω,κατά,βαύζω
3718,καταβεβαιόομαι,κατά,βεβαιόω
3719,καταβιάζομαι,κατά,βιάζω
3720,καταβιβάζω,κατά,βιβάζω
3721,καταβιβρώσκω,κατά,βιβρώσκω
3722,καταβιόω,κατά,βιόω
3723,καταβλάπτω,κατά,βλάπτω
3724,καταβλέπω,κατά,βλέπω
3725,καταβληχάομαι,κατά,βληχάομαι
3726,καταβλώσκω,κατά,βλώσκω
3727,καταβόσκω,κατά,βόσκω
3728,καταβοάω,κατά,βοάω
3729,καταβραβεύω,κατά,βραβεύω
3730,καταβρέχω,κατά,βρέχω
3731,καταβρίθω,κατά,βρίθω
3732,καταβροχθίζω,κατά,βροχθίζω
3733,καταβρύκω,κατά,βρύκω
3734,καταβυρσόω,κατά,βυρσόω
3735,καταξαίνω,κατά,ξαίνω
3736,καταξενόομαι,κατά,ξενόω
3737,καταδάκνω,κατά,δάκνω
3738,καταδάμναμαι,κατά,δάμνημι
3739,καταδάπτω,κατά,δάπτω
3740,καταδαίνυμαι,κατά,δαίνυμι
3741,καταδακρύω,κατά,δακρύω
3742,καταδαμάζομαι,κατά,δαμάζω
3743,καταδαπανάω,κατά,δαπανάω
3744,καταδαρθάνω,κατά,δαρθάνω
3745,καταδατέομαι,κατά,δατέομαι
3746,καταδέρκομαι,κατά,δέρκομαι
3747,καταδέω1,κατά,δέω1
3748,καταδέομαι,κατά,δέω2
3749,καταδέω2,κατά,δέω2
3750,καταδεῖ,κατά,δέω2
3751,καταδέχομαι,κατά,δέχομαι
3752,καταδείδω,κατά,δείδω
3753,καταδείκνυμι,κατά,δείκνυμι
3754,καταδειλιάω,κατά,δειλιάω
3755,καταδεύω,κατά,δεύω1
3756,καταδημαγωγέω,κατά,δημαγωγέω
3757,καταδημοβορέω,κατά,δημοβορέω
3758,καταδίδωμι,κατά,δίδωμι
3759,καταδιαιτάω,κατά,διαιτάω
3760,καταδικάζω,κατά,δικάζω
3761,καταδιώκω,κατά,διώκω
3762,καταδοξάζω,κατά,δοξάζω
3763,καταδοκέω,κατά,δοκέω
3764,καταδουλόω,κατά,δουλόω
3765,καταδουπέω,κατά,δουπέω
3766,καταδρέπω,κατά,δρέπω
3767,καταδρύπτω,κατά,δρύπτω
3768,καταδύω,κατά,δύω2
3769,καταδυναστεύω,κατά,δυναστεύω
3770,καταδωροδοκέω,κατά,δωροδοκέω
3771,καθέλκω,κατά,ἕλκω
3772,καθέννυμι,κατά,ἕννυμι
3773,καταέννυμι,κατά,ἕννυμι
3774,καθέρπω,κατά,ἕρπω
3775,καθέψω,κατά,ἕψω
3776,καθέζομαι,κατά,ἕζομαι
3777,καθελίσσω,κατά,ἑλίσσω
3778,καθεψιάομαι,κατά,ἑψιάομαι
3779,κατέδω,κατά,ἔδω
3780,κατείργω,κατά,ἔργω1
3781,κατέρχομαι,κατά,ἔρχομαι
3782,κατέσθω,κατά,ἔσθω
3783,κατέχω,κατά,ἔχω
3784,κατεξουσιάζω,κατά,ἐξουσιάζω
3785,κατεγγυάω,κατά,ἐγγυάω
3786,κατελαύνω,κατά,ἐλαύνω
3787,κατελέγχω,κατά,ἐλέγχω
3788,κατελεέω,κατά,ἐλεέω
3789,κατελπίζω,κατά,ἐλπίζω
3790,κατεναίρομαι,κατά,ἐναίρω
3791,κατεναρίζω,κατά,ἐναρίζω
3792,κατεπείγω,κατά,ἐπείγω
3793,κατερέφω,κατά,ἐρέφω
3794,κατερείκω,κατά,ἐρέικω
3795,κατερείπω,κατά,ἐρείπω
3796,κατερεύγω,κατά,ἐρεύγομαι
3797,κατεργάζομαι,κατά,ἐργάζομαι
3798,κατερητύω,κατά,ἐρητύω
3799,κατερύκω,κατά,ἐρύκω
3800,κατερυκάνω,κατά,ἐρύκω
3801,κατερύω,κατά,ἐρύω
3802,κατερῶ,κατά,ἐρῶ
3803,κατεσθίω,κατά,ἐσθίω
3804,καθείργνυμι,κατά,εἵργνυμι
3805,κατείργνυμι,κατά,εἵργνυμι
3806,κατείβω,κατά,εἴβω
3807,κατειλέω,κατά,εἴλω
3808,κατεῖδον,κατά,εἶδον
3809,κάτειμι,κατά,εἶμι
3810,κατεῖπον,κατά,εἶπον
3811,κατεικάζω,κατά,εἰκάζω
3812,κατειλύω,κατά,εἰλύω
3813,κατειρωνεύομαι,κατά,εἰρωνεύομαι
3814,καθεύδω,κατά,εὕδω
3815,καθευρίσκω,κατά,εὑρίσκω
3816,κατεύχομαι,κατά,εὔχομαι
3817,κατευφημέω,κατά,εὐφημέω
3818,κατευημερέω,κατά,εὐημερέω
3819,κατευνάω,κατά,εὐνάω
3820,κατευνάζω,κατά,εὐνάζω
3821,κατευορκέω,κατά,εὐορκέω
3822,κατευθύνω,κατά,εὐθύνω
3823,κατευστοχέω,κατά,εὐστοχέω
3824,κατευτρεπίζω,κατά,εὐτρεπίζω
3825,κατευτυχέω,κατά,εὐτυχέω
3826,καταφαγεῖν,κατά,φαγεῖν
3827,καταφαίνω,κατά,φαίνω
3828,καταφαρμάσσω,κατά,φαρμάσσω
3829,καταφαρμακεύω,κατά,φαρμακεύω
3830,καταφατίζω,κατά,φατίζω
3831,καταφαυλίζω,κατά,φαυλίζω
3832,καταφέρω,κατά,φέρω
3833,καταφεύγω,κατά,φεύγω
3834,κατάφημι,κατά,φημί
3835,καταφημίζω,κατά,φημίζω
3836,καταφιλέω,κατά,φιλέω
3837,καταφλέγω,κατά,φλέγω
3838,καταφοβέω,κατά,φοβέω
3839,καταφοιτάω,κατά,φοιτάω
3840,καταφονεύω,κατά,φονεύω
3841,καταφορέω,κατά,φορέω
3842,καταφθατέομαι,κατά,φθατέομαι
3843,καταφθείρω,κατά,φθείρω
3844,καταφθίνω,κατά,φθίω
3845,καταφθίω,κατά,φθίω
3846,καταφθινύθω,κατά,φθινύθω
3847,καταφράσσω,κατά,φράσσω
3848,καταφράζω,κατά,φράζω
3849,καταφρονέω,κατά,φρονέω
3850,καταφροντίζω,κατά,φροντίζω
3851,καταφρύγω,κατά,φρύγω
3852,καταφύομαι,κατά,φύω
3853,καταφυγγάνω,κατά,φυγγάνω
3854,καταφυλλοροέω,κατά,φυλλορροέω
3855,καταφυτεύω,κατά,φυτεύω
3856,καταφωράω,κατά,φωράω
3857,καταφωτίζω,κατά,φωτίζω
3858,καταγελάω,κατά,γελάω
3859,καταγηράσκω,κατά,γηράσκω
3860,καταγίγνομαι,κατά,γίγνομαι
3861,καταγιγαρτίζω,κατά,γιγαρτίζω
3862,καταγιγνώσκω,κατά,γιγνώσκω
3863,καταγλωττίζω,κατά,γλωττίζομαι
3864,καταγνάφω,κατά,γνάφω
3865,καταγνάμπτω,κατά,γνάμπτω
3866,καταγοητεύω,κατά,γοητεύω
3867,καταγράφω,κατά,γράφω
3868,καταγυμνάζω,κατά,γυμνάζω
3869,καθήκω,κατά,ἥκω
3870,κάθημαι,κατά,ἧμαι
3871,καθηδυπαθέω,κατά,ἡδυπαθέω
3872,καθηγέομαι,κατά,ἡγέομαι
3873,καθηλιάζω,κατά,ἡλιάζομαι
3874,καθηλόω,κατά,ἡλόω
3875,κατηγορέω,κατά,ἠγορέω
3876,κατηπιάω,κατά,ἠπιάω
3877,κατηρεμίζω,κατά,ἠρεμίζω
3878,κατηχέω,κατά,ἠχέω
3879,καθίημι,κατά,ἵημι
3880,καθίστημι,κατά,ἵστημι
3881,καθίζω,κατά,ἵζω
3882,καθιδρύω,κατά,ἱδρύω
3883,καθιερεύω,κατά,ἱερεύω
3884,καθιερόω,κατά,ἱερόω
3885,καθικετεύω,κατά,ἱκετεύω
3886,καθικνέομαι,κατά,ἱκνέομαι
3887,καθιμάω,κατά,ἱμάω
3888,καθιππάζομαι,κατά,ἱππάζομαι
3889,καθιππεύω,κατά,ἱππεύω
3890,καθιστάνω,κατά,ἱστάνω
3891,καθιστάω,κατά,ἱστάω
3892,καθιζάνω,κατά,ἱζάνω
3893,κατίσχω,κατά,ἴσχω
3894,κατιάπτω,κατά,ἰάπτω
3895,κατιλύω,κατά,ἰλύω
3896,κατιθύνω,κατά,ἰθύνω
3897,κατισχναίνω,κατά,ἰσχναίνω
3898,κατισχύω,κατά,ἰσχύω
3899,κατακάμπτω,κατά,κάμπτω
3900,κατακάρφομαι,κατά,κάρφω
3901,κατακαγχάζω,κατά,καγχάζω
3902,κατακαίω,κατά,καίω
3903,κατακαλέω,κατά,καλέω
3904,κατακαλύπτω,κατά,καλύπτω
3905,κατακαυχάομαι,κατά,καυχάομαι
3906,κατακείρω,κατά,κείρω
3907,κατάκειμαι,κατά,κεῖμαι
3908,κατακείω,κατά,κεῖμαι
3909,κατακελεύω,κατά,κελεύω
3910,κατακερδαίνω,κατά,κερδαίνω
3911,κατακερματίζω,κατά,κερματίζω
3912,κατακερτομέω,κατά,κερτομέω
3913,κατακηλέω,κατά,κηλέω
3914,κατακηρόω,κατά,κηρόομαι
3915,κατακηρύσσω,κατά,κηρύσσω
3916,κατακλάω,κατά,κλάω
3917,κατακλαίω,κατά,κλαίω
3918,κατακλείω,κατά,κλείω1
3919,κατακληρόω,κατά,κληρόω
3920,κατακληρονομέω,κατά,κληρονομέω
3921,κατακλίνω,κατά,κλίνω
3922,κατακλύζω,κατά,κλύζω
3923,κατακνάω,κατά,κνάω
3924,κατακνήθω,κατά,κνήθω
3925,κατακνίζω,κατά,κνίζω
3926,κατακόπτω,κατά,κόπτω
3927,κατακοιμάω,κατά,κοιμάω
3928,κατακοιμίζω,κατά,κοιμίζω
3929,κατακοινωνέω,κατά,κοινωνέω
3930,κατακολπίζω,κατά,κολπίζω
3931,κατακολυμβάω,κατά,κολυμβάω
3932,κατακομίζω,κατά,κομίζω
3933,κατακονδυλίζω,κατά,κονδυλίζω
3934,κατακοσμέω,κατά,κοσμέω
3935,κατακράζω,κατά,κράζω
3936,κατακρατέω,κατά,κρατέω
3937,κατακρέμαμαι,κατά,κρεμάννυμι
3938,κατακρεμάννυμι,κατά,κρεμάννυμι
3939,κατακρήμναμαι,κατά,κρήμνημι
3940,κατακρημνίζω,κατά,κρημνίζω
3941,κατακρίνω,κατά,κρίνω
3942,κατακρύπτω,κατά,κρύπτω
3943,κατακρώζω,κατά,κρώζω
3944,κατακτάομαι,κατά,κτάομαι
3945,κατακτείνω,κατά,κτείνω
3946,κατακύπτω,κατά,κύπτω
3947,κατακυβεύω,κατά,κυβεύω
3948,κατακυκλόω,κατά,κυκλόω
3949,κατακυλίνδω,κατά,κυλίνδω
3950,κατακυριεύω,κατά,κυριεύω
3951,κατακυρόω,κατά,κυρόω
3952,κατακωλύω,κατά,κωλύω
3953,κατακωμάζω,κατά,κωμάζω
3954,καταλάμπω,κατά,λάμπω
3955,καταλαλέω,κατά,λαλέω
3956,καταλαμβάνω,κατά,λαμβάνω
3957,καταλήθομαι,κατά,λανθάνω
3958,καταλέγω,κατά,λέγω1
3959,καταλείβω,κατά,λείβω
3960,καταλείπω,κατά,λείπω
3961,καταλιμπάνω,κατά,λείπω
3962,καταλειτουργέω,κατά,λειτουργέω
3963,καταλεπτολογέω,κατά,λεπτολογέω
3964,καταλεύω,κατά,λεύω
3965,καταλήγω,κατά,λήγω
3966,καταλιμνάζω,κατά,λιμνάζω
3967,καταλιπαρέω,κατά,λιπαρέω
3968,καταλιθάζω,κατά,λιθάζω
3969,καταλιθόω,κατά,λιθόομαι
3970,καταλογίζομαι,κατά,λογίζομαι
3971,καταλούομαι,κατά,λούω
3972,καταλοχίζω,κατά,λοχίζω
3973,καταλύω,κατά,λύω
3974,καταλυμαίνομαι,κατά,λυμαίνομαι
3975,καταλωφάω,κατά,λωφάω
3976,καταμάρπτω,κατά,μάρπτω
3977,καταμάχομαι,κατά,μάχομαι
3978,καταμαγεύω,κατά,μαγεύω
3979,καταμαλάσσω,κατά,μαλάσσω
3980,καταμαλακίζω,κατά,μαλακίζομαι
3981,καταμανθάνω,κατά,μανθάνω
3982,καταμαντεύομαι,κατά,μαντεύομαι
3983,καταμαργάω,κατά,μαργάω
3984,καταμαρτυρέω,κατά,μαρτυρέω
3985,καταμέμφομαι,κατά,μέμφομαι
3986,καταμένω,κατά,μένω
3987,καθείμαρται,κατά,μείρομαι
3988,καταμελιτόω,κατά,μελιτόομαι
3989,καταμεθύσκω,κατά,μεθύσκω
3990,καταμερίζω,κατά,μερίζω
3991,καταμετρέω,κατά,μετρέω
3992,καταμηλόω,κατά,μηλόω
3993,καταμηνύω,κατά,μηνύω
3994,καταμίγνυμι,κατά,μίγνυμι
3995,καταμίσγω,κατά,μίγνυμι
3996,καταμιαίνω,κατά,μιαίνω
3997,καταμισθοφορέω,κατά,μισθοφορέω
3998,καταμύω,κατά,μύω
3999,καταμυττωτεύω,κατά,μυττωτεύω
4000,καταμωκάομαι,κατά,μωκάομαι
4001,κατανάσσω,κατά,νάσσω
4002,καταναίω,κατά,ναίω1
4003,καταναρκάω,κατά,ναρκάω
4004,καταναυμαχέω,κατά,ναυμαχέω
4005,κατανέμω,κατά,νέμω
4006,κατανέω,κατά,νέω3
4007,κατανεύω,κατά,νεύω
4008,κατανίφω,κατά,νίφω
4009,κατανοέω,κατά,νοέω
4010,κατανοτίζω,κατά,νοτίζω
4011,κατανύσσομαι,κατά,νύσσω
4012,καθοδηγέω,κατά,ὁδηγέω
4013,καθομιλέω,κατά,ὁμιλέω
4014,καθομολογέω,κατά,ὁμολογέω
4015,καθοπλίζω,κατά,ὁπλίζω
4016,καθοράω,κατά,ὁράω
4017,καθορμάω,κατά,ὁρμάω
4018,καθορμίζω,κατά,ὁρμίζω
4019,καθοσιόομαι,κατά,ὁσιόω
4020,κατόλλυμι,κατά,ὄλλυμι
4021,κατόμνυμι,κατά,ὄμνυμι
4022,κατόνομαι,κατά,ὄνομαι
4023,κατόσσομαι,κατά,ὄσσομαι
4024,κατοκνέω,κατά,ὀκνέω
4025,κατολισθάνω,κατά,ὀλισθάνω
4026,κατολοφύρομαι,κατά,ὀλοφύρομαι
4027,κατολολύζω,κατά,ὀλολύζω
4028,κατομβρέομαι,κατά,ὀμβρέω
4029,κατοπάζω,κατά,ὀπάζω
4030,κατοπτεύω,κατά,ὀπτεύω
4031,κατοπτρίζω,κατά,ὀπτρίζω
4032,κατοργανίζω,κατά,ὀργανίζω
4033,κατοργιάζω,κατά,ὀργιάζω
4034,κατορούω,κατά,ὀρούω
4035,κατορθόω,κατά,ὀρθόω
4036,κατορρωδέω,κατά,ὀρρωδέω
4037,κατορύσσω,κατά,ὀρύσσω
4038,κατορχέομαι,κατά,ὀρχέομαι
4039,κατοψοφαγέω,κατά,ὀψοφαγέω
4040,κατοίχομαι,κατά,οἴχομαι
4041,κάτοιδα,κατά,οἶδα
4042,κατοικέω,κατά,οἰκέω
4043,κατοικίζω,κατά,οἰκίζω
4044,κατοικοδομέω,κατά,οἰκοδομέω
4045,κατοικοφθορέω,κατά,οἰκοφθορέω
4046,κατοικονομέω,κατά,οἰκονομέω
4047,κατοικτείρω,κατά,οἰκτείρω
4048,κατοικτίζω,κατά,οἰκτίζω
4049,κατοιμώζω,κατά,οἰμώζω
4050,κατουλόομαι,κατά,οὐλόω
4051,κατουρίζω,κατά,οὐρίζω
4052,καταπάλλομαι,κατά,πάλλω
4053,καταπάσσω,κατά,πάσσω
4054,καταπαίζω,κατά,παίζω
4055,καταπαλαίω,κατά,παλαίω
4056,καταπατέω,κατά,πατέω
4057,καταπαύω,κατά,παύω
4058,καταπέμπω,κατά,πέμπω
4059,καταπέσσω,κατά,πέσσω
4060,καταπέτομαι,κατά,πέτομαι
4061,καταπεδάω,κατά,πεδάω
4062,καταπείθω,κατά,πείθω
4063,καταπελτάζω,κατά,πελτάζω
4064,καταπενθέω,κατά,πενθέω
4065,καταπετάννυμι,κατά,πετάννυμι
4066,καταπετρόω,κατά,πετρόω
4067,καταπήγνυμι,κατά,πήγνυμι
4068,καταπηδάω,κατά,πηδάω
4069,καταπίμπλημι,κατά,πίμπλημι
4070,καταπίμπρημι,κατά,πίμπρημι
4071,καταπίνω,κατά,πίνω
4072,καταπίπτω,κατά,πίπτω
4073,καταπιπράσκω,κατά,πιπράσκω
4074,καταπισσόω,κατά,πισσόομαι
4075,καταπιστεύω,κατά,πιστεύω
4076,καταπλάσσω,κατά,πλάσσω
4077,καταπλέκω,κατά,πλέκω
4078,καταπλέω,κατά,πλέω
4079,καταπλήσσω,κατά,πλήσσω
4080,καταπλουτίζω,κατά,πλουτίζω
4081,καταπλύνω,κατά,πλύνω
4082,καταπνέω,κατά,πνέω
4083,καταπολεμέω,κατά,πολεμέω
4084,καταπολιτεύομαι,κατά,πολιτεύω
4085,καταπονέω,κατά,πονέω
4086,καταποντίζω,κατά,ποντίζω
4087,καταποντόω,κατά,ποντίζω
4088,καταπορνεύω,κατά,πορνεύω
4089,καταπράσσω,κατά,πράσσω
4090,καταπραύνω,κατά,πραύνω
4091,καταπρηνόω,κατά,πρηνόω
4092,καταπρίω,κατά,πρίω
4093,καταπροίξομαι,κατά,προίξομαι
4094,καταπτήσσω,κατά,πτήσσω
4095,καταπτύω,κατά,πτύω
4096,καταπτώσσω,κατά,πτώσσω
4097,καταπτωχεύω,κατά,πτωχεύω
4098,καταπύθω,κατά,πύθω
4099,καταπυκνόω,κατά,πυκνόω
4100,καταθάπτω,κατά,θάπτω
4101,καταθαμβέομαι,κατά,θαμβέω
4102,καταθαρσύνω,κατά,θαρσύνω
4103,καταθέλγω,κατά,θέλγω
4104,καταθέω,κατά,θέω
4105,καταθεάομαι,κατά,θεάομαι
4106,κατέπεφνον,κατά,θείνω
4107,καταθεματίζω,κατά,θεματίζω
4108,καταθεωρέω,κατά,θεωρέω
4109,καταθήγω,κατά,θήγω
4110,καταθηλύνω,κατά,θηλύνω
4111,καταθλίβω,κατά,θλίβω
4112,καταθνήσκω,κατά,θνήσκω
4113,καταθορυβέω,κατά,θορυβέω
4114,καταθραύω,κατά,θραύω
4115,καταθρηνέω,κατά,θρηνέω
4116,καταθρώσκω,κατά,θρώσκω
4117,καταθύω,κατά,θύω1
4118,καταθωρακίζομαι,κατά,θωρακίζω
4119,καταρράπτω,κατά,ῥάπτω
4120,καταρρακόω,κατά,ῥακόω
4121,καταρρᾳθυμέω,κατά,ῥᾳθυμέω
4122,καταρρέπω,κατά,ῥέπω
4123,καταρρέω,κατά,ῥέω
4124,καταρρέζω,κατά,ῥέζω
4125,καταράσσω,κατά,ῥήγνυμι
4126,καταρρήγνυμι,κατά,ῥήγνυμι
4127,καταρρίπτω,κατά,ῥίπτω
4128,καταρρινάω,κατά,ῥινάω
4129,καταρροφέω,κατά,ῥοφέω
4130,κατασβέννυμι,κατά,σβέννυμι
4131,κατασείω,κατά,σείω
4132,κατασεύομαι,κατά,σεύω
4133,κατασφάζω,κατά,σφάζω
4134,κατασήπω,κατά,σήπω
4135,κατασημαίνω,κατά,σημαίνω
4136,κατασιγάω,κατά,σιγάω
4137,κατασικελίζω,κατά,σικελίζω
4138,κατασιτέομαι,κατά,σιτέομαι
4139,κατασιωπάω,κατά,σιωπάω
4140,κατασκάπτω,κατά,σκάπτω
4141,κατασκέλλομαι,κατά,σκέλλω
4142,κατασκεδάννυμι,κατά,σκεδάννυμι
4143,κατασκευάζω,κατά,σκευάζω
4144,κατασκήπτω,κατά,σκήπτω
4145,κατασκηνάω,κατά,σκηνάω
4146,κατασκηνόω,κατά,σκηνόω
4147,κατασκιάζω,κατά,σκιάζω
4148,κατασκοπέω,κατά,σκοπέω
4149,κατασκώπτω,κατά,σκώπτω
4150,κατασμικρίζω,κατά,σμικρίζω
4151,κατασμύχω,κατά,σμύχω
4152,κατασοφίζομαι,κατά,σοφίζω
4153,κατασπάω,κατά,σπάω
4154,κατασπαράσσω,κατά,σπαράσσω
4155,κατασπαταλάω,κατά,σπαταλάω
4156,κατασπένδω,κατά,σπένδω
4157,κατασπέρχω,κατά,σπέρχω
4158,κατασπείρω,κατά,σπείρω
4159,κατασπεύδω,κατά,σπεύδω
4160,κατασποδέω,κατά,σποδέω
4161,κατασπουδάζομαι,κατά,σπουδάζω
4162,καταστάζω,κατά,στάζω
4163,καταστασιάζω,κατά,στασιάζω
4164,καταστέφω,κατά,στέφω
4165,καταστέλλω,κατά,στέλλω
4166,καταστένω,κατά,στένω
4167,καταστεφανόω,κατά,στεφανόω
4168,καταστεγάζω,κατά,στεγάζω
4169,καταστείβω,κατά,στείβω
4170,καταστείχω,κατά,στείχω
4171,καταστίλβω,κατά,στίλβω
4172,καταστίζω,κατά,στίζω
4173,καταστιλβόομαι,κατά,στιλβόω
4174,καταστοναχέω,κατά,στοναχέω
4175,καταστρατοπεδεύω,κατά,στρατοπεδεύω
4176,καταστρέφω,κατά,στρέφω
4177,καταστρηνιάω,κατά,στρηνιάω
4178,καταστορέννυμι,κατά,στρώννυμι
4179,καταστρώννυμι,κατά,στρώννυμι
4180,καταστύφω,κατά,στύφω
4181,καταστυγέω,κατά,στυγέω
4182,καταστωμύλλομαι,κατά,στωμύλλω
4183,κατασύρω,κατά,σύρω
4184,κατασώχω,κατά,σώχω
4185,κατασχεθεῖν,κατά,σχέθω%2
4186,κατασχηματίζω,κατά,σχηματίζω
4187,κατασχίζω,κατά,σχίζω
4188,κατασχολάζω,κατά,σχολάζω
4189,κατατάσσω,κατά,τάσσω
4190,κατατανύω,κατά,τανύω
4191,καττάνυσαν,κατά,τανύω
4192,κατατέμνω,κατά,τέμνω
4193,κατατείνω,κατά,τείνω
4194,κατατήκω,κατά,τήκω
4195,κατατίθημι,κατά,τίθημι
4196,κατατιλάω,κατά,τιλάω
4197,κατατιτρώσκω,κατά,τιτρώσκω
4198,κατατοξεύω,κατά,τοξεύω
4199,κατατοκίζω,κατά,τοκίζω
4200,κατατραυματίζω,κατά,τραυματίζω
4201,κατατρέχω,κατά,τρέχω
4202,κατατρίβω,κατά,τρίβω
4203,κατατρίζω,κατά,τρίζω
4204,κατατρύω,κατά,τρύω
4205,κατατρύχω,κατά,τρύχω
4206,κατατρύζω,κατά,τρύζω
4207,κατατρώγω,κατά,τρώγω
4208,κατατυγχάνω,κατά,τυγχάνω
4209,καθυβρίζω,κατά,ὑβρίζω
4210,καθυπνόω,κατά,ὑπνόω
4211,καθυστερέω,κατά,ὑστερέω
4212,κατωθέω,κατά,ὠθέω
4213,καταχαίρω,κατά,χαίρω
4214,καταχαλαζάω,κατά,χαλαζάω
4215,καταχαλκόω,κατά,χαλκόω
4216,καταχαρίζομαι,κατά,χαρίζομαι
4217,καταχέω,κατά,χέω
4218,καταχεύω,κατά,χέω
4219,καταχέζω,κατά,χέζω
4220,καταχειροτονέω,κατά,χειροτονέω
4221,καταχηρεύω,κατά,χηρεύω
4222,καταχώννυμι,κατά,χόω
4223,καταχορδεύω,κατά,χορδεύω
4224,καταχορηγέω,κατά,χορηγέω
4225,καταχράομαι,κατά,χράομαι
4226,καταχράω,κατά,χράω3
4227,καταχραίνομαι,κατά,χραίνω
4228,καταχρέμπτομαι,κατά,χρέμπτομαι
4229,καταχρειόομαι,κατά,χρειόω
4230,καταχρυσόω,κατά,χρυσόω
4231,καταχρώζω,κατά,χρώζω
4232,καταχωνεύω,κατά,χωνεύω
4233,καταχωρίζω,κατά,χωρίζω
4234,καταψάλλομαι,κατά,ψάλλω
4235,καταψάω,κατά,ψάω
4236,καταψεκάζω,κατά,ψεκάζω
4237,καταψεύδομαι,κατά,ψεύδω
4238,καταψευδομαρτυρέω,κατά,ψευδομαρτυρέω
4239,καταψήχω,κατά,ψήχω
4240,καταψηφίζομαι,κατά,ψηφίζω
4241,καταψύχω,κατά,ψύχω
4242,καταζάω,κατά,ζάω
4243,καταζεύγνυμι,κατά,ζεύγνυμι
4244,καταζώννυμι,κατά,ζώννυμι
4245,κατηφέω,κατηφ,κατηφέω
4246,κατηφιάω,κατηφι,κατηφιάω
4247,μεταμπέχομαι,μετά-ἀμφί,ἔχω
4248,μεταναγιγνώσκομαι,μετά-ἀνά,γιγνώσκω
4249,μετανίστημι,μετά-ἀνά,ἵστημι
4250,μετεξανίσταμαι,μετά-ἐκ-ἀνά,ἵστημι
4251,μετεξαιρέομαι,μετά-ἐκ,αἱρέω
4252,μετεκβαίνω,μετά-ἐκ,βαίνω
4253,μετεκδίδωμι,μετά-ἐκ,δίδωμι
4254,μετεκδύομαι,μετά-ἐκ,δύω2
4255,μετεμβαίνω,μετά-ἐν,βαίνω
4256,μετεμβιβάζω,μετά-ἐν,βιβάζω
4257,μετενδύω,μετά-ἐν,δύω2
4258,μετεγγράφω,μετά-ἐν,γράφω
4259,μετεντίθημι,μετά-ἐν,τίθημι
4260,μεταψαίρω,μετά,Ψαίρω
4261,μεθάλλομαι,μετά,ἅλλομαι
4262,μεθαρμόζω,μετά,ἁρμόζω
4263,μετάγω,μετά,ἄγω
4264,μεταίσσω,μετά,ἀίσσω
4265,μεταλλάσσω,μετά,ἀλλάσσω
4266,μεταμείβω,μετά,ἀμείβω
4267,μεταμφιάζω,μετά,ἀμφιάζω
4268,μεταντλέω,μετά,ἀντλέω
4269,μεθαιρέω,μετά,αἱρέω
4270,μεταίρω,μετά,αἴρω
4271,μεταιτέω,μετά,αἰτέω
4272,μεταυδάω,μετά,αὐδάω
4273,μεταυγάζω,μετά,αὐγάζω
4274,μεταβάλλω,μετά,βάλλω
4275,μεταβάπτω,μετά,βάπτω
4276,μεταβαίνω,μετά,βαίνω
4277,μεταβιβάζω,μετά,βιβάζω
4278,μεταβουλεύω,μετά,βουλεύω
4279,μεταδαίνυμαι,μετά,δαίνυμι
4280,μεταδίδωμι,μετά,δίδωμι
4281,μεταδιαιτάω,μετά,διαιτάω
4282,μεταδιώκω,μετά,διώκω
4283,μεταδοξάζω,μετά,δοξάζω
4284,μεταδοκέω,μετά,δοκέω
4285,μεθέλκω,μετά,ἕλκω
4286,μεθέπω,μετά,ἕπομαι
4287,μετέρχομαι,μετά,ἔρχομαι
4288,μετέχω,μετά,ἔχω
4289,μετεννέπω,μετά,ἐνέπω
4290,μέτειμι2,μετά,εἶμι
4291,μετεῖπον,μετά,εἶπον
4292,μέτειμι1,μετά,εἰμί
4293,μετεύχομαι,μετά,εὔχομαι
4294,μεταφέρω,μετά,φέρω
4295,μετάφημι,μετά,φημί
4296,μεταφορέω,μετά,φορέω
4297,μεταφράζω,μετά,φράζω
4298,μεταφωνέω,μετά,φωνέω
4299,μεταγιγνώσκω,μετά,γιγνώσκω
4300,μεταγράφω,μετά,γράφω
4301,μεθήκω,μετά,ἥκω
4302,μεθίημι,μετά,ἵημι
4303,μεθίστημι,μετά,ἵστημι
4304,μεταίζω,μετά,ἵζω
4305,μεθιδρύω,μετά,ἱδρύω
4306,μετίσχω,μετά,ἴσχω
4307,μέθημαι,μετά,κάθημαι
4308,μετακαινίζω,μετά,καινίζω
4309,μετακαλέω,μετά,καλέω
4310,μετακαθέζομαι,μετά,καθέζομαι
4311,μετακιάθω,μετά,κιάθω
4312,μετακινέω,μετά,κινέω
4313,μετακλαίω,μετά,κλαίω
4314,μετακλίνομαι,μετά,κλίνω
4315,μετακοιμίζομαι,μετά,κοιμίζω
4316,μετακομίζω,μετά,κομίζω
4317,μετακυλινδέω,μετά,κυλινδέω
4318,μεταλαγχάνω,μετά,λαγχάνω
4319,μεταλαμβάνω,μετά,λαμβάνω
4320,μεταλήγω,μετά,λήγω
4321,μεταμαίομαι,μετά,μαίομαι
4322,μεταμανθάνω,μετά,μανθάνω
4323,μεταμέλπομαι,μετά,μέλπω
4324,μεταμέλει,μετά,μέλω
4325,μεταμέλομαι,μετά,μέλω
4326,μεταμίγνυμι,μετά,μίγνυμι
4327,μεταμίσγω,μετά,μίγνυμι
4328,μεταμορφόω,μετά,μορφόω
4329,μεταναιετάω,μετά,ναιετάω
4330,μετανίσσομαι,μετά,νίσσομαι
4331,μετανοέω,μετά,νοέω
4332,μεθοδεύω,μετά,ὁδεύω
4333,μεθοδηγέω,μετά,ὁδηγέω
4334,μεθομιλέω,μετά,ὁμιλέω
4335,μεθορμάομαι,μετά,ὁρμάω
4336,μεθορμίζω,μετά,ὁρμίζω
4337,μετοκλάζω,μετά,ὀκλάζω
4338,μετονομάζω,μετά,ὀνομάζω
4339,μετοχλίζω,μετά,ὀχλίζω
4340,μετοίχομαι,μετά,οἴχομαι
4341,μετοικέω,μετά,οἰκέω
4342,μετοικίζω,μετά,οἰκίζω
4343,μετοικοδομέω,μετά,οἰκοδομέω
4344,μεταπαιδεύω,μετά,παιδεύω
4345,μεταπαύομαι,μετά,παύω
4346,μεταπέμπω,μετά,πέμπω
4347,μεταπέταμαι,μετά,πέτομαι
4348,μεταπείθω,μετά,πείθω
4349,μεταπηδάω,μετά,πηδάω
4350,μεταπίπτω,μετά,πίπτω
4351,μεταπλάσσω,μετά,πλάσσω
4352,μεταποιέω,μετά,ποιέω
4353,μεταπορεύομαι,μετά,πορεύω
4354,μεταπρέπω,μετά,πρέπω
4355,μεταθέω,μετά,θέω
4356,μεταρρέω,μετά,ῥέω
4357,μεταρρίπτω,μετά,ῥίπτω
4358,μεταρρυθμίζω,μετά,ῥυθμίζω
4359,μετασεύομαι,μετά,σεύω
4360,μετασκευάζω,μετά,σκευάζω
4361,μετασπάω,μετά,σπάω
4362,μεταστέλλομαι,μετά,στέλλω
4363,μεταστένω,μετά,στένω
4364,μεταστείχω,μετά,στείχω
4365,μεταστοναχίζω,μετά,στεναχίζω
4366,μεταστρατοπεδεύω,μετά,στρατοπεδεύω
4367,μεταστρέφω,μετά,στρέφω
4368,μετασχηματίζω,μετά,σχηματίζω
4369,μετατάσσω,μετά,τάσσω
4370,μετατίκτω,μετά,τίκτω
4371,μετατίθημι,μετά,τίθημι
4372,μετατρέπομαι,μετά,τρέπω
4373,μετατρέχω,μετά,τρέχω
4374,μετατροπαλίζομαι,μετά,τροπαλίζομαι
4375,μεταχειρίζω,μετά,χειρίζω
4376,μεταχωρέω,μετά,χωρέω
4377,μεταζεύγνυμι,μετά,ζεύγνυμι
4378,μετεωροκοπέω,μετεωρο,κοπέω
4379,παραμπέχω,παρά-ἀμφί,ἔχω
4380,παραναλίσκω,παρά-ἀνά,ἀναλίσκω
4381,παραναδύομαι,παρά-ἀνά,δύω2
4382,παραναγιγνώσκω,παρά-ἀνά,γιγνώσκω
4383,παρανίστημι,παρά-ἀνά,ἵστημι
4384,παρανίσχω,παρά-ἀνά,ἴσχω
4385,παρανοίγνυμι,παρά-ἀνά,οἴγω
4386,παραντέλλω,παρά-ἀνά,τέλλω
4387,παραπολαύω,παρά-ἀπό,ἀπολαύω
4388,παραπόλλυμι,παρά-ἀπό,ὄλλυμι
4389,παραδιηγέομαι,παρά-διά,ἡγέομαι
4390,παρεκπροφεύγω,παρά-ἐκ-πρό,φεύγω
4391,παρεξαίρω,παρά-ἐκ,αἴρω
4392,παρεξαυλέω,παρά-ἐκ,αὐλέω
4393,παρεκβαίνω,παρά-ἐκ,βαίνω
4394,παρεξέρχομαι,παρά-ἐκ,ἔρχομαι
4395,παρεξελαύνω,παρά-ἐκ,ἐλαύνω
4396,παρεξετάζω,παρά-ἐκ,ἐτάζω
4397,παρέξειμι,παρά-ἐκ,εἶμι
4398,παρεξευρίσκω,παρά-ἐκ,εὑρίσκω
4399,παρεξίημι,παρά-ἐκ,ἵημι
4400,παρεκκλίνω,παρά-ἐκ,κλίνω
4401,παρεκλέγω,παρά-ἐκ,λέγω1
4402,παρεκτείνω,παρά-ἐκ,τείνω
4403,παρεκτελέω,παρά-ἐκ,τελέω
4404,παρεκτρέπω,παρά-ἐκ,τρέπω
4405,παρεκτρέχω,παρά-ἐκ,τρέχω
4406,παρεκχέω,παρά-ἐκ,χέω
4407,παρεμβάλλω,παρά-ἐν,βάλλω
4408,παρεμβλέπω,παρά-ἐν,βλέπω
4409,παρεμβύω,παρά-ἐν,βύω
4410,παρεγγράφω,παρά-ἐν,γράφω
4411,παρεγκλίνω,παρά-ἐν,κλίνω
4412,παρενοχλέω,παρά-ἐν,ὀχλέω
4413,παρεμπίπλημι,παρά-ἐν,πίμπλημι
4414,παρεμπίπραμαι,παρά-ἐν,πίμπρημι
4415,παρεμπίπτω,παρά-ἐν,πίπτω
4416,παρεμπορεύομαι,παρά-ἐν,πορεύω
4417,παρενσαλεύω,παρά-ἐν,σαλεύω
4418,παρεντείνω,παρά-ἐν,τείνω
4419,παρεπιδείκνυμαι,παρά-ἐπί,δείκνυμι
4420,παρεφεδρεύω,παρά-ἐπί,ἐνεδρεύω
4421,παρεπιγράφω,παρά-ἐπί,γράφω
4422,παρεισάγω,παρά-εἰς,ἄγω
4423,παρεισέρχομαι,παρά-εἰς,ἔρχομαι
4424,παρεισφέρω,παρά-εἰς,φέρω
4425,παρεισπίπτω,παρά-εἰς,πίπτω
4426,παρεισρέω,παρά-εἰς,ῥέω
4427,παρακαταβάλλω,παρά-κατά,βάλλω
4428,παρακαταβαίνω,παρά-κατά,βαίνω
4429,παρακατέχω,παρά-κατά,ἔχω
4430,παρακαθίημι,παρά-κατά,ἵημι
4431,παρακαθίστημι,παρά-κατά,ἵστημι
4432,παρακαθιδρύομαι,παρά-κατά,ἱδρύω
4433,παρακάθημαι,παρά-κατά,κάθημαι
4434,παρακατάκειμαι,παρά-κατά,κεῖμαι
4435,παρακατακλίνω,παρά-κατά,κλίνω
4436,παρακαταλέγομαι,παρά-κατά,λέγω1
4437,παρακαταλείπω,παρά-κατά,λείπω
4438,παρακατοικίζω,παρά-κατά,οἰκίζω
4439,παρακαταπήγνυμι,παρά-κατά,πήγνυμι
4440,παρακαταθνήσκω,παρά-κατά,θνήσκω
4441,παρακατατίθεμαι,παρά-κατά,τίθημι
4442,παρασυλλέγομαι,παρά-σύν,λέγω2
4443,παράπτω,παρά,ἅπτω
4444,παραρπάζω,παρά,ἁρπάζω
4445,παράγω,παρά,ἄγω
4446,παραείδω,παρά,ἀείδω
4447,παραείρω,παρά,ἀείρω
4448,παραγγέλλω,παρά,ἀγγέλλω
4449,παραγκωνίζω,παρά,ἀγκωνίζω
4450,παραίσσω,παρά,ἀίσσω
4451,παρακμάζω,παρά,ἀκμάζω
4452,παρακολουθέω,παρά,ἀκολουθέω
4453,παρακονάω,παρά,ἀκονάω
4454,παρακοντίζω,παρά,ἀκοντίζω
4455,παρακούω,παρά,ἀκούω
4456,παραλείφω,παρά,ἀλείφω
4457,παραλλάσσω,παρά,ἀλλάσσω
4458,παραμείβω,παρά,ἀμείβω
4459,παραμελέω,παρά,ἀμελέω
4460,παραμεύομαι,παρά,ἀμεύομαι
4461,παραπαφίσκω,παρά,ἀπαφίσκω
4462,παραπατάω,παρά,ἀπατάω
4463,παραρτάομαι,παρά,ἀρτάω
4464,παραρτέομαι,παρά,ἀρτέομαι
4465,παραρτύω,παρά,ἀρτύω
4466,παρασιτέω,παρά,ἀσιτέω
4467,παρασπίζω,παρά,ἀσπίζω
4468,παραιρέω,παρά,αἱρέω
4469,παραινέω,παρά,αἰνέω
4470,παραιθύσσω,παρά,αἰθύσσω
4471,παραισθάνομαι,παρά,αἰσθάνομαι
4472,παραιτέομαι,παρά,αἰτέω
4473,παραιωρέω,παρά,αἰωρέω
4474,παραυδάω,παρά,αὐδάω
4475,παραυγάζω,παρά,αὐγάζω
4476,παραβάλλω,παρά,βάλλω
4477,παραβάπτω,παρά,βάπτω
4478,παραβαίνω,παρά,βαίνω
4479,παραβιάζομαι,παρά,βιάζω
4480,παραβλαστάνω,παρά,βλαστάνω
4481,παραβλέπω,παρά,βλέπω
4482,παραβλώσκω,παρά,βλώσκω
4483,παραβοηθέω,παρά,βοηθέω
4484,παραβύω,παρά,βύω
4485,παραξέω,παρά,ξέω
4486,παραδακρύω,παρά,δακρύω
4487,παραδαρθάνω,παρά,δαρθάνω
4488,παραδέχομαι,παρά,δέχομαι
4489,παραδείκνυμι,παρά,δείκνυμι
4490,παραδειγματίζω,παρά,δειγματίζω
4491,παραδειπνέομαι,παρά,δειπνέω
4492,παραδηλόω,παρά,δηλόω
4493,παραδίδωμι,παρά,δίδωμι
4494,παραδιακονέω,παρά,διακονέω
4495,παραδράω,παρά,δράω
4496,παραδύομαι,παρά,δύω2
4497,παραδυναστεύω,παρά,δυναστεύω
4498,παραδωσείω,παρά,δωσείω
4499,παρέλκω,παρά,ἕλκω
4500,παρέπομαι,παρά,ἕπομαι
4501,παρέρπω,παρά,ἕρπω
4502,παρέζομαι,παρά,ἕζομαι
4503,παρέρχομαι,παρά,ἔρχομαι
4504,παρέχω,παρά,ἔχω
4505,παρεγείρω,παρά,ἐγείρω
4506,παρεγγυάω,παρά,ἐγγυάω
4507,παρελαύνω,παρά,ἐλαύνω
4508,παρεμπολάω,παρά,ἐμπολάω
4509,παρεδρεύω,παρά,ἐνεδρεύω
4510,παρερύω,παρά,ἐρύω
4511,παρεσθίω,παρά,ἐσθίω
4512,παρείκω,παρά,εἴκω
4513,παρείρω,παρά,εἴρω
4514,παρεῖδον,παρά,εἶδον
4515,πάρειμι2,παρά,εἶμι
4516,παρεῖπον,παρά,εἶπον
4517,παρεικάζω,παρά,εἰκάζω
4518,πάρειμι1,παρά,εἰμί
4519,παρευρίσκω,παρά,εὑρίσκω
4520,παρευδοκιμέω,παρά,εὐδοκιμέω
4521,παρευνάζομαι,παρά,εὐνάζω
4522,παρευθύνω,παρά,εὐθύνω
4523,παρευτακτέω,παρά,εὐτακτέω
4524,παρευτρεπίζω,παρά,εὐτρεπίζω
4525,παραφαίνω,παρά,φαίνω
4526,παραφέρω,παρά,φέρω
4527,παραφεύγω,παρά,φεύγω
4528,παράφημι,παρά,φημί
4529,παραφορέω,παρά,φορέω
4530,παραφθάνω,παρά,φθάνω
4531,παραφθέγγομαι,παρά,φθέγγομαι
4532,παραφράσσω,παρά,φράσσω
4533,παραφρονέω,παρά,φρονέω
4534,παραφρουρέω,παρά,φρουρέω
4535,παραφύομαι,παρά,φύω
4536,παραφυλάσσω,παρά,φυλάσσω
4537,παραγεύω,παρά,γεύω
4538,παραγηράω,παρά,γηράσκω
4539,παραγίγνομαι,παρά,γίγνομαι
4540,παραγιγνώσκω,παρά,γιγνώσκω
4541,παραγράφω,παρά,γράφω
4542,παραγυμνόω,παρά,γυμνόω
4543,παρήκω,παρά,ἥκω
4544,παρηβάω,παρά,ἡβάω
4545,παρηγορέω,παρά,ἠγορέω
4546,παρίημι,παρά,ἵημι
4547,παρίκω,παρά,ἵκω
4548,παρίστημι,παρά,ἵστημι
4549,παρίζω,παρά,ἵζω
4550,παριδρύω,παρά,ἱδρύω
4551,παριππεύω,παρά,ἱππεύω
4552,παριστάνω,παρά,ἱστάνω
4553,παρίσχω,παρά,ἴσχω
4554,παριαύω,παρά,ἰαύω
4555,παρισόομαι,παρά,ἰσόω
4556,πάρημαι,παρά,κάθημαι
4557,παρακαίομαι,παρά,καίω
4558,παρακαλέω,παρά,καλέω
4559,παρακαλύπτω,παρά,καλύπτω
4560,παρακαθίζω,παρά,καθίζω
4561,παρακαττύω,παρά,κασσύω
4562,παράκειμαι,παρά,κεῖμαι
4563,παρακελεύομαι,παρά,κελεύω
4564,παρακελητίζω,παρά,κελητίζω
4565,παρακίω,παρά,κίω
4566,παρακινδυνεύω,παρά,κινδυνεύω
4567,παρακινέω,παρά,κινέω
4568,παρακλέπτω,παρά,κλέπτω
4569,παρακλείω,παρά,κλείω1
4570,παρακλίνω,παρά,κλίνω
4571,παρακλύω,παρά,κλύω
4572,παρακόπτω,παρά,κόπτω
4573,παρακοινάομαι,παρά,κοινάομαι
4574,παρακομίζω,παρά,κομίζω
4575,παρακρεμάννυμι,παρά,κρεμάννυμι
4576,παρακρίνω,παρά,κρίνω
4577,παρακροτέω,παρά,κροτέω
4578,παρακρούω,παρά,κρούω
4579,παρακτάομαι,παρά,κτάομαι
4580,παρακύπτω,παρά,κύπτω
4581,παραλαμβάνω,παρά,λαμβάνω
4582,παραλανθάνω,παρά,λανθάνω
4583,παραλέγω,παρά,λέγω1
4584,παραλείπω,παρά,λείπω
4585,παραληρέω,παρά,ληρέω
4586,παραλογίζομαι,παρά,λογίζομαι
4587,παραλύω,παρά,λύω
4588,παραλυπέω,παρά,λυπέω
4589,παραμένω,παρά,μένω
4590,παραμετρέω,παρά,μετρέω
4591,παραμίγνυμι,παρά,μίγνυμι
4592,παραμίμνω,παρά,μίμνω
4593,παραμιμνήσκομαι,παρά,μιμνήσκω
4594,παραμυκάομαι,παρά,μυκάομαι
4595,παραμυθέομαι,παρά,μυθέομαι
4596,παραναιετάω,παρά,ναιετάω
4597,παρανήχομαι,παρά,νήχω
4598,παρανηνέω,παρά,νηνέω
4599,παρανίσσομαι,παρά,νίσσομαι
4600,παρανικάω,παρά,νικάω
4601,παρανοέω,παρά,νοέω
4602,παρανομέω,παρά,νομέω
4603,παρανυκτερεύω,παρά,νυκτερεύω
4604,παροδεύω,παρά,ὁδεύω
4605,παρομαρτέω,παρά,ὁμαρτέω
4606,παρομοιάζω,παρά,ὁμοιάζω
4607,παροπλίζω,παρά,ὁπλίζω
4608,παροράω,παρά,ὁράω
4609,παρορίζω,παρά,ὁρίζω
4610,παρορμάω,παρά,ὁρμάω
4611,παρορμέω,παρά,ὁρμέω
4612,παρορμίζω,παρά,ὁρμίζω
4613,παροξύνω,παρά,ὀξύνω
4614,παρολιγωρέω,παρά,ὀλιγωρέω
4615,παρονομάζω,παρά,ὀνομάζω
4616,παροργίζω,παρά,ὀργίζω
4617,παρορύσσω,παρά,ὀρύσσω
4618,παρορχέομαι,παρά,ὀρχέομαι
4619,παροτρύνω,παρά,ὀτρύνω
4620,παροχέομαι,παρά,ὀχέω
4621,παροχετεύω,παρά,ὀχετεύω
4622,παροχλίζω,παρά,ὀχλίζω
4623,παροψάομαι,παρά,ὀψάομαι
4624,παροίγνυμι,παρά,οἴγω
4625,παροίχομαι,παρά,οἴχομαι
4626,παροικέω,παρά,οἰκέω
4627,παροικίζω,παρά,οἰκίζω
4628,παροικοδομέω,παρά,οἰκοδομέω
4629,παροινέω,παρά,οἰνέω
4630,παραπάλλομαι,παρά,πάλλω
4631,παραπαίω,παρά,παίω1
4632,παραπαιδαγωγέω,παρά,παιδαγωγέω
4633,παραπέμπω,παρά,πέμπω
4634,παραπέτομαι,παρά,πέτομαι
4635,παραπείθω,παρά,πείθω
4636,παραπήγνυμι,παρά,πήγνυμι
4637,παραπηδάω,παρά,πηδάω
4638,παραπίμπραμαι,παρά,πίμπρημι
4639,παραπίπτω,παρά,πίπτω
4640,παραπικραίνω,παρά,πικραίνω
4641,παραπλάζω,παρά,πλάζω
4642,παραπλέκω,παρά,πλέκω
4643,παραπλέω,παρά,πλέω
4644,παραπλήσσω,παρά,πλήσσω
4645,παραπλησιάζω,παρά,πλησιάζω
4646,παραπνέω,παρά,πνέω
4647,παραποδίζω,παρά,ποδίζω
4648,παραποιέω,παρά,ποιέω
4649,παραπορεύομαι,παρά,πορεύω
4650,παραπράσσω,παρά,πράσσω
4651,παραπρεσβεύω,παρά,πρεσβεύω
4652,παραθάλπω,παρά,θάλπω
4653,παραθαρσύνω,παρά,θαρσύνω
4654,παραθέλγω,παρά,θέλγω
4655,παραθέω,παρά,θέω
4656,παραθεάομαι,παρά,θεάομαι
4657,παραθερμαίνω,παρά,θερμαίνω
4658,παραθεωρέω,παρά,θεωρέω
4659,παραρράπτομαι,παρά,ῥάπτω
4660,παραρρέω,παρά,ῥέω
4661,παραρρήγνυμι,παρά,ῥήγνυμι
4662,παραρρίπτω,παρά,ῥίπτω
4663,παρασάττω,παρά,σάττω
4664,παρασείω,παρά,σείω
4665,παρασφάλλω,παρά,σφάλλω
4666,παρασημαίνομαι,παρά,σημαίνω
4667,παρασιγάω,παρά,σιγάω
4668,παρασιωπάω,παρά,σιωπάω
4669,παρασκευάζω,παρά,σκευάζω
4670,παρασκήπτω,παρά,σκήπτω
4671,παρασκηνάω,παρά,σκηνάω
4672,παρασκηνόω,παρά,σκηνόω
4673,παρασκιρτάω,παρά,σκιρτάω
4674,παρασκοπέω,παρά,σκοπέω
4675,παρασκώπτω,παρά,σκώπτω
4676,παρασοβέω,παρά,σοβέω
4677,παρασοφίζομαι,παρά,σοφίζω
4678,παρασπάω,παρά,σπάω
4679,παρασπονδέω,παρά,σπονδέω
4680,παραστατέω,παρά,στατέω
4681,παραστείχω,παρά,στείχω
4682,παραστρατηγέω,παρά,στρατηγέω
4683,παραστρατοπεδεύω,παρά,στρατοπεδεύω
4684,παραστρέφω,παρά,στρέφω
4685,παραστορέννυμι,παρά,στρώννυμι
4686,παρασύρω,παρά,σύρω
4687,παρασυγγραφέω,παρά,συγγραφέω
4688,παρασχίζω,παρά,σχίζω
4689,παρατάσσω,παρά,τάσσω
4690,παρατείνω,παρά,τείνω
4691,παρατεκταίνομαι,παρά,τεκταίνομαι
4692,παρατηρέω,παρά,τηρέω
4693,παρατίλλω,παρά,τίλλω
4694,παρατίθημι,παρά,τίθημι
4695,παρατρέφω,παρά,τρέφω
4696,παρατρέπω,παρά,τρέπω
4697,παρατρέω,παρά,τρέω
4698,παρατρέχω,παρά,τρέχω
4699,παρατρίβω,παρά,τρίβω
4700,παρατροπέω,παρά,τροπέω
4701,παρατροχάζω,παρά,τροχάζω
4702,παρατρώγω,παρά,τρώγω
4703,παρατρωπάω,παρά,τρωπάω
4704,παρατυγχάνω,παρά,τυγχάνω
4705,παρυφαίνω,παρά,ὑφαίνω
4706,παραυλίζω,παρά,ὑλίζω
4707,παρωθέω,παρά,ὠθέω
4708,παραχαλάω,παρά,χαλάω
4709,παραχαράσσω,παρά,χαράσσω
4710,παραχέω,παρά,χέω
4711,παραχειμάζω,παρά,χειμάζω
4712,παραχώννυμι,παρά,χόω
4713,παραχράομαι,παρά,χράομαι
4714,παραχρηστηριάζω,παρά,χρηστηριάζω
4715,παραχρώννυμι,παρά,χρώζω
4716,παραχωρέω,παρά,χωρέω
4717,παραψάλλω,παρά,ψάλλω
4718,παραψελλίζω,παρά,ψελλίζω
4719,παραψύχω,παρά,ψύχω
4720,παραζεύγνυμι,παρά,ζεύγνυμι
4721,παραζώννυμι,παρά,ζώννυμι
4722,περιαμπέχω,περί-ἀμφί,ἔχω
4723,περικαθάπτω,περί-κατά,ἅπτω
4724,περικάθημαι,περί-κατά,κάθημαι
4725,περικαταρρέω,περί-κατά,ῥέω
4726,περικαταρρήγνυμι,περί-κατά,ῥήγνυμι
4727,περιπροχέομαι,περί-πρό,χέω
4728,περιάπτω,περί,ἅπτω
4729,περιαγνίζω,περί,ἁγνίζω
4730,περιαρμόζω,περί,ἁρμόζω
4731,περιάγνυμι,περί,ἄγνυμι
4732,περιάγω,περί,ἄγω
4733,περιᾴδω,περί,ἀείδω
4734,περιαγείρω,περί,ἀγείρω
4735,περιαγγέλλω,περί,ἀγγέλλω
4736,περιαλείφω,περί,ἀλείφω
4737,περιαλγέω,περί,ἀλγέω
4738,περιαμύνω,περί,ἀμύνω
4739,περιαρτάω,περί,ἀρτάω
4740,περιαστράπτω,περί,ἀστράπτω
4741,περιασχολέω,περί,ἀσχολέω
4742,περιαιρέω,περί,αἱρέω
4743,περιβάλλω,περί,βάλλω
4744,περιβαίνω,περί,βαίνω
4745,περιβιόω,περί,βιόω
4746,περιβλέπω,περί,βλέπω
4747,περιβόσκω,περί,βόσκω
4748,περιβύω,περί,βύω
4749,περιξυράω,περί,ξυρέω
4750,περιδέω,περί,δέω1
4751,περιδείδω,περί,δείδω
4752,περιδίδομαι,περί,δίδωμι
4753,περιδίω,περί,δίω
4754,περιδινέω,περί,δινεύω
4755,περιδιώκω,περί,διώκω
4756,περιδράσσομαι,περί,δράσσομαι
4757,περιδρύπτω,περί,δρύπτω
4758,περιδύω,περί,δύω2
4759,περιέλκω,περί,ἕλκω
4760,περιέννυμι,περί,ἕννυμι
4761,περιέπω,περί,ἕπομαι
4762,περιελίσσω,περί,ἑλίσσω
4763,περιέργω,περί,ἔργω1
4764,περιέρχομαι,περί,ἔρχομαι
4765,περιέχω,περί,ἔχω
4766,περιελαύνω,περί,ἐλαύνω
4767,περιεργάζομαι,περί,ἐργάζομαι
4768,περιεσθίω,περί,ἐσθίω
4769,περιείλω,περί,εἴλω
4770,περιείρω,περί,εἴρω
4771,περίειμι2,περί,εἶμι
4772,περίειμι1,περί,εἰμί
4773,περιφαίνομαι,περί,φαίνω
4774,περιφέρω,περί,φέρω
4775,περιφείδομαι,περί,φείδομαι
4776,περιφεύγω,περί,φεύγω
4777,περιφλέγω,περί,φλέγω
4778,περιφλεύω,περί,φλεύω
4779,περιφοβέομαι,περί,φοβέω
4780,περιφράσσω,περί,φράσσω
4781,περιφράζομαι,περί,φράζω
4782,περιφρονέω,περί,φρονέω
4783,περιφρουρέω,περί,φρουρέω
4784,περιφύομαι,περί,φύω
4785,περιφυτεύω,περί,φυτεύω
4786,περιφωνέω,περί,φωνέω
4787,περιγίγνομαι,περί,γίγνομαι
4788,περιγληνάομαι,περί,γληνάομαι
4789,περιγνάμπτω,περί,γνάμπτω
4790,περιγράφω,περί,γράφω
4791,περιήκω,περί,ἥκω
4792,περιηγέομαι,περί,ἡγέομαι
4793,περιημεκτέω,περί,ἡμεκτέω
4794,περιηχέω,περί,ἠχέω
4795,περιξέω,περί,ἵκω
4796,περιίστημι,περί,ἵστημι
4797,περιίζομαι,περί,ἵζω
4798,περιιππεύω,περί,ἱππεύω
4799,περιιάπτω,περί,ἰάπτω
4800,περιιάχω,περί,ἰάχω
4801,περικάμπτω,περί,κάμπτω
4802,περικαίω,περί,καίω
4803,περικακέω,περί,κακέω
4804,περικαλύπτω,περί,καλύπτω
4805,περικαθέζομαι,περί,καθέζομαι
4806,περικείρω,περί,κείρω
4807,περίκειμαι,περί,κεῖμαι
4808,περικήδομαι,περί,κήδω
4809,περικλάω,περί,κλάω
4810,περικλείω,περί,κλείω1
4811,περικλίνω,περί,κλίνω
4812,περικλύζομαι,περί,κλύζω
4813,περικνίζω,περί,κνίζω
4814,περικόπτω,περί,κόπτω
4815,περικοκκάζω,περί,κοκκάζω
4816,περικομίζω,περί,κομίζω
4817,περικρεμάννυμι,περί,κρεμάννυμι
4818,περικρούω,περί,κρούω
4819,περικρύπτω,περί,κρύπτω
4820,περικυκλόω,περί,κυκλόω
4821,περικυλινδέω,περί,κυλινδέω
4822,περικωμάζω,περί,κωμάζω
4823,περικωνέω,περί,κωνέω
4824,περιλάμπω,περί,λάμπω
4825,περιλαμβάνω,περί,λαμβάνω
4826,περιλέπω,περί,λέπω
4827,περιλείπομαι,περί,λείπω
4828,περιλείχω,περί,λείχω
4829,περιλιμνάζω,περί,λιμνάζω
4830,περιλιχμάομαι,περί,λιχμάω
4831,περιλούω,περί,λούω
4832,περιμάσσω,περί,μάσσω
4833,περιμαίνομαι,περί,μαίνομαι
4834,περιμαιμάω,περί,μαιμάω
4835,περιμένω,περί,μένω
4836,περιμετρέω,περί,μετρέω
4837,περιμηχανάομαι,περί,μηχανάομαι
4838,περιμυκάομαι,περί,μυκάομαι
4839,περιναιετάω,περί,ναιετάω
4840,περινέω,περί,νέω4
4841,περινίσσομαι,περί,νίσσομαι
4842,περινίζω,περί,νίζω
4843,περινοέω,περί,νοέω
4844,περινοστέω,περί,νοστέω
4845,περιοδεύω,περί,ὁδεύω
4846,περιοδίζω,περί,ὁδίζω
4847,περιοράω,περί,ὁράω
4848,περιορίζω,περί,ὁρίζω
4849,περιορμέω,περί,ὁρμέω
4850,περιορμίζω,περί,ὁρμίζω
4851,περιολισθάνω,περί,ὀλισθάνω
4852,περιορύσσω,περί,ὀρύσσω
4853,περιορχέομαι,περί,ὀρχέομαι
4854,περίοιδα,περί,οἶδα
4855,περιοικέω,περί,οἰκέω
4856,περιοικοδομέω,περί,οἰκοδομέω
4857,περιπαπταίνω,περί,παπταίνω
4858,περιπατέω,περί,πατέω
4859,περιπέλομαι,περί,πέλω
4860,περιπέμπω,περί,πέμπω
4861,περιπέσσω,περί,πέσσω
4862,περιπέτομαι,περί,πέτομαι
4863,περιπείρω,περί,πείρω
4864,περιπετάννυμι,περί,πετάννυμι
4865,περιπήγνυμι,περί,πήγνυμι
4866,περιπηδάω,περί,πηδάω
4867,περιπίμπλαμαι,περί,πίμπλημι
4868,περιπίμπρημι,περί,πίμπρημι
4869,περιπίπτω,περί,πίπτω
4870,περιπίτνω,περί,πίπτω
4871,περιπλάσσω,περί,πλάσσω
4872,περιπλανάομαι,περί,πλανάω
4873,περιπλέκω,περί,πλέκω
4874,περιπλέω,περί,πλέω
4875,περιπλίσσομαι,περί,πλίσσομαι
4876,περιπλύνω,περί,πλύνω
4877,περιπνέω,περί,πνέω
4878,περιποιέω,περί,ποιέω
4879,περιπολέω,περί,πολέω
4880,περιπορεύομαι,περί,πορεύω
4881,περιποτάομαι,περί,ποτάομαι
4882,περιπταίω,περί,πταίω
4883,περιπτίσσω,περί,πτίσσω
4884,περιπτύσσω,περί,πτύσσω
4885,περιπτώσσω,περί,πτώσσω
4886,περιθέω,περί,θέω
4887,περιθεωρέω,περί,θεωρέω
4888,περιθρηνέομαι,περί,θρηνέω
4889,περιθριγκόω,περί,θριγκόω
4890,περιρραίνω,περί,ῥαίνω
4891,περιρρέω,περί,ῥέω
4892,περιρρήγνυμι,περί,ῥήγνυμι
4893,περιρρομβέω,περί,ῥομβέω
4894,περισαίνω,περί,σαίνω
4895,περισείομαι,περί,σείω
4896,περισκέπω,περί,σκέπω
4897,περισκιρτάω,περί,σκιρτάω
4898,περισκοπέω,περί,σκοπέω
4899,περισμαραγέω,περί,σμαραγέω
4900,περισοβέω,περί,σοβέω
4901,περισοφίζομαι,περί,σοφίζω
4902,περισπάω,περί,σπάω
4903,περισπειράω,περί,σπειράομαι
4904,περισπερχέω,περί,σπερχέω
4905,περισπογγίζω,περί,σπογγίζω
4906,περιστάζομαι,περί,στάζω
4907,περισταυρόω,περί,σταυρόω
4908,περιστέφω,περί,στέφω
4909,περιστέλλω,περί,στέλλω
4910,περιστένω,περί,στένω
4911,περιστεφανόω,περί,στεφανόω
4912,περιστείχω,περί,στείχω
4913,περιστενάζομαι,περί,στενάζω
4914,περιστεναχίζομαι,περί,στεναχίζω
4915,περιστοναχίζω,περί,στεναχίζω
4916,περιστίζω,περί,στίζω
4917,περιστιχίζω,περί,στιχίζω
4918,περιστοιχίζομαι,περί,στοιχίζω
4919,περιστρατοπεδεύομαι,περί,στρατοπεδεύω
4920,περιστρέφω,περί,στρέφω
4921,περιστρωφάομαι,περί,στρωφάω
4922,περισύρω,περί,σύρω
4923,περισυλάομαι,περί,συλάω
4924,περισώζω,περί,σώζω
4925,περισχίζω,περί,σχίζω
4926,περισχοινίζω,περί,σχοινίζω
4927,περιταφρεύω,περί,ταφρεύω
4928,περιτέλλομαι,περί,τέλλω
4929,περιτέμνω,περί,τέμνω
4930,περιτείνω,περί,τείνω
4931,περιτειχίζω,περί,τειχίζω
4932,περιτελέθω,περί,τελέθω
4933,περιτελέω,περί,τελέω
4934,περιτίλλω,περί,τίλλω
4935,περιτίθημι,περί,τίθημι
4936,περιτιταίνω,περί,τιταίνω
4937,περιτοξεύω,περί,τοξεύω
4938,περιτρέφομαι,περί,τρέφω
4939,περιτρέπω,περί,τρέπω
4940,περιτρέω,περί,τρέω
4941,περιτρέχω,περί,τρέχω
4942,περιτρομέω,περί,τρομέω
4943,περιτροπέω,περί,τροπέω
4944,περιτροχάω,περί,τροχάω
4945,περιτρώγω,περί,τρώγω
4946,περιτυγχάνω,περί,τυγχάνω
4947,περιυβρίζω,περί,ὑβρίζω
4948,περιωθέω,περί,ὠθέω
4949,περιχαρακόω,περί,χαρακόω
4950,περιχέω,περί,χέω
4951,περιχειλόω,περί,χειλόω
4952,περιχορεύω,περί,χορεύω
4953,περιχρίω,περί,χρίω
4954,περιχώομαι,περί,χώομαι
4955,περιχωρέω,περί,χωρέω
4956,περιψάω,περί,ψάω
4957,περιψιλόομαι,περί,ψιλόω
4958,περιζέω,περί,ζέω
4959,περιζώννυμαι,περί,ζώννυμι
4960,προαναρπάζω,πρό-ἀνά,ἁρπάζω
4961,προανάγω,πρό-ἀνά,ἄγω
4962,προαναλίσκω,πρό-ἀνά,ἀναλίσκω
4963,προαναιρέω,πρό-ἀνά,αἱρέω
4964,προαναβάλλομαι,πρό-ἀνά,βάλλω
4965,προαναβαίνω,πρό-ἀνά,βαίνω
4966,προαναφωνέω,πρό-ἀνά,φωνέω
4967,προανακινέω,πρό-ἀνά,κινέω
4968,προανακρίνω,πρό-ἀνά,κρίνω
4969,προαναστέλλω,πρό-ἀνά,στέλλω
4970,προαπαγορεύω,πρό-ἀπό,ἀγορεύω
4971,προαπαντάω,πρό-ἀπό,ἀντάω
4972,προαπολαύω,πρό-ἀπό,ἀπολαύω
4973,προαποδείκνυμι,πρό-ἀπό,δείκνυμι
4974,προαπέρχομαι,πρό-ἀπό,ἔρχομαι
4975,προαπεχθάνομαι,πρό-ἀπό,ἐχθάνομαι
4976,προάπειμι,πρό-ἀπό,εἶμι
4977,προαπεῖπον,πρό-ἀπό,εἶπον
4978,προαποφαίνω,πρό-ἀπό,φαίνω
4979,προαφηγέομαι,πρό-ἀπό,ἡγέομαι
4980,προαφίσταμαι,πρό-ἀπό,ἵστημι
4981,προαφικνέομαι,πρό-ἀπό,ἱκνέομαι
4982,προαποκάμνω,πρό-ἀπό,κάμνω
4983,προαποκληρόομαι,πρό-ἀπό,κληρόω
4984,προαποκτείνω,πρό-ἀπό,κτείνω
4985,προαπολείπω,πρό-ἀπό,λείπω
4986,προαπόλλυμαι,πρό-ἀπό,ὄλλυμι
4987,προαποπέμπω,πρό-ἀπό,πέμπω
4988,προαποθνήσκω,πρό-ἀπό,θνήσκω
4989,προαποθρηνέω,πρό-ἀπό,θρηνέω
4990,προαποσφάζω,πρό-ἀπό,σφάζω
4991,προαποστέλλω,πρό-ἀπό,στέλλω
4992,προαποτρέπομαι,πρό-ἀπό,τρέπω
4993,προαποχωρέω,πρό-ἀπό,χωρέω
4994,προδιεξέρχομαι,πρό-διά-ἐκ,ἔρχομαι
4995,προδιαβάλλω,πρό-διά,βάλλω
4996,προδιαβαίνω,πρό-διά,βαίνω
4997,προδιέρχομαι,πρό-διά,ἔρχομαι
4998,προδιερευνάω,πρό-διά,ἐρευνάω
4999,προδιεργάζομαι,πρό-διά,ἐργάζομαι
5000,προδιαφθείρω,πρό-διά,φθείρω
5001,προδιαγιγνώσκω,πρό-διά,γιγνώσκω
5002,προδιηγέομαι,πρό-διά,ἡγέομαι
5003,προδιαλέγομαι,πρό-διά,λέγω3
5004,προδιομολογέομαι,πρό-διά,ὁμολογέω
5005,προδιοικέω,πρό-διά,οἰκέω
5006,προδιασύρω,πρό-διά,σύρω
5007,προδιαχωρέω,πρό-διά,χωρέω
5008,προεξανίσταμαι,πρό-ἐκ-ἀνά,ἵστημι
5009,προεξαποστέλλω,πρό-ἐκ-ἀπό,στέλλω
5010,προεξεφίεμαι,πρό-ἐκ-ἐπί,ἵημι
5011,προεξαμαρτάνω,πρό-ἐκ,ἁμαρτάνω
5012,προεξάγω,πρό-ἐκ,ἄγω
5013,προεξαγγέλλω,πρό-ἐκ,ἀγγέλλω
5014,προεξαγκωνίζω,πρό-ἐκ,ἀγκωνίζω
5015,προεξαίσσω,πρό-ἐκ,ἀίσσω
5016,προεξαπατάω,πρό-ἐκ,ἀπατάω
5017,προεξαιρέω,πρό-ἐκ,αἱρέω
5018,προεκδέχομαι,πρό-ἐκ,δέχομαι
5019,προεξέρχομαι,πρό-ἐκ,ἔρχομαι
5020,προεξελαύνω,πρό-ἐκ,ἐλαύνω
5021,προεξεπίσταμαι,πρό-ἐκ,ἐπίσταμαι
5022,προεξερευνάω,πρό-ἐκ,ἐρευνάω
5023,προεξετάζω,πρό-ἐκ,ἐτάζω
5024,προέξειμι,πρό-ἐκ,εἶμι
5025,προεκφοβέω,πρό-ἐκ,φοβέω
5026,προεκκομίζω,πρό-ἐκ,κομίζω
5027,προεκλέγω,πρό-ἐκ,λέγω2
5028,προεξορμάω,πρό-ἐκ,ὁρμάω
5029,προεκπέμπω,πρό-ἐκ,πέμπω
5030,προεκπλέω,πρό-ἐκ,πλέω
5031,προεκπλήσσω,πρό-ἐκ,πλήσσω
5032,προεκθέω,πρό-ἐκ,θέω
5033,προεκτίθεμαι,πρό-ἐκ,τίθημι
5034,προεκτρέχω,πρό-ἐκ,τρέχω
5035,προεγκάθημαι,πρό-ἐν-κατά,κάθημαι
5036,προενάρχομαι,πρό-ἐν,ἄρχω
5037,προεμβάλλω,πρό-ἐν,βάλλω
5038,προεμβαίνω,πρό-ἐν,βαίνω
5039,προεμβιβάζω,πρό-ἐν,βιβάζω
5040,προενδείκνυμαι,πρό-ἐν,δείκνυμι
5041,προενσείω,πρό-ἐν,σείω
5042,προεντυγχάνω,πρό-ἐν,τυγχάνω
5043,προεπανασείω,πρό-ἐπί-ἀνά,σείω
5044,προεπαφίημι,πρό-ἐπί-ἀπό,ἵημι
5045,προεπαγγέλλομαι,πρό-ἐπί,ἀγγέλλω
5046,προεπαινέω,πρό-ἐπί,αἰνέω
5047,προεπιβουλεύω,πρό-ἐπί,βουλεύω
5048,προεπιξενόομαι,πρό-ἐπί,ξενόω
5049,προεφοδεύομαι,πρό-ἐπί,ὁδεύω
5050,προεποικέω,πρό-ἐπί,οἰκέω
5051,προεπιπλήσσω,πρό-ἐπί,πλήσσω
5052,προεπισκοπέω,πρό-ἐπί,σκοπέω
5053,προεπιχειρέω,πρό-ἐπί,χειρέω
5054,προεισάγω,πρό-εἰς,ἄγω
5055,προεισέρχομαι,πρό-εἰς,ἔρχομαι
5056,προεισφέρω,πρό-εἰς,φέρω
5057,προεισπέμπω,πρό-εἰς,πέμπω
5058,προκατάγομαι,πρό-κατά,ἄγω
5059,προκατάρχομαι,πρό-κατά,ἄρχω
5060,προκαταγγέλλω,πρό-κατά,ἀγγέλλω
5061,προκαταρτίζω,πρό-κατά,ἀρτίζω
5062,προκατέχω,πρό-κατά,ἔχω
5063,προκατελπίζω,πρό-κατά,ἐλπίζω
5064,προκατεσθίω,πρό-κατά,ἐσθίω
5065,προκαταφεύγω,πρό-κατά,φεύγω
5066,προκαταγιγνώσκω,πρό-κατά,γιγνώσκω
5067,προκαθηγέομαι,πρό-κατά,ἡγέομαι
5068,προκατηγορέω,πρό-κατά,ἠγορέω
5069,προκαθίημι,πρό-κατά,ἵημι
5070,προκαθίστημι,πρό-κατά,ἵστημι
5071,προκάθημαι,πρό-κατά,κάθημαι
5072,προκατακαίω,πρό-κατά,καίω
5073,προκατάκειμαι,πρό-κατά,κεῖμαι
5074,προκατακλίνω,πρό-κατά,κλίνω
5075,προκαταλαμβάνω,πρό-κατά,λαμβάνω
5076,προκαταλέγομαι,πρό-κατά,λέγω1
5077,προκαταλήγω,πρό-κατά,λήγω
5078,προκαταλύω,πρό-κατά,λύω
5079,προκαθοράω,πρό-κατά,ὁράω
5080,προκατόψομαι,πρό-κατά,ὁράω
5081,προκαταπίπτω,πρό-κατά,πίπτω
5082,προκαταπλέω,πρό-κατά,πλέω
5083,προκαταθέω,πρό-κατά,θέω
5084,προκατασκευάζω,πρό-κατά,σκευάζω
5085,προκαταχράομαι,πρό-κατά,χράομαι
5086,προπαραβάλλω,πρό-παρά,βάλλω
5087,προπαρέχω,πρό-παρά,ἔχω
5088,προπαρασκευάζω,πρό-παρά,σκευάζω
5089,προπροκυλίνδομαι,πρό-πρό,κυλίνδω
5090,προσυγγίγνομαι,πρό-σύν,γίγνομαι
5091,προσυμμίσγω,πρό-σύν,μίγνυμι
5092,προσυνοικέω,πρό-σύν,οἰκέω
5093,προυπεξορμάω,πρό-ὑπό-ἐκ,ὁρμάω
5094,προυπάρχω,πρό-ὑπό,ἄρχω
5095,προυφαιρέω,πρό-ὑπό,αἱρέω
5096,προυποβάλλω,πρό-ὑπό,βάλλω
5097,προυπογράφω,πρό-ὑπό,γράφω
5098,προυπόκειμαι,πρό-ὑπό,κεῖμαι
5099,προυπολαμβάνω,πρό-ὑπό,λαμβάνω
5100,προαλίσκομαι,πρό,ἁλίσκομαι
5101,προαμαρτάνω,πρό,ἁμαρτάνω
5102,προαρπάζω,πρό,ἁρπάζω
5103,προάγνυμι,πρό,ἄγνυμι
5104,προάγω,πρό,ἄγω
5105,προαδικέω,πρό,ἀδικέω
5106,προᾴδω,πρό,ἀείδω
5107,προαγγέλλω,πρό,ἀγγέλλω
5108,προαγορεύω,πρό,ἀγορεύω
5109,προαγωγεύω,πρό,ἀγωγεύω
5110,προαγωνίζομαι,πρό,ἀγωνίζομαι
5111,προακοντίζομαι,πρό,ἀκοντίζω
5112,προακούω,πρό,ἀκούω
5113,προαμύνομαι,πρό,ἀμύνω
5114,προαναισιμόω,πρό,ἀναισιμόω
5115,προανύτω,πρό,ἀνύω
5116,προασκέω,πρό,ἀσκέω
5117,προαιρέω,πρό,αἱρέω
5118,προαιδέομαι,πρό,αἰδέομαι
5119,προαισθάνομαι,πρό,αἰσθάνομαι
5120,προαιτιάομαι,πρό,αἰτιάομαι
5121,προαυδάω,πρό,αὐδάω
5122,προαυλέω,πρό,αὐλέω
5123,προβάλλω,πρό,βάλλω
5124,προβαίνω,πρό,βαίνω
5125,προβασανίζω,πρό,βασανίζω
5126,προβατεύω,πρό,βατεύω
5127,προβιάζομαι,πρό,βιάζω
5128,προβιβάζω,πρό,βιβάζω
5129,προβλέπω,πρό,βλέπω
5130,προβλώσκω,πρό,βλώσκω
5131,προβοάω,πρό,βοάω
5132,προβοηθέω,πρό,βοηθέω
5133,προβέβουλα,πρό,βούλομαι
5134,προβουλεύω,πρό,βουλεύω
5135,προβύω,πρό,βύω
5136,προδαῆναι,πρό,δάω
5137,προδανείζω,πρό,δανείζω
5138,προδαπανάω,πρό,δαπανάω
5139,προδέρκομαι,πρό,δέρκομαι
5140,προδείδω,πρό,δείδω
5141,προδείκνυμι,πρό,δείκνυμι
5142,προδειμαίνω,πρό,δειμαίνω
5143,προδηλόω,πρό,δηλόω
5144,προδίδωμι,πρό,δίδωμι
5145,προδιδάσκω,πρό,διδάσκω
5146,προδιώκω,πρό,διώκω
5147,προδοξάζω,πρό,δοξάζω
5148,προδοκέω,πρό,δοκέω
5149,προετοιμάζω,πρό,ἑτοιμάζω
5150,προεέργω,πρό,ἔργω1
5151,προέρχομαι,πρό,ἔρχομαι
5152,προέχω,πρό,ἔχω
5153,προεγείρω,πρό,ἐγείρω
5154,προελαύνω,πρό,ἐλαύνω
5155,προελπίζω,πρό,ἐλπίζω
5156,προεννέπω,πρό,ἐνέπω
5157,προεδρεύω,πρό,ἐνεδρεύω
5158,προεπίσταμαι,πρό,ἐπίσταμαι
5159,προεθίζω,πρό,ἐθίζω
5160,προερέσσω,πρό,ἐρέσσω
5161,προερευνάομαι,πρό,ἐρευνάω
5162,προεργάζομαι,πρό,ἐργάζομαι
5163,προερύω,πρό,ἐρύω
5164,προερέω,πρό,ἐρῶ
5165,προεῖδον,πρό,εἶδον
5166,πρόειμι1,πρό,εἶμι
5167,προεῖπον,πρό,εἶπον
5168,προεικάζω,πρό,εἰκάζω
5169,πρόειμι2,πρό,εἰμί
5170,προευαγγελίζομαι,πρό,εὐαγγελίζομαι
5171,προευλαβέομαι,πρό,εὐλαβέομαι
5172,προφαίνω,πρό,φαίνω
5173,προφέρω,πρό,φέρω
5174,προφεύγω,πρό,φεύγω
5175,προφητεύω,πρό,φητεύω
5176,προφοβέομαι,πρό,φοβέω
5177,προφορέομαι,πρό,φορέω
5178,προφθάνω,πρό,φθάνω
5179,προφράζω,πρό,φράζω
5180,προφυλάσσω,πρό,φυλάζω
5181,προφυράω,πρό,φυράω
5182,προφυτεύω,πρό,φυτεύω
5183,προφωνέω,πρό,φωνέω
5184,προγαργαλίζω,πρό,γαργαλίζω
5185,προγίγνομαι,πρό,γίγνομαι
5186,προγιγνώσκω,πρό,γιγνώσκω
5187,προγράφω,πρό,γράφω
5188,προγυμνάζω,πρό,γυμνάζω
5189,προήδομαι,πρό,ἥδομαι
5190,προήκω,πρό,ἥκω
5191,προηγέομαι,πρό,ἡγέομαι
5192,προησσάω,πρό,ἡσσάομαι
5193,προηγορέω,πρό,ἠγορέω
5194,προίημι,πρό,ἵημι
5195,προίστημι,πρό,ἵστημι
5196,προίζομαι,πρό,ἵζω
5197,προιππεύω,πρό,ἱππεύω
5198,προίσχω,πρό,ἴσχω
5199,προιάλλω,πρό,ἰάλλω
5200,προιάπτω,πρό,ἰάπτω
5201,προκάμνω,πρό,κάμνω
5202,προκαίω,πρό,καίω
5203,προκαλέω,πρό,καλέω
5204,προκαλίζομαι,πρό,καλίζομαι
5205,προκαλινδέομαι,πρό,καλινδέομαι
5206,προκαλύπτω,πρό,καλύπτω
5207,προκαθεύδω,πρό,καθεύδω
5208,προκαθίζω,πρό,καθίζω
5209,πρόκειμαι,πρό,κεῖμαι
5210,προκενόω,πρό,κενόω
5211,προκήδομαι,πρό,κήδω
5212,προκηραίνω,πρό,κηραίνω
5213,προκηρύσσω,πρό,κηρύσσω
5214,προκηρυκεύομαι,πρό,κηρυκεύω
5215,προκινδυνεύω,πρό,κινδυνεύω
5216,προκινέω,πρό,κινέω
5217,προκλαίω,πρό,κλαίω
5218,προκλίνω,πρό,κλίνω
5219,προκλύω,πρό,κλύω
5220,προκόπτω,πρό,κόπτω
5221,προκολάζω,πρό,κολάζω
5222,προκολακεύω,πρό,κολακεύω
5223,προκομίζω,πρό,κομίζω
5224,προκρίνω,πρό,κρίνω
5225,προκύπτω,πρό,κύπτω
5226,προκυλίνδομαι,πρό,κυλίνδω
5227,προκυλινδέομαι,πρό,κυλινδέω
5228,προκυρόομαι,πρό,κυρόω
5229,προλάζυμαι,πρό,λάζομαι
5230,προλαλέω,πρό,λαλέω
5231,προλαμβάνω,πρό,λαμβάνω
5232,προλέγω1,πρό,λέγω1
5233,προλέγω2,πρό,λέγω3
5234,προλείπω,πρό,λείπω
5235,προλεσχηνεύομαι,πρό,λεσχηνεύω
5236,προλεύσσω,πρό,λεύσσω
5237,προλοχίζω,πρό,λοχίζω
5238,προλυμαίνομαι,πρό,λυμαίνομαι
5239,προλυπέομαι,πρό,λυπέω
5240,προμάχομαι,πρό,μάχομαι
5241,προμαλάσσω,πρό,μαλάσσω
5242,προμανθάνω,πρό,μανθάνω
5243,προμαντεύομαι,πρό,μαντεύομαι
5244,προμαρτύρομαι,πρό,μαρτύρομαι
5245,προμαχέω,πρό,μαχέω
5246,προμαχίζω,πρό,μαχίζω
5247,προμελετάω,πρό,μελετάω
5248,προμεριμνάω,πρό,μεριμνάω
5249,προμηνύω,πρό,μηνύω
5250,προμηθέομαι,πρό,μηθέομαι
5251,προμηχανάομαι,πρό,μηχανάομαι
5252,προμίγνυμι,πρό,μίγνυμι
5253,προμισθόομαι,πρό,μισθόω
5254,προμνάομαι,πρό,μνάομαι
5255,προμνηστεύομαι,πρό,μνηστεύω
5256,προμοχθέω,πρό,μοχθέω
5257,προναυμαχέω,πρό,ναυμαχέω
5258,προνέμω,πρό,νέμω
5259,προνεύω,πρό,νεύω
5260,προνηστεύω,πρό,νηστεύω
5261,προνικάω,πρό,νικάω
5262,προνοέω,πρό,νοέω
5263,προνοοῦμαι,πρό,νοέω
5264,προνομεύω,πρό,νομεύω
5265,προοδεύω,πρό,ὁδεύω
5266,προοδοιπορέω,πρό,ὁδοιπορέω
5267,προοδοποιέω,πρό,ὁδοποιέω
5268,προομολογέω,πρό,ὁμολογέω
5269,προοράω,πρό,ὁράω
5270,προορίζω,πρό,ὁρίζω
5271,προορμάω,πρό,ὁρμάω
5272,προόμνυμι,πρό,ὄμνυμι
5273,προοφείλω,πρό,ὀφείλω
5274,προοίχομαι,πρό,οἴχομαι
5275,πρόοιδα,πρό,οἶδα
5276,προοικοδομέω,πρό,οἰκοδομέω
5277,προστατεύω,πρό,οστατεύω
5278,προπάσχω,πρό,πάσχω
5279,προπαιδεύω,πρό,παιδεύω
5280,προπέμπω,πρό,πέμπω
5281,προπείθω,πρό,πείθω
5282,προπετάννυμι,πρό,πετάννυμι
5283,προπηδάω,πρό,πηδάω
5284,προπηλακίζω,πρό,πηλακίζω
5285,προπίνω,πρό,πίνω
5286,προπίπτω,πρό,πίπτω
5287,προπίτνω,πρό,πίπτω
5288,προπιστεύω,πρό,πιστεύω
5289,προπλέω,πρό,πλέω
5290,προποδίζω,πρό,ποδίζω
5291,προποιέω,πρό,ποιέω
5292,προπολεμέω,πρό,πολεμέω
5293,προπολεύω,πρό,πολεύω
5294,προπομπεύω,πρό,πομπεύω
5295,προπονέω,πρό,πονέω
5296,προπορεύομαι,πρό,πορεύω
5297,προπορίζομαι,πρό,πορίζω
5298,προπράσσω,πρό,πράσσω
5299,προφασίζομαι,πρό,προφασίζομαι
5300,προπυνθάνομαι,πρό,πυνθάνομαι
5301,προθέω1,πρό,θέω
5302,προθεραπεύω,πρό,θεραπεύω
5303,προθεσπίζω,πρό,θεσπίζω
5304,προθνήσκω,πρό,θνήσκω
5305,προθρυλέω,πρό,θρυλέω
5306,προθρώσκω,πρό,θρώσκω
5307,προθύω,πρό,θύω1
5308,προθυμέομαι,πρό,θυμέω
5309,προρέω,πρό,ῥέω
5310,προσσαίνω,πρό,σαίνω
5311,προσσέβω,πρό,σέβω
5312,προσείω,πρό,σείω
5313,προσφάζω,πρό,σφάζω
5314,προσσφάζω,πρό,σφάζω
5315,προσημαίνω,πρό,σημαίνω
5316,προσσημαίνω,πρό,σημαίνω
5317,προσκοπέω,πρό,σκοπέω
5318,προσκοτόω,πρό,σκοτόω
5319,προσστάζω,πρό,στάζω
5320,προστατέω,πρό,στατέω
5321,προσσταυρόω,πρό,σταυρόω
5322,προσταυρόω,πρό,σταυρόω
5323,προσστέλλω,πρό,στέλλω
5324,προστέλλω,πρό,στέλλω
5325,προστένω,πρό,στένω
5326,προσστείχω,πρό,στείχω
5327,προσστρατοπεδεύω,πρό,στρατοπεδεύω
5328,προσσυκοφαντέω,πρό,συκοφαντέω
5329,προσσωρεύω,πρό,σωρεύω
5330,προσχεθεῖν,πρό,σχέθω%2
5331,προτάσσω,πρό,τάσσω
5332,προταμιεύω,πρό,ταμιεύω
5333,προταρβέω,πρό,ταρβέω
5334,προτέμνω,πρό,τέμνω
5335,προτείνω,πρό,τείνω
5336,προτελέω,πρό,τελέω
5337,προτελίζω,πρό,τελίζω
5338,προτεύχω,πρό,τεύχω
5339,προτίω,πρό,τίνω
5340,προθέω2,πρό,τίθημι
5341,προτίθημι,πρό,τίθημι
5342,προτίω,πρό,τίω
5343,προτιμάω,πρό,τιμάω
5344,προτιμωρέω,πρό,τιμωρέω
5345,προτολμάομαι,πρό,τολμάω
5346,προτονίζω,πρό,τονίζω
5347,προτρέπω,πρό,τρέπω
5348,προτρέχω,πρό,τρέχω
5349,προτύπτω,πρό,τύπτω
5350,προτυγχάνω,πρό,τυγχάνω
5351,προτυπόω,πρό,τυπόω
5352,προωθέω,πρό,ὠθέω
5353,προχαίρω,πρό,χαίρω
5354,προχαλκεύω,πρό,χαλκεύω
5355,προχέω,πρό,χέω
5356,προχειρίζω,πρό,χειρίζω
5357,προχειροτονέω,πρό,χειροτονέω
5358,προχορεύω,πρό,χορεύω
5359,προχρίω,πρό,χρίω
5360,προχωρέω,πρό,χωρέω
5361,προσαμφιέννυμι,πρός-ἀμφί,ἕννυμι
5362,προσανάγω,πρός-ἀνά,ἄγω
5363,προσαναγορεύω,πρός-ἀνά,ἀγορεύω
5364,προσαναλίσκω,πρός-ἀνά,ἀναλίσκω
5365,προσαναιρέω,πρός-ἀνά,αἱρέω
5366,προσαναβαίνω,πρός-ἀνά,βαίνω
5367,προσανέρπω,πρός-ἀνά,ἕρπω
5368,προσανέχω,πρός-ἀνά,ἔχω
5369,προσανερωτάω,πρός-ἀνά,ἐρωτάω
5370,προσανεῖπον,πρός-ἀνά,εἶπον
5371,προσανευρίσκω,πρός-ἀνά,εὑρίσκω
5372,προσαναγιγνώσκω,πρός-ἀνά,γιγνώσκω
5373,προσαναγράφω,πρός-ἀνά,γράφω
5374,προσανακαλύπτω,πρός-ἀνά,καλύπτω
5375,προσαναλαμβάνω,πρός-ἀνά,λαμβάνω
5376,προσαναπαύομαι,πρός-ἀνά,παύω
5377,προσαναπληρόω,πρός-ἀνά,πληρόω
5378,προσαναρρήγνυμι,πρός-ἀνά,ῥήγνυμι
5379,προσανασείω,πρός-ἀνά,σείω
5380,προσαναστέλλω,πρός-ἀνά,στέλλω
5381,προσανατέλλω,πρός-ἀνά,τέλλω
5382,προσανατίθεμαι,πρός-ἀνά,τίθημι
5383,προσανατρέχω,πρός-ἀνά,τρέχω
5384,προσανατρίβομαι,πρός-ἀνά,τρίβω
5385,προσαντιλαμβάνομαι,πρός-ἀντί,λαμβάνω
5386,προσαπαγγέλλω,πρός-ἀπό,ἀγγέλλω
5387,προσαφαιρέομαι,πρός-ἀπό,αἱρέω
5388,προσαπαιτέω,πρός-ἀπό,αἰτέω
5389,προσαποβάλλω,πρός-ἀπό,βάλλω
5390,προσαποδείκνυμι,πρός-ἀπό,δείκνυμι
5391,προσαποδίδωμι,πρός-ἀπό,δίδωμι
5392,προσαπερείδομαι,πρός-ἀπό,ἐρείδω
5393,προσαποφέρω,πρός-ἀπό,φέρω
5394,προσαφίστημι,πρός-ἀπό,ἵστημι
5395,προσαφικνέομαι,πρός-ἀπό,ἱκνέομαι
5396,προσαποκρίνομαι,πρός-ἀπό,κρίνω
5397,προσαποκτείνω,πρός-ἀπό,κτείνω
5398,προσαπόλλυμι,πρός-ἀπό,ὄλλυμι
5399,προσαποπέμπω,πρός-ἀπό,πέμπω
5400,προσαποστέλλω,πρός-ἀπό,στέλλω
5401,προσαποστερέω,πρός-ἀπό,στερέω
5402,προσαποτίνω,πρός-ἀπό,τίνω
5403,προσαποτιμάω,πρός-ἀπό,τιμάω
5404,προσδιαιρέομαι,πρός-διά,αἱρέω
5405,προσδιαβάλλω,πρός-διά,βάλλω
5406,προσδιαφθείρω,πρός-διά,φθείρω
5407,προσδιηγέομαι,πρός-διά,ἡγέομαι
5408,προσδιαλέγομαι,πρός-διά,λέγω3
5409,προσδιαμαρτυρέω,πρός-διά,μαρτυρέω
5410,προσδιανέμω,πρός-διά,νέμω
5411,προσδιορίζω,πρός-διά,ὁρίζω
5412,προσδιορθόομαι,πρός-διά,ὀρθόω
5413,προσδιαπράσσω,πρός-διά,πράσσω
5414,προσδιασαφέω,πρός-διά,σαφέω
5415,προσεξανίσταμαι,πρός-ἐκ-ἀνά,ἵστημι
5416,προσεξαμαρτάνω,πρός-ἐκ,ἁμαρτάνω
5417,προσεξανδραποδίζομαι,πρός-ἐκ,ἀνδραποδίζω
5418,προσεξαπατάω,πρός-ἐκ,ἀπατάω
5419,προσεξαιρέομαι,πρός-ἐκ,αἱρέω
5420,προσεκβάλλω,πρός-ἐκ,βάλλω
5421,προσεξελίσσω,πρός-ἐκ,ἑλίσσω
5422,προσεξερείδομαι,πρός-ἐκ,ἐρείδω
5423,προσεξεργάζομαι,πρός-ἐκ,ἐργάζομαι
5424,προσεξετάζω,πρός-ἐκ,ἐτάζω
5425,προσεξευρίσκω,πρός-ἐκ,εὑρίσκω
5426,προσεξηπειρόω,πρός-ἐκ,ἠπειρόω
5427,προσεκπέμπω,πρός-ἐκ,πέμπω
5428,προσεκπυρόω,πρός-ἐκ,πυρόω
5429,προσεκτίλλω,πρός-ἐκ,τίλλω
5430,προσεκτίνω,πρός-ἐκ,τίνω
5431,προσεκχλευάζω,πρός-ἐκ,χλευάζω
5432,προσεμβάλλω,πρός-ἐν,βάλλω
5433,προσεμβαίνω,πρός-ἐν,βαίνω
5434,προσεμβλέπω,πρός-ἐν,βλέπω
5435,προσενεχυράζω,πρός-ἐν,ἐχυράζω
5436,προσεγγράφω,πρός-ἐν,γράφω
5437,προσεγκελεύομαι,πρός-ἐν,κελεύω
5438,προσελλείπω,πρός-ἐν,λείπω
5439,προσεννοέω,πρός-ἐν,νοέω
5440,προσεμπικραίνομαι,πρός-ἐν,πικραίνω
5441,προσεντέλλομαι,πρός-ἐν,τέλλω
5442,προσεντείνω,πρός-ἐν,τείνω
5443,προσεγχρίω,πρός-ἐν,χρίω
5444,προσεπεξευρίσκω,πρός-ἐπί-ἐκ,εὑρίσκω
5445,προσεπαινέω,πρός-ἐπί,αἰνέω
5446,προσεπαιτιάομαι,πρός-ἐπί,αἰτιάομαι
5447,προσεπιβάλλω,πρός-ἐπί,βάλλω
5448,προσεφέλκομαι,πρός-ἐπί,ἕλκω
5449,προσεπεῖπον,πρός-ἐπί,εἶπον
5450,προσεπιφέρω,πρός-ἐπί,φέρω
5451,προσεπιφωνέω,πρός-ἐπί,φωνέω
5452,προσεπιγράφω,πρός-ἐπί,γράφω
5453,προσεπίκειμαι,πρός-ἐπί,κεῖμαι
5454,προσεπικοσμέω,πρός-ἐπί,κοσμέω
5455,προσεπικτάομαι,πρός-ἐπί,κτάομαι
5456,προσεπιλαμβάνομαι,πρός-ἐπί,λαμβάνω
5457,προσεπιπλήσσω,πρός-ἐπί,πλήσσω
5458,προσεπιπνέω,πρός-ἐπί,πνέω
5459,προσεπιπονέω,πρός-ἐπί,πονέω
5460,προσεπιρρίπτω,πρός-ἐπί,ῥίπτω
5461,προσεπισφραγίζομαι,πρός-ἐπί,σφραγίζω
5462,προσεπισιτίζομαι,πρός-ἐπί,σιτίζω
5463,προσεπισκώπτω,πρός-ἐπί,σκώπτω
5464,προσεπιστέλλω,πρός-ἐπί,στέλλω
5465,προσεπιτάσσομαι,πρός-ἐπί,τάσσω
5466,προσεπιτέρπομαι,πρός-ἐπί,τέρπω
5467,προσεπιτείνω,πρός-ἐπί,τείνω
5468,προσεπιτίθημι,πρός-ἐπί,τίθημι
5469,προσεπιτροπεύομαι,πρός-ἐπί,τροπεύω
5470,προσεπιχαρίζομαι,πρός-ἐπί,χαρίζομαι
5471,προσεισπράσσω,πρός-εἰς,πράσσω
5472,προσκαταλλάττομαι,πρός-κατά,ἀλλάσσω
5473,προσκαταριθμέω,πρός-κατά,ἀριθμέω
5474,προσκαταισχύνω,πρός-κατά,αἰσχύνω
5475,προσκαταβαίνω,πρός-κατά,βαίνω
5476,προσκαθέλκω,πρός-κατά,ἕλκω
5477,προσκαταγιγνώσκω,πρός-κατά,γιγνώσκω
5478,προσκατηγορέω,πρός-κατά,ἠγορέω
5479,προσκαθίστημι,πρός-κατά,ἵστημι
5480,προσκάθημαι,πρός-κατά,κάθημαι
5481,προσκατακλείω,πρός-κατά,κλείω1
5482,προσκαταλέγω,πρός-κατά,λέγω1
5483,προσκαταλείπω,πρός-κατά,λείπω
5484,προσκατανέμω,πρός-κατά,νέμω
5485,προσκατασκευάζω,πρός-κατά,σκευάζω
5486,προσκατασύρω,πρός-κατά,σύρω
5487,προσκατατάσσω,πρός-κατά,τάσσω
5488,προσκατατίθημι,πρός-κατά,τίθημι
5489,προσμεταπέμπομαι,πρός-μετά,πέμπω
5490,προσπαρέχω,πρός-παρά,ἔχω
5491,προσπαραγράφω,πρός-παρά,γράφω
5492,προσπαρακαλέω,πρός-παρά,καλέω
5493,προσπαραμένω,πρός-παρά,μένω
5494,προσπαροξύνω,πρός-παρά,ὀξύνω
5495,προσπαρασκευάζω,πρός-παρά,σκευάζω
5496,προσπαρατίθημι,πρός-παρά,τίθημι
5497,προσπεριβάλλω,πρός-περί,βάλλω
5498,προσπεριγίγνομαι,πρός-περί,γίγνομαι
5499,προσπεριλαμβάνω,πρός-περί,λαμβάνω
5500,προσπεριοδεύω,πρός-περί,ὁδεύω
5501,προσπεριποιέω,πρός-περί,ποιέω
5502,προσσυμβάλλομαι,πρός-σύν,βάλλω
5503,προσσυνοικέω,πρός-σύν,οἰκέω
5504,προσυπάρχω,πρός-ὑπό,ἄρχω
5505,προσυπέχω,πρός-ὑπό,ἔχω
5506,προσάλλομαι,πρός,ἅλλομαι
5507,προσάπτω,πρός,ἅπτω
5508,προσαρμόζω,πρός,ἁρμόζω
5509,προσάγω,πρός,ἄγω
5510,προσαξιόω,πρός,ἀξιόω
5511,προσᾴδω,πρός,ἀείδω
5512,προσαγγέλλω,πρός,ἀγγέλλω
5513,προσαγορεύω,πρός,ἀγορεύω
5514,προσαίσσω,πρός,ἀίσσω
5515,προσακοντίζω,πρός,ἀκοντίζω
5516,προσακούω,πρός,ἀκούω
5517,προσακροβολίζομαι,πρός,ἀκροβολίζομαι
5518,προσαλείφω,πρός,ἀλείφω
5519,ποταμέλγω,πρός,ἀμέλγω
5520,προσαμέλγομαι,πρός,ἀμέλγω
5521,προσαμείβομαι,πρός,ἀμείβω
5522,προσαμφιέννυμι,πρός,ἀμφιέννυμι
5523,προσαμύνω,πρός,ἀμύνω
5524,προσαναγκάζω,πρός,ἀναγκάζω
5525,προσαναισιμόομαι,πρός,ἀναισιμόω
5526,προσαπατάω,πρός,ἀπατάω
5527,προσαπειλέω,πρός,ἀπειλέω2
5528,προσαπορέω,πρός,ἀπορέω
5529,προσαράσσω,πρός,ἀράσσω
5530,προσαραρίσκω,πρός,ἀραρίσκω
5531,προσαρκέω,πρός,ἀρκέω
5532,προσαρτάω,πρός,ἀρτάω
5533,προσατιμόω,πρός,ἀτιμάω
5534,προσαιρέομαι,πρός,αἱρέω
5535,προσαιθρίζω,πρός,αἰθρίζω
5536,προσαιτέω,πρός,αἰτέω
5537,προσαιτιάομαι,πρός,αἰτιάομαι
5538,προσαύω,πρός,αὔω1
5539,προσαυαίνομαι,πρός,αὐαίνω
5540,προσαυδάω,πρός,αὐδάω
5541,προσβάλλω,πρός,βάλλω
5542,προσβαίνω,πρός,βαίνω
5543,προσβιάζομαι,πρός,βιάζω
5544,προσβιβάζω,πρός,βιβάζω
5545,προσβιόω,πρός,βιόω
5546,προσβλέπω,πρός,βλέπω
5547,προσμολεῖν,πρός,βλώσκω
5548,προσβοάομαι,πρός,βοάω
5549,προσβοηθέω,πρός,βοηθέω
5550,προσδανείζω,πρός,δανείζω
5551,προσδαπανάω,πρός,δαπανάω
5552,προσδέρκομαι,πρός,δέρκομαι
5553,προσδέω1,πρός,δέω1
5554,προσδέομαι,πρός,δέω2
5555,προσδέω2,πρός,δέω2
5556,προσδέχομαι,πρός,δέχομαι
5557,προσδηλέομαι,πρός,δηλέομαι
5558,προσδίδωμι,πρός,δίδωμι
5559,προσδιδάσκω,πρός,διδάσκω
5560,προσδικάζομαι,πρός,δικάζω
5561,προσδοκάω,πρός,δοκάω
5562,προσδοκέω,πρός,δοκέω
5563,προσέλκω,πρός,ἕλκω
5564,προσέρπω,πρός,ἕρπω
5565,προσεταιρίζομαι,πρός,ἑταιρίζω
5566,προσέοικα,πρός,ἔοικα
5567,προσερέσθαι,πρός,ἔρομαι
5568,προσέρχομαι,πρός,ἔρχομαι
5569,προσέχω,πρός,ἔχω
5570,προσεάω,πρός,ἐάω
5571,προσεδαφίζω,πρός,ἐδαφίζω
5572,προσεγγίζω,πρός,ἐγγίζω
5573,προσεγγυάομαι,πρός,ἐγγυάω
5574,προσελαύνω,πρός,ἐλαύνω
5575,προσεννέπω,πρός,ἐνέπω
5576,προσεδρεύω,πρός,ἐνεδρεύω
5577,προσεπίσταμαι,πρός,ἐπίσταμαι
5578,προσεθίζω,πρός,ἐθίζω
5579,προσερείδω,πρός,ἐρείδω
5580,προσερεύγομαι,πρός,ἐρεύγομαι
5581,προσεργάζομαι,πρός,ἐργάζομαι
5582,προσερίζω,πρός,ἐρίζω
5583,προσερέω,πρός,ἐρῶ
5584,προσερωτάω,πρός,ἐρωτάω
5585,προσειλέω,πρός,εἴλω
5586,προσεῖδον,πρός,εἶδον
5587,πρόσειμι2,πρός,εἶμι
5588,προσεῖπον,πρός,εἶπον
5589,προσεικάζω,πρός,εἰκάζω
5590,πρόσειμι1,πρός,εἰμί
5591,προσευρίσκω,πρός,εὑρίσκω
5592,προσεύχομαι,πρός,εὔχομαι
5593,προσευπορέω,πρός,εὐπορέω
5594,προσευθύνω,πρός,εὐθύνω
5595,προσφαίνομαι,πρός,φαίνω
5596,προσφέρω,πρός,φέρω
5597,προσφεύγω,πρός,φεύγω
5598,πρόσφημι,πρός,φημί
5599,προσφιλοκαλέω,πρός,φιλοκαλέω
5600,προσφιλονεικέω,πρός,φιλονεικέω
5601,προσφιλοσοφέω,πρός,φιλοσοφέω
5602,προσφοιτάω,πρός,φοιτάω
5603,προσφορέω,πρός,φορέω
5604,προσφθέγγομαι,πρός,φθέγγομαι
5605,προσφθονέω,πρός,φθονέω
5606,προσφύω,πρός,φύω
5607,προσφωνέω,πρός,φωνέω
5608,προσγελάω,πρός,γελάω
5609,προσγίγνομαι,πρός,γίγνομαι
5610,προσγράφω,πρός,γράφω
5611,προσγυμνάζω,πρός,γυμνάζω
5612,προσήκω,πρός,ἥκω
5613,προσηλόω,πρός,ἡλόω
5614,προσηγορέω,πρός,ἠγορέω
5615,προσηχέω,πρός,ἠχέω
5616,προσίημι,πρός,ἵημι
5617,προσίστημι,πρός,ἵστημι
5618,προσίζω,πρός,ἵζω
5619,προσικνέομαι,πρός,ἱκνέομαι
5620,προσιππεύω,πρός,ἱππεύω
5621,προσιστορέω,πρός,ἱστορέω
5622,προσιζάνω,πρός,ἱζάνω
5623,προσίσχω,πρός,ἴσχω
5624,πρόσημαι,πρός,κάθημαι
5625,προσκαίω,πρός,καίω
5626,προσκαλέω,πρός,καλέω
5627,προσκαθέζομαι,πρός,καθέζομαι
5628,προσκαθίζω,πρός,καθίζω
5629,προσκαρτερέω,πρός,καρτερέω
5630,πρόσκειμαι,πρός,κεῖμαι
5631,προσκερδαίνω,πρός,κερδαίνω
5632,προσκηρύσσω,πρός,κηρύσσω
5633,προσκηρυκεύομαι,πρός,κηρυκεύω
5634,προσκιγκλίζομαι,πρός,κιγκλίζω
5635,προσκλάομαι,πρός,κλάω
5636,προσκληρόομαι,πρός,κληρόω
5637,προσκλίνω,πρός,κλίνω
5638,προσκλύζω,πρός,κλύζω
5639,προσκνάομαι,πρός,κνάω
5640,προσκόπτω,πρός,κόπτω
5641,προσκοιμίζομαι,πρός,κοιμίζω
5642,προσκοινωνέω,πρός,κοινωνέω
5643,προσκολλάω,πρός,κολλάω
5644,προσκομίζω,πρός,κομίζω
5645,πρόσκρανον,πρός,κραίνω
5646,προσκρούω,πρός,κρούω
5647,προσκτάομαι,πρός,κτάομαι
5648,προσκτίζω,πρός,κτίζω
5649,προσκύπτω,πρός,κύπτω
5650,προσκυλίνδω,πρός,κυλίνδω
5651,προσκυνέω,πρός,κυνέω
5652,προσκυρέω,πρός,κυρέω
5653,προσλάμπω,πρός,λάμπω
5654,προσλάζυμαι,πρός,λάζομαι
5655,προσλαγχάνω,πρός,λαγχάνω
5656,προσλαλέω,πρός,λαλέω
5657,προσλαμβάνω,πρός,λαμβάνω
5658,προσλέγομαι,πρός,λέγω3
5659,προσλείπω,πρός,λείπω
5660,προσλεύσσω,πρός,λεύσσω
5661,προσλιπαρέω,πρός,λιπαρέω
5662,προσλογίζομαι,πρός,λογίζομαι
5663,προσμάσσω,πρός,μάσσω
5664,προσμάχομαι,πρός,μάχομαι
5665,προσμανθάνω,πρός,μανθάνω
5666,προσμαρτυρέω,πρός,μαρτυρέω
5667,προσμένω,πρός,μένω
5668,προσμειδιάω,πρός,μειδιάω
5669,προσμηχανάομαι,πρός,μηχανάομαι
5670,προσμείγνυμι,πρός,μίγνυμι
5671,προσμισθόω,πρός,μισθόω
5672,προσμύρομαι,πρός,μύρω
5673,προσμυθέομαι,πρός,μυθέομαι
5674,προσμυθεύω,πρός,μυθεύω
5675,προσμυθολογέω,πρός,μυθολογέω
5676,προσμυθοποιέω,πρός,μυθοποιέω
5677,προσναυπηγέω,πρός,ναυπηγέω
5678,προσνέμω,πρός,νέμω
5679,προσνέω,πρός,νέω2
5680,προσνεύω,πρός,νεύω
5681,προσνήχομαι,πρός,νήχω
5682,ποτινίσσομαι,πρός,νίσσομαι
5683,προσνίσσομαι,πρός,νίσσομαι
5684,προσνοέω,πρός,νοέω
5685,προσνωμάω,πρός,νωμάω
5686,προσοδεύομαι,πρός,ὁδεύω
5687,προσομαρτέω,πρός,ὁμαρτέω
5688,προσομιλέω,πρός,ὁμιλέω
5689,προσομοιόω,πρός,ὁμοιόω
5690,προσομολογέω,πρός,ὁμολογέω
5691,προσοράω,πρός,ὁράω
5692,προσορίζω,πρός,ὁρίζω
5693,προσορμάω,πρός,ὁρμάω
5694,προσορμίζομαι,πρός,ὁρμίζω
5695,προσόμνυμι,πρός,ὄμνυμι
5696,προτιόσσομαι,πρός,ὄσσομαι
5697,προσόζω,πρός,ὄζω
5698,προσοφείλω,πρός,ὀφείλω
5699,προσοφλισκάνω,πρός,ὀφλισκάνω
5700,προσοκέλλω,πρός,ὀκέλλω
5701,προσολοφύρομαι,πρός,ὀλοφύρομαι
5702,προσομόργνυμι,πρός,ὀμόργνυμι
5703,προσονομάζω,πρός,ὀνομάζω
5704,προσορέγομαι,πρός,ὀρέγω
5705,προσορχέομαι,πρός,ὀρχέομαι
5706,προσοίχομαι,πρός,οἴχομαι
5707,πρόσοιδα,πρός,οἶδα
5708,προσοικέω,πρός,οἰκέω
5709,προσοικειόω,πρός,οἰκειόω
5710,προσοικοδομέω,πρός,οἰκοδομέω
5711,προσουδίζω,πρός,οὐδίζω
5712,προσουρέω,πρός,οὐρέω
5713,προσπάσχω,πρός,πάσχω
5714,προσπαίζω,πρός,παίζω
5715,προσπαλαίω,πρός,παλαίω
5716,προσπασσαλεύω,πρός,πασσαλεύω
5717,προσπέμπω,πρός,πέμπω
5718,προσπέτομαι,πρός,πέτομαι
5719,προσπελάζω,πρός,πελάζω
5720,προσπερονάω,πρός,περονάω
5721,προσπεύθομαι,πρός,πεύθομαι
5722,προσπήγνυμι,πρός,πήγνυμι
5723,προσπίπτω,πρός,πίπτω
5724,προσπίτνω,πρός,πίπτω
5725,προσπίλναμαι,πρός,πιλνάω
5726,προσπλάσσω,πρός,πλάσσω
5727,προσπλάζω,πρός,πλάζω
5728,προσπλέκω,πρός,πλέκω
5729,προσπλέω,πρός,πλέω
5730,προσπληρόω,πρός,πληρόω
5731,προσπνέω,πρός,πνέω
5732,προσποιέω,πρός,ποιέω
5733,προσπολέω,πρός,πολέω
5734,προσπολεμέω,πρός,πολεμέω
5735,προσπολεμόομαι,πρός,πολεμόω
5736,προσπορίζω,πρός,πορίζω
5737,προσπταίω,πρός,πταίω
5738,ποτιπτήσσω,πρός,πτήσσω
5739,προσπτήσσω,πρός,πτήσσω
5740,ποτιπτύσσω,πρός,πτύσσω
5741,προσπτύσσω,πρός,πτύσσω
5742,προσπτύω,πρός,πτύω
5743,προσθακέω,πρός,θακέω
5744,προσθέω,πρός,θέω
5745,προσθιγγάνω,πρός,θιγγάνω
5746,προσθροέω,πρός,θροέω
5747,προσράπτω,πρός,ῥάπτω
5748,προσραίνω,πρός,ῥαίνω
5749,προσρέω,πρός,ῥέω
5750,προσρήγνυμι,πρός,ῥήγνυμι
5751,προσρίπτω,πρός,ῥίπτω
5752,προστάσσω,πρός,τάσσω
5753,προσταλαιπωρέω,πρός,ταλαιπωρέω
5754,προστέρπω,πρός,τέρπω
5755,προστειχίζω,πρός,τειχίζω
5756,προστεκταίνομαι,πρός,τεκταίνομαι
5757,προστελέω,πρός,τελέω
5758,προστεχνάομαι,πρός,τεχνάομαι
5759,προστήκομαι,πρός,τήκω
5760,προστίθημι,πρός,τίθημι
5761,προστιλάω,πρός,τιλάω
5762,προστιμάω,πρός,τιμάω
5763,προστραγῳδέω,πρός,τραγῳδέω
5764,προστρέφω,πρός,τρέφω
5765,προστρέπω,πρός,τρέπω
5766,προστρέχω,πρός,τρέχω
5767,προστρίβω,πρός,τρίβω
5768,προστυγχάνω,πρός,τυγχάνω
5769,προσυβρίζω,πρός,ὑβρίζω
5770,προσωφελέω,πρός,ὠφελέω
5771,προσωνέομαι,πρός,ὠνέομαι
5772,προσχάσκω,πρός,χάσκω
5773,προσχαίρω,πρός,χαίρω
5774,προσχαρίζομαι,πρός,χαρίζομαι
5775,προσχέω,πρός,χέω
5776,προσχώννυμι,πρός,χόω
5777,προσχρῄζω,πρός,χρῄζω
5778,προσχρίμπτω,πρός,χρίμπτω
5779,προσχωρέω,πρός,χωρέω
5780,προσψαύω,πρός,ψαύω
5781,προσψηφίζομαι,πρός,ψηφίζω
5782,προσψύχω,πρός,ψύχω
5783,προσζεύγνυμαι,πρός,ζεύγνυμι
5784,προσζημιόω,πρός,ζημιόω
5785,τίθημι,προτίθημι,πρό
5786,συναμπέχω,σύν-ἀμφί,ἔχω
5787,συνανάγω,σύν-ἀνά,ἄγω
5788,συναναλίσκω,σύν-ἀνά,ἀναλίσκω
5789,συναναιρέω,σύν-ἀνά,αἱρέω
5790,συναναβαίνω,σύν-ἀνά,βαίνω
5791,συναναβοάω,σύν-ἀνά,βοάω
5792,συναναδίδωμι,σύν-ἀνά,δίδωμι
5793,συναναφθέγγομαι,σύν-ἀνά,φθέγγομαι
5794,συναναφύρω,σύν-ἀνά,φύρω
5795,συναναγράφω,σύν-ἀνά,γράφω
5796,συνανίστημι,σύν-ἀνά,ἵστημι
5797,συνανάκειμαι,σύν-ἀνά,κεῖμαι
5798,συνανακεράννυμαι,σύν-ἀνά,κεράννυμι
5799,συναναμίγνυμι,σύν-ἀνά,μίγνυμι
5800,συναναπαύομαι,σύν-ἀνά,παύω
5801,συναναπέμπω,σύν-ἀνά,πέμπω
5802,συναναπείθω,σύν-ἀνά,πείθω
5803,συναναπλέκω,σύν-ἀνά,πλέκω
5804,συναναπράσσω,σύν-ἀνά,πράσσω
5805,συναναρριπτέω,σύν-ἀνά,ῥίπτω
5806,συνανασκάπτω,σύν-ἀνά,σκάπτω
5807,συνανασπάω,σύν-ἀνά,σπάω
5808,συναναστρέφω,σύν-ἀνά,στρέφω
5809,συνανατήκω,σύν-ἀνά,τήκω
5810,συνανατίθημι,σύν-ἀνά,τίθημι
5811,συνανατρέχω,σύν-ἀνά,τρέχω
5812,συναναχρέμπτομαι,σύν-ἀνά,χρέμπτομαι
5813,συναναζεύγνυμι,σύν-ἀνά,ζεύγνυμι
5814,συναπάγω,σύν-ἀπό,ἄγω
5815,συναπαρτίζω,σύν-ἀπό,ἀρτίζω
5816,συναφαιρέω,σύν-ἀπό,αἱρέω
5817,συναπαίρω,σύν-ἀπό,αἴρω
5818,συναποβαίνω,σύν-ἀπό,βαίνω
5819,συναποδημέω,σύν-ἀπό,δημέω
5820,συναποδιδράσκω,σύν-ἀπό,διδράσκω
5821,συναποδοκιμάζω,σύν-ἀπό,δοκιμάζω
5822,συναπεργάζομαι,σύν-ἀπό,ἐργάζομαι
5823,συναπεχθάνομαι,σύν-ἀπό,ἐχθάνομαι
5824,συναποφαίνομαι,σύν-ἀπό,φαίνω
5825,συναπογράφομαι,σύν-ἀπό,γράφω
5826,συναφίστημι,σύν-ἀπό,ἵστημι
5827,συναποκάμνω,σύν-ἀπό,κάμνω
5828,συναποκτείνω,σύν-ἀπό,κτείνω
5829,συναπολάμπω,σύν-ἀπό,λάμπω
5830,συναπολαμβάνω,σύν-ἀπό,λαμβάνω
5831,συναπολογέομαι,σύν-ἀπό,λογέω
5832,συναπομαραίνομαι,σύν-ἀπό,μαραίνω
5833,συναπονεύω,σύν-ἀπό,νεύω
5834,συναπόλλυμι,σύν-ἀπό,ὄλλυμι
5835,συναποικίζω,σύν-ἀπό,οἰκίζω
5836,συναποπέμπω,σύν-ἀπό,πέμπω
5837,συναποθνήσκω,σύν-ἀπό,θνήσκω
5838,συναπορρήγνυμι,σύν-ἀπό,ῥήγνυμι
5839,συναποσβέννυμι,σύν-ἀπό,σβέννυμι
5840,συναποστέλλω,σύν-ἀπό,στέλλω
5841,συναποστερέω,σύν-ἀπό,στερέω
5842,συναπωθέω,σύν-ἀπό,ὠθέω
5843,συνδιέξειμι,σύν-διά-ἐκ,εἶμι
5844,συνδιεκπίπτω,σύν-διά-ἐκ,πίπτω
5845,συνδιάγω,σύν-διά,ἄγω
5846,συνδιαλλάσσω,σύν-διά,ἀλλάσσω
5847,συνδιαπορέω,σύν-διά,ἀπορέω
5848,συνδιαβάλλω,σύν-διά,βάλλω
5849,συνδιαβαίνω,σύν-διά,βαίνω
5850,συνδιαβιβάζω,σύν-διά,βιβάζω
5851,συνδιαφέρω,σύν-διά,φέρω
5852,συνδιαφθείρομαι,σύν-διά,φθείρω
5853,συνδιαγιγνώσκω,σύν-διά,γιγνώσκω
5854,συνδιημερεύω,σύν-διά,ἡμερεύω
5855,συνδιακινδυνεύω,σύν-διά,κινδυνεύω
5856,συνδιακομίζομαι,σύν-διά,κομίζω
5857,συνδιακοσμέω,σύν-διά,κοσμέω
5858,συνδιαλύω,σύν-διά,λύω
5859,συνδιαμένω,σύν-διά,μένω
5860,συνδιαμνημονεύω,σύν-διά,μνημονεύω
5861,συνδιανεύω,σύν-διά,νεύω
5862,συνδιανοέομαι,σύν-διά,νοέω
5863,συνδιοράω,σύν-διά,ὁράω
5864,συνδιορίζομαι,σύν-διά,ὁρίζω
5865,συνδιοικέω,σύν-διά,οἰκέω
5866,συνδιαπλέω,σύν-διά,πλέω
5867,συνδιαπολεμέω,σύν-διά,πολεμέω
5868,συνδιαπράσσω,σύν-διά,πράσσω
5869,συνδιασκοπέω,σύν-διά,σκοπέω
5870,συνδιαστρέφω,σύν-διά,στρέφω
5871,συνδιασῴζω,σύν-διά,σώζω
5872,συνδιαταλαιπωρέω,σύν-διά,ταλαιπωρέω
5873,συνδιατελέω,σύν-διά,τελέω
5874,συνδιατηρέω,σύν-διά,τηρέω
5875,συνδιατρίβω,σύν-διά,τρίβω
5876,συνδιαχειμάζω,σύν-διά,χειμάζω
5877,συνδιαχειρίζω,σύν-διά,χειρίζω
5878,συνεξανίστημι,σύν-ἐκ-ἀνά,ἵστημι
5879,συνεξαμαρτάνω,σύν-ἐκ,ἁμαρτάνω
5880,συνεξάγω,σύν-ἐκ,ἄγω
5881,συνεξακολουθέω,σύν-ἐκ,ἀκολουθέω
5882,συνεξακούω,σύν-ἐκ,ἀκούω
5883,συνεξαλείφω,σύν-ἐκ,ἀλείφω
5884,συνεξαμείβω,σύν-ἐκ,ἀμείβω
5885,συνεξαπατάω,σύν-ἐκ,ἀπατάω
5886,συνεξαιρέω,σύν-ἐκ,αἱρέω
5887,συνεξαίρω,σύν-ἐκ,αἴρω
5888,συνεκβάλλω,σύν-ἐκ,βάλλω
5889,συνεκβαίνω,σύν-ἐκ,βαίνω
5890,συνεκβιβάζω,σύν-ἐκ,βιβάζω
5891,συνεκδημέω,σύν-ἐκ,δημέω
5892,συνεκδίδωμι,σύν-ἐκ,δίδωμι
5893,συνεκδύομαι,σύν-ἐκ,δύω2
5894,συνεξέρχομαι,σύν-ἐκ,ἔρχομαι
5895,συνεξελαύνω,σύν-ἐκ,ἐλαύνω
5896,συνεξερύω,σύν-ἐκ,ἐρύω
5897,συνεξετάζω,σύν-ἐκ,ἐτάζω
5898,συνέξειμι,σύν-ἐκ,εἶμι
5899,συνεξευρίσκω,σύν-ἐκ,εὑρίσκω
5900,συνεκφέρω,σύν-ἐκ,φέρω
5901,συνεξημερόομαι,σύν-ἐκ,ἡμερόω
5902,συνεξιχνεύω,σύν-ἐκ,ἰχνεύω
5903,συνεκκαίω,σύν-ἐκ,καίω
5904,συνεκκλέπτω,σύν-ἐκ,κλέπτω
5905,συνεκκόπτω,σύν-ἐκ,κόπτω
5906,συνεκκομίζω,σύν-ἐκ,κομίζω
5907,συνεκκρούομαι,σύν-ἐκ,κρούω
5908,συνεκλύομαι,σύν-ἐκ,λύω
5909,συνεξορμάω,σύν-ἐκ,ὁρμάω
5910,συνεκπέμπω,σύν-ἐκ,πέμπω
5911,συνεκπεράω,σύν-ἐκ,περάω1
5912,συνεκπίνω,σύν-ἐκ,πίνω
5913,συνεκπίπτω,σύν-ἐκ,πίπτω
5914,συνεκπλέω,σύν-ἐκ,πλέω
5915,συνεκπνέω,σύν-ἐκ,πνέω
5916,συνεκπονέω,σύν-ἐκ,πονέω
5917,συνεκπορίζω,σύν-ἐκ,πορίζω
5918,συνεκπράσσομαι,σύν-ἐκ,πράσσω
5919,συνεκθνήσκω,σύν-ἐκ,θνήσκω
5920,συνεκσώζω,σύν-ἐκ,σώζω
5921,συνεκτάσσω,σύν-ἐκ,τάσσω
5922,συνεκτίκτω,σύν-ἐκ,τίκτω
5923,συνεκτίνω,σύν-ἐκ,τίνω
5924,συνεκτραχύνομαι,σύν-ἐκ,τραχύνω
5925,συνεκτρέφω,σύν-ἐκ,τρέφω
5926,συνεκτρέχω,σύν-ἐκ,τρέχω
5927,συνεξωθέω,σύν-ἐκ,ὠθέω
5928,συνεκχέω,σύν-ἐκ,χέω
5929,συνεμβάλλω,σύν-ἐν,βάλλω
5930,συνεμβαίνω,σύν-ἐν,βαίνω
5931,συνενδίδωμι,σύν-ἐν,δίδωμι
5932,συνενείκομαι,σύν-ἐν,εἴκω
5933,συνεμπίπρημι,σύν-ἐν,πίμπρημι
5934,συνεμπίπτω,σύν-ἐν,πίπτω
5935,συνεπανίστημι,σύν-ἐπί-ἀνά,ἵστημι
5936,συνεπανορθόω,σύν-ἐπί-ἀνά,ὀρθόω
5937,συνεπεκπίνω,σύν-ἐπί-ἐκ,πίνω
5938,συνεπεισφέρομαι,σύν-ἐπί-εἰς,φέρω
5939,συνεπεισπίπτω,σύν-ἐπί-εἰς,πίπτω
5940,συνεφάπτομαι,σύν-ἐπί,ἅπτω
5941,συνεπάγω,σύν-ἐπί,ἄγω
5942,συνεπᾴδω,σύν-ἐπί,ἀείδω
5943,συνεπαγωνίζομαι,σύν-ἐπί,ἀγωνίζομαι
5944,συνεπακολουθέω,σύν-ἐπί,ἀκολουθέω
5945,συνεπαμύνω,σύν-ἐπί,ἀμύνω
5946,συνεπαίρω,σύν-ἐπί,αἴρω
5947,συνεπαινέω,σύν-ἐπί,αἰνέω
5948,συνεπαιτιάομαι,σύν-ἐπί,αἰτιάομαι
5949,συνεπαιωρέομαι,σύν-ἐπί,αἰωρέω
5950,συνεπιβάλλω,σύν-ἐπί,βάλλω
5951,συνεπιβαίνω,σύν-ἐπί,βαίνω
5952,συνεπιβλάπτομαι,σύν-ἐπί,βλάπτω
5953,συνεπιβουλεύω,σύν-ἐπί,βουλεύω
5954,συνεπιδείκνυμι,σύν-ἐπί,δείκνυμι
5955,συνεφέλκω,σύν-ἐπί,ἕλκω
5956,συνεφέπομαι,σύν-ἐπί,ἕπομαι
5957,συνεπελαφρύνω,σύν-ἐπί,ἐλαφρύνω
5958,συνεφεδρεύω,σύν-ἐπί,ἐνεδρεύω
5959,συνεπικουρέω,σύν-ἐπί,ἐπικουρέω
5960,συνεπιμελέομαι,σύν-ἐπί,ἐπιμελέομαι
5961,συνεπερείδω,σύν-ἐπί,ἐρείδω
5962,συνεπερίζω,σύν-ἐπί,ἐρίζω
5963,συνέπειμι,σύν-ἐπί,εἶμι
5964,συνεπεύχομαι,σύν-ἐπί,εὔχομαι
5965,συνεπευθύνω,σύν-ἐπί,εὐθύνω
5966,συνεπιφέρω,σύν-ἐπί,φέρω
5967,συνεπηχέω,σύν-ἐπί,ἠχέω
5968,συνεφίστημι,σύν-ἐπί,ἵστημι
5969,συνεπισχύω,σύν-ἐπί,ἰσχύω
5970,συνεπίκειμαι,σύν-ἐπί,κεῖμαι
5971,συνεπικλάω,σύν-ἐπί,κλάω
5972,συνεπικοσμέω,σύν-ἐπί,κοσμέω
5973,συνεπικουφίζω,σύν-ἐπί,κουφίζω
5974,συνεπικραδαίνω,σύν-ἐπί,κραδαίνω
5975,συνεπικρύπτω,σύν-ἐπί,κρύπτω
5976,συνεπιλαμβάνομαι,σύν-ἐπί,λαμβάνω
5977,συνεπόμνυμι,σύν-ἐπί,ὄμνυμι
5978,συνεπιθειάζω,σύν-ἐπί,θειάζω
5979,συνεπιθυμέω,σύν-ἐπί,θυμέω
5980,συνεπιρρέπω,σύν-ἐπί,ῥέπω
5981,συνεπιρρώννυμι,σύν-ἐπί,ῥώννυμι
5982,συνεπισκοπέω,σύν-ἐπί,σκοπέω
5983,συνεπισπάω,σύν-ἐπί,σπάω
5984,συνεπισπεύδω,σύν-ἐπί,σπεύδω
5985,συνεπιστατέω,σύν-ἐπί,στατέω
5986,συνεπιστέλλω,σύν-ἐπί,στέλλω
5987,συνεπιστρατεύω,σύν-ἐπί,στρατεύω
5988,συνεπιστρέφω,σύν-ἐπί,στρέφω
5989,συνεπιτείνω,σύν-ἐπί,τείνω
5990,συνεπιτελέω,σύν-ἐπί,τελέω
5991,συνεπιτίθημι,σύν-ἐπί,τίθημι
5992,συνεπιτιμάω,σύν-ἐπί,τιμάω
5993,συνεπιτρίβω,σύν-ἐπί,τρίβω
5994,συνεπιχειρέω,σύν-ἐπί,χειρέω
5995,συνεπιψεύδομαι,σύν-ἐπί,ψεύδω
5996,συνεπιψηφίζω,σύν-ἐπί,ψηφίζω
5997,συνεισάγω,σύν-εἰς,ἄγω
5998,συνεισβάλλω,σύν-εἰς,βάλλω
5999,συνεισβαίνω,σύν-εἰς,βαίνω
6000,συνεισέρχομαι,σύν-εἰς,ἔρχομαι
6001,συνεισφέρω,σύν-εἰς,φέρω
6002,συνεισπίπτω,σύν-εἰς,πίπτω
6003,συνεισπλέω,σύν-εἰς,πλέω
6004,συνεισπράσσω,σύν-εἰς,πράσσω
6005,συγκαθαγίζω,σύν-κατά,ἁγίζω
6006,συγκαθαρμόζω,σύν-κατά,ἁρμόζω
6007,συγκατάγω,σύν-κατά,ἄγω
6008,συγκαθαιρέω,σύν-κατά,αἱρέω
6009,συγκαταίθω,σύν-κατά,αἴθω
6010,συγκαταίρω,σύν-κατά,αἴρω
6011,συγκαταινέω,σύν-κατά,αἰνέω
6012,συγκαταβάλλω,σύν-κατά,βάλλω
6013,συγκαταβαίνω,σύν-κατά,βαίνω
6014,συγκαταδιώκω,σύν-κατά,διώκω
6015,συγκαταδουλόω,σύν-κατά,δουλόω
6016,συγκαταδύνω,σύν-κατά,δύω2
6017,συγκαθέλκω,σύν-κατά,ἕλκω
6018,συγκαθείργω,σύν-κατά,ἔργω1
6019,συγκατέρχομαι,σύν-κατά,ἔρχομαι
6020,συγκατεργάζομαι,σύν-κατά,ἐργάζομαι
6021,συγκατεσθίω,σύν-κατά,ἐσθίω
6022,συγκατεύχομαι,σύν-κατά,εὔχομαι
6023,συγκαταφλέγω,σύν-κατά,φλέγω
6024,συγκαταγηράσκω,σύν-κατά,γηράσκω
6025,συγκατηγορέω,σύν-κατά,ἠγορέω
6026,συγκαθίημι,σύν-κατά,ἵημι
6027,συγκαθίστημι,σύν-κατά,ἵστημι
6028,συγκαθιερόω,σύν-κατά,ἱερόω
6029,συγκάθημαι,σύν-κατά,κάθημαι
6030,συγκατακαίω,σύν-κατά,καίω
6031,συγκατάκειμαι,σύν-κατά,κεῖμαι
6032,συγκατακλείω,σύν-κατά,κλείω1
6033,συγκατακλίνω,σύν-κατά,κλίνω
6034,συγκατακόπτω,σύν-κατά,κόπτω
6035,συγκατακτάομαι,σύν-κατά,κτάομαι
6036,συγκατακτείνω,σύν-κατά,κτείνω
6037,συγκαταλαμβάνω,σύν-κατά,λαμβάνω
6038,συγκαταλείπω,σύν-κατά,λείπω
6039,συγκαταλύω,σύν-κατά,λύω
6040,συγκαταμίγνυμι,σύν-κατά,μίγνυμι
6041,συγκαταμύω,σύν-κατά,μύω
6042,συγκαταναυμαχέω,σύν-κατά,ναυμαχέω
6043,συγκατανέμω,σύν-κατά,νέμω
6044,συγκατανεύω,σύν-κατά,νεύω
6045,συγκατορθόω,σύν-κατά,ὀρθόω
6046,συγκατορύσσω,σύν-κατά,ὀρύσσω
6047,συγκατοικέω,σύν-κατά,οἰκέω
6048,συγκατοικίζω,σύν-κατά,οἰκίζω
6049,συγκατοικτίζομαι,σύν-κατά,οἰκτίζω
6050,συγκαταπίμπλημι,σύν-κατά,πίμπλημι
6051,συγκαταπλέκω,σύν-κατά,πλέκω
6052,συγκαταπράσσω,σύν-κατά,πράσσω
6053,συγκαταθάπτω,σύν-κατά,θάπτω
6054,συγκαταθέω,σύν-κατά,θέω
6055,συγκαταθνήσκω,σύν-κατά,θνήσκω
6056,συγκαταρρίπτω,σύν-κατά,ῥίπτω
6057,συγκατασκάπτω,σύν-κατά,σκάπτω
6058,συγκατασκεδάννυμαι,σύν-κατά,σκεδάννυμι
6059,συγκατασκευάζω,σύν-κατά,σκευάζω
6060,συγκατασκήπτω,σύν-κατά,σκήπτω
6061,συγκατασκηνόω,σύν-κατά,σκηνόω
6062,συγκατασπάω,σύν-κατά,σπάω
6063,συγκαταστασιάζω,σύν-κατά,στασιάζω
6064,συγκαταστρέφω,σύν-κατά,στρέφω
6065,συγκατατάσσω,σύν-κατά,τάσσω
6066,συγκατατίθημι,σύν-κατά,τίθημι
6067,συγκατατρώγω,σύν-κατά,τρώγω
6068,συγκαταψεύδομαι,σύν-κατά,ψεύδω
6069,συγκαταψηφίζομαι,σύν-κατά,ψηφίζω
6070,συγκαταζεύγνυμι,σύν-κατά,ζεύγνυμι
6071,συμμεταβάλλω,σύν-μετά,βάλλω
6072,συμμεθέπω,σύν-μετά,ἕπομαι
6073,συμμετέχω,σύν-μετά,ἔχω
6074,συμμεταφέρομαι,σύν-μετά,φέρω
6075,συμμεθίστημι,σύν-μετά,ἵστημι
6076,συμμετίσχω,σύν-μετά,ἴσχω
6077,συμμετακοσμέομαι,σύν-μετά,κοσμέω
6078,συμμετοικέω,σύν-μετά,οἰκέω
6079,συμμεταπίπτω,σύν-μετά,πίπτω
6080,συμμεταχειρίζομαι,σύν-μετά,χειρίζω
6081,συμπαραπόλλυμαι,σύν-παρά-ἀπό,ὄλλυμι
6082,συμπαρεισέρχομαι,σύν-παρά-εἰς,ἔρχομαι
6083,συμπαραγγέλλω,σύν-παρά,ἀγγέλλω
6084,συμπαρακολουθέω,σύν-παρά,ἀκολουθέω
6085,συμπαραστατέω,σύν-παρά,ἀστατέω
6086,συμπαραινέω,σύν-παρά,αἰνέω
6087,συμπαραβύω,σύν-παρά,βύω
6088,συμπαραδηλόω,σύν-παρά,δηλόω
6089,συμπαρέπομαι,σύν-παρά,ἕπομαι
6090,συμπαρέχω,σύν-παρά,ἔχω
6091,συμπάρειμι2,σύν-παρά,εἶμι
6092,συμπάρειμι1,σύν-παρά,εἰμί
6093,συμπαραφέρω,σύν-παρά,φέρω
6094,συμπαραγίγνομαι,σύν-παρά,γίγνομαι
6095,συμπαρίστημι,σύν-παρά,ἵστημι
6096,συμπαρακαλέω,σύν-παρά,καλέω
6097,συμπαρακαθίζω,σύν-παρά,καθίζω
6098,συμπαρακελεύομαι,σύν-παρά,κελεύω
6099,συμπαρακομίζω,σύν-παρά,κομίζω
6100,συμπαρακύπτω,σύν-παρά,κύπτω
6101,συμπαραλαμβάνω,σύν-παρά,λαμβάνω
6102,συμπαραμένω,σύν-παρά,μένω
6103,συμπαραμιγνύω,σύν-παρά,μίγνυμι
6104,συμπαρανεύω,σύν-παρά,νεύω
6105,συμπαρανήχομαι,σύν-παρά,νήχω
6106,συμπαρομαρτέω,σύν-παρά,ὁμαρτέω
6107,συμπαρορμάω,σύν-παρά,ὁρμάω
6108,συμπαροξύνω,σύν-παρά,ὀξύνω
6109,συμπαραπέμπω,σύν-παρά,πέμπω
6110,συμπαρίπταμαι,σύν-παρά,πέτομαι
6111,συμπαραθέω,σύν-παρά,θέω
6112,συμπαρασκευάζω,σύν-παρά,σκευάζω
6113,συμπαρατάσσομαι,σύν-παρά,τάσσω
6114,συμπαρατηρέω,σύν-παρά,τηρέω
6115,συμπαρατίθημι,σύν-παρά,τίθημι
6116,συμπαρατρέφω,σύν-παρά,τρέφω
6117,συμπαρατρέχω,σύν-παρά,τρέχω
6118,συμπεριάγω,σύν-περί,ἄγω
6119,συμπερίειμι,σύν-περί,εἶμι
6120,συμπεριφέρω,σύν-περί,φέρω
6121,συμπεριφθείρομαι,σύν-περί,φθείρω
6122,συμπεριλαμβάνω,σύν-περί,λαμβάνω
6123,συμπερινοστέω,σύν-περί,νοστέω
6124,συμπεριπατέω,σύν-περί,πατέω
6125,συμπεριποιέω,σύν-περί,ποιέω
6126,συμπεριθέω,σύν-περί,θέω
6127,συμπεριτρέχω,σύν-περί,τρέχω
6128,συμπροάγω,σύν-πρό,ἄγω
6129,συμπροπέμπω,σύν-πρό,πέμπω
6130,συμπροθυμέομαι,σύν-πρό,θυμέω
6131,συμπροσψαύω,σύν-πρός,ψαύω
6132,συνυποδείκνυμι,σύν-ὑπό,δείκνυμι
6133,συνυποδύομαι,σύν-ὑπό,δύω2
6134,συνυποκρίνομαι,σύν-ὑπό,κρίνω
6135,συνυποτίθεμαι,σύν-ὑπό,τίθημι
6136,συνάλλομαι,σύν,ἅλλομαι
6137,συνάπτω,σύν,ἅπτω
6138,συναλίζω,σύν,ἁλίζω1
6139,συναμιλλάομαι,σύν,ἁμιλλάομαι
6140,συναρμόττω,σύν,ἁρμόζω
6141,συναρμόζω,σύν,ἁρμόζω
6142,συναρμολογέομαι,σύν,ἁρμολογέω
6143,συναρπάζω,σύν,ἁρπάζω
6144,συνάγνυμι,σύν,ἄγνυμι
6145,συνάγω,σύν,ἄγω
6146,συνάντομαι,σύν,ἄντομαι
6147,συνάρχω,σύν,ἄρχω
6148,συνάχθομαι,σύν,ἄχθομαι
6149,συναξιόω,σύν,ἀξιόω
6150,συναδικέω,σύν,ἀδικέω
6151,συνᾴδω,σύν,ἀείδω
6152,συναείδω,σύν,ἀείδω
6153,συναείρω,σύν,ἀείρω
6154,συναφανίζομαι,σύν,ἀφανίζω
6155,συναγανακτέω,σύν,ἀγανακτέω
6156,συναγαπάω,σύν,ἀγαπάω
6157,συναγείρω,σύν,ἀγείρω
6158,συναγορεύω,σύν,ἀγορεύω
6159,συναγρεύω,σύν,ἀγρεύω
6160,συναγωνίζομαι,σύν,ἀγωνίζομαι
6161,συναγωνιάω,σύν,ἀγωνιάω
6162,συνακμάζω,σύν,ἀκμάζω
6163,συνακολασταίνω,σύν,ἀκολασταίνω
6164,συνακολουθέω,σύν,ἀκολουθέω
6165,συνακοντίζω,σύν,ἀκοντίζω
6166,συνακούω,σύν,ἀκούω
6167,συνακροάομαι,σύν,ἀκροάομαι
6168,συναλαλάζω,σύν,ἀλαλάζω
6169,συναλείφω,σύν,ἀλείφω
6170,συναλγέω,σύν,ἀλγέω
6171,συναλλάσσω,σύν,ἀλλάσσω
6172,συναλοάω,σύν,ἀλοάω
6173,συναλύω,σύν,ἀλύω
6174,συνανάσσω,σύν,ἀνάσσω
6175,συναναγκάζω,σύν,ἀναγκάζω
6176,συναντάω,σύν,ἀντάω
6177,συναντιάζω,σύν,ἀντιάζω
6178,συναντλέω,σύν,ἀντλέω
6179,συνανύτω,σύν,ἀνύω
6180,συνανύω,σύν,ἀνύω
6181,συναπειλέω,σύν,ἀπειλέω2
6182,συναθλέω,σύν,ἀθλέω
6183,συναθροίζω,σύν,ἀθροίζω
6184,συναθύρω,σύν,ἀθύρω
6185,συναράσσω,σύν,ἀράσσω
6186,συναραρίσκω,σύν,ἀραρίσκω
6187,συναρέσκω,σύν,ἀρέσκω
6188,συναριθμέω,σύν,ἀριθμέω
6189,συναριστάω,σύν,ἀριστάω
6190,συναριστεύω,σύν,ἀριστεύω
6191,συναρκέομαι,σύν,ἀρκέω
6192,συναρτάω,σύν,ἀρτάω
6193,συνασκέω,σύν,ἀσκέω
6194,συνασπίζω,σύν,ἀσπίζω
6195,συνασπιδόω,σύν,ἀσπιδόω
6196,συνασχάλλω,σύν,ἀσχάλλω
6197,συνασχαλάω,σύν,ἀσχαλάω
6198,συνασχολέομαι,σύν,ἀσχολέω
6199,συνατιμάζομαι,σύν,ἀτιμάζω
6200,συναιρέω,σύν,αἱρέω
6201,συναίνυμαι,σύν,αἴνυμαι
6202,συναίρω,σύν,αἴρω
6203,συναινέω,σύν,αἰνέω
6204,συναισθάνομαι,σύν,αἰσθάνομαι
6205,συναιτιάομαι,σύν,αἰτιάομαι
6206,συναιωρέομαι,σύν,αἰωρέω
6207,συναιχμάζω,σύν,αἰχμάζω
6208,συναυαίνω,σύν,αὐαίνω
6209,συναυξάνω,σύν,αὐξάνω
6210,συναυδάω,σύν,αὐδάω
6211,συναυλέω,σύν,αὐλέω
6212,συναυλίζομαι,σύν,αὐλίζομαι
6213,συμβάλλω,σύν,βάλλω
6214,συμβαίνω,σύν,βαίνω
6215,συμβασείω,σύν,βαίνω
6216,συμβακχεύω,σύν,βακχεύω
6217,συμβασιλεύω,σύν,βασιλεύω
6218,συμβιάζομαι,σύν,βιάζω
6219,συμβιβάζω,σύν,βιβάζω
6220,συμβιόω,σύν,βιόω
6221,συμβοάω,σύν,βοάω
6222,συμβοηθέω,σύν,βοηθέω
6223,συμβούλομαι,σύν,βούλομαι
6224,συμβουλεύω,σύν,βουλεύω
6225,συμβύω,σύν,βύω
6226,συνδάκνω,σύν,δάκνω
6227,συνδαίνυμι,σύν,δαίνυμι
6228,συνδαίζω,σύν,δαίζω
6229,συνδακρύω,σύν,δακρύω
6230,συνδανείζομαι,σύν,δανείζω
6231,συνδέω,σύν,δέω1
6232,συνδέομαι,σύν,δέω2
6233,συνδειπνέω,σύν,δειπνέω
6234,συνδεκάζω,σύν,δεκάζω
6235,συνδηλόω,σύν,δηλόω
6236,συνδημαγωγέω,σύν,δημαγωγέω
6237,συνδιαιτάομαι,σύν,διαιτάω
6238,συνδικάζω,σύν,δικάζω
6239,συνδικέω,σύν,δικέω
6240,συνδισκεύω,σύν,δισκεύω
6241,συνδιώκω,σύν,διώκω
6242,συνδοξάζω,σύν,δοξάζω
6243,συνδοκέω,σύν,δοκέω
6244,συνδοκιμάζω,σύν,δοκιμάζω
6245,συνδουλεύω,σύν,δουλεύω
6246,συνδράω,σύν,δράω
6247,συνδυάζω,σύν,δυάζω
6248,συνδυστυχέω,σύν,δυστυχέω
6249,συνέλκω,σύν,ἕλκω
6250,συνέπομαι,σύν,ἕπομαι
6251,συνελίσσω,σύν,ἑλίσσω
6252,συνεστιάω,σύν,ἑστιάω
6253,συνέρδω,σύν,ἔρδω
6254,συνέργω,σύν,ἔργω1
6255,συνέρχομαι,σύν,ἔρχομαι
6256,συνέχω,σύν,ἔχω
6257,συνόχωκα,σύν,ἔχω
6258,συνεγείρω,σύν,ἐγείρω
6259,συνεγγίζω,σύν,ἐγγίζω
6260,συνεγγυάω,σύν,ἐγγυάω
6261,συνεκκλησιάζω,σύν,ἐκκλησιάζω
6262,συνελαύνω,σύν,ἐλαύνω
6263,συνελευθερόω,σύν,ἐλευθερόω
6264,συνεδρεύω,σύν,ἐνεδρεύω
6265,συνεπίσταμαι,σύν,ἐπίσταμαι
6266,συνεθέλω,σύν,ἐθέλω
6267,συνεθίζω,σύν,ἐθίζω
6268,συνεράω2,σύν,ἐράω1
6269,συνεράω1,σύν,ἐράω2
6270,συνερανίζω,σύν,ἐρανίζω
6271,συνερείδω,σύν,ἐρείδω
6272,συνεργάζομαι,σύν,ἐργάζομαι
6273,συνεργέω,σύν,ἐργέω
6274,συνερέω,σύν,ἐρῶ
6275,συνερωτάω,σύν,ἐρωτάω
6276,συνεχθαίρω,σύν,ἐχθαίρω
6277,συνείργνυμι,σύν,εἵργνυμι
6278,συνειλέω,σύν,εἴλω
6279,συνείρω,σύν,εἴρω
6280,σύνειμι2,σύν,εἶμι
6281,συνεῖπον,σύν,εἶπον
6282,σύνειμι1,σύν,εἰμί
6283,συνεύδω,σύν,εὕδω
6284,συνεύχομαι,σύν,εὔχομαι
6285,συνευδαιμονέω,σύν,εὐδαιμονέω
6286,συνευημερέω,σύν,εὐημερέω
6287,συνευνάομαι,σύν,εὐνάω
6288,συνευνάζομαι,σύν,εὐνάζω
6289,συνευπάσχω,σύν,εὐπάσχω
6290,συνευπορέω,σύν,εὐπορέω
6291,συνευτυχέω,σύν,εὐτυχέω
6292,συμφέρω,σύν,φέρω
6293,συμφεύγω,σύν,φεύγω
6294,σύμφημι,σύν,φημί
6295,συμφιλέω,σύν,φιλέω
6296,συμφιλοκαλέω,σύν,φιλοκαλέω
6297,συμφιλονεικέω,σύν,φιλονεικέω
6298,συμφιλοσοφέω,σύν,φιλοσοφέω
6299,συμφιλοτιμέομαι,σύν,φιλοτιμέομαι
6300,συμφλέγω,σύν,φλέγω
6301,συμφοβέω,σύν,φοβέω
6302,συμφοιτάω,σύν,φοιτάω
6303,συμφονεύω,σύν,φονεύω
6304,συμφορέω,σύν,φορέω
6305,συμφθέγγομαι,σύν,φθέγγομαι
6306,συμφθείρω,σύν,φθείρω
6307,συμφθίνω,σύν,φθίω
6308,συμφράσσω,σύν,φράσσω
6309,συμφράζομαι,σύν,φράζω
6310,συμφρονέω,σύν,φρονέω
6311,συμφροντίζω,σύν,φροντίζω
6312,συμφύρω,σύν,φύρω
6313,συμφύω,σύν,φύω
6314,συμφυλάσσω,σύν,φυλάσσω
6315,συμφυσάω,σύν,φυσάω
6316,συμφυτεύω,σύν,φυτεύω
6317,συμφωνέω,σύν,φωνέω
6318,συγγεωργέω,σύν,γεωργέω
6319,συγγηθέω,σύν,γηθέω
6320,συγγηράσκω,σύν,γηράσκω
6321,συγγίγνομαι,σύν,γίγνομαι
6322,συγγιγνώσκω,σύν,γιγνώσκω
6323,συγγομφόω,σύν,γομφόω
6324,συγγράφω,σύν,γράφω
6325,συγγυμνάζω,σύν,γυμνάζω
6326,συνήδομαι,σύν,ἥδομαι
6327,συνήκω,σύν,ἥκω
6328,συνηδύνω,σύν,ἡδύνω
6329,συνημερεύω,σύν,ἡμερεύω
6330,συνησσάομαι,σύν,ἡσσάομαι
6331,συνηβολέω,σύν,ἠβολέω
6332,συνηγορέω,σύν,ἠγορέω
6333,συνηρετέω,σύν,ἠρετέω
6334,συνηχέω,σύν,ἠχέω
6335,συνίημι,σύν,ἵημι
6336,συνίστημι,σύν,ἵστημι
6337,συνίζω,σύν,ἵζω
6338,συνικνέομαι,σύν,ἱκνέομαι
6339,συνιστάω,σύν,ἱστάω
6340,συνιζάνω,σύν,ἱζάνω
6341,συνίσχω,σύν,ἴσχω
6342,συνισχναίνω,σύν,ἰσχναίνω
6343,συνισχυρίζω,σύν,ἰσχυρίζομαι
6344,συγκάμνω,σύν,κάμνω
6345,συγκάμπτω,σύν,κάμπτω
6346,συγκαίω,σύν,καίω
6347,συγκακοπαθέω,σύν,κακοπαθέω
6348,συγκακουχέομαι,σύν,κακουχέομαι
6349,συγκαλέω,σύν,καλέω
6350,συγκαλύπτω,σύν,καλύπτω
6351,συγκαθέζομαι,σύν,καθέζομαι
6352,συγκαθεύδω,σύν,καθεύδω
6353,συγκαθίζω,σύν,καθίζω
6354,συγκαττύω,σύν,κασσύω
6355,συγκεφαλαιόω,σύν,κεφαλαιόω
6356,σύγκειμαι,σύν,κεῖμαι
6357,συγκελεύω,σύν,κελεύω
6358,συγκεντέω,σύν,κεντέω
6359,συγκεράννυμι,σύν,κεράννυμι
6360,συγκεραυνόω,σύν,κεραυνόω
6361,συγκινδυνεύω,σύν,κινδυνεύω
6362,συγκινέω,σύν,κινέω
6363,συγκλάω,σύν,κλάω
6364,συγκλαίω,σύν,κλαίω
6365,συγκλέπτω,σύν,κλέπτω
6366,συγκλείω,σύν,κλείω1
6367,συγκληρόω,σύν,κληρόω
6368,συγκλίνω,σύν,κλίνω
6369,συγκλονέω,σύν,κλονέω
6370,συγκόπτω,σύν,κόπτω
6371,συγκοιμάομαι,σύν,κοιμάω
6372,συγκοιμίζω,σύν,κοιμίζω
6373,συγκοινόομαι,σύν,κοινόω
6374,συγκοινωνέω,σύν,κοινωνέω
6375,συγκολλάω,σύν,κολλάω
6376,συγκομίζω,σύν,κομίζω
6377,συγκοσμέω,σύν,κοσμέω
6378,συγκουφίζω,σύν,κουφίζω
6379,συγκρατέω,σύν,κρατέω
6380,συγκρίνω,σύν,κρίνω
6381,συγκροτέω,σύν,κροτέω
6382,συγκρούω,σύν,κρούω
6383,συγκρύπτω,σύν,κρύπτω
6384,συγκτάομαι,σύν,κτάομαι
6385,συγκτίζω,σύν,κτίζω
6386,συγκύπτω,σύν,κύπτω
6387,συγκυβεύω,σύν,κυβεύω
6388,συγκυκάω,σύν,κυκάω
6389,συγκυλινδέομαι,σύν,κυλινδέω
6390,συγκυνηγέω,σύν,κυνηγέω
6391,συγκυρέω,σύν,κυρέω
6392,συγκωμάζω,σύν,κωμάζω
6393,συγκωμῳδέω,σύν,κωμῳδέω
6394,συλλαγχάνω,σύν,λαγχάνω
6395,συλλαλέω,σύν,λαλέω
6396,συνελάλουν,σύν,λαλέω
6397,συλλαμβάνω,σύν,λαμβάνω
6398,συνέλαβον,σύν,λαμβάνω
6399,συλλέγω,σύν,λέγω2
6400,συλλήγω,σύν,λήγω
6401,συλλογίζομαι,σύν,λογίζομαι
6402,συλλούομαι,σύν,λούω
6403,συλλοχίζω,σύν,λοχίζω
6404,συλλύω,σύν,λύω
6405,συλλυπέω,σύν,λυπέω
6406,συλλυσσάομαι,σύν,λυσσάω
6407,συμμάρπτω,σύν,μάρπτω
6408,συμμάχομαι,σύν,μάχομαι
6409,συμμαίνομαι,σύν,μαίνομαι
6410,συμμανθάνω,σύν,μανθάνω
6411,συμμαρτυρέω,σύν,μαρτυρέω
6412,συμμαστιγόω,σύν,μαστιγόω
6413,συμμαχέω,σύν,μαχέω
6414,συμμένω,σύν,μένω
6415,συμμελετάω,σύν,μελετάω
6416,συμμερίζω,σύν,μερίζω
6417,συμμετεωρίζομαι,σύν,μετεωρίζω
6418,συμμετρέω,σύν,μετρέω
6419,συμμητιάομαι,σύν,μητιάω
6420,συμμηχανάομαι,σύν,μηχανάομαι
6421,συμμίγνυμι,σύν,μίγνυμι
6422,συμμίσγω,σύν,μίγνυμι
6423,συμμιμνήσκομαι,σύν,μιμνήσκω
6424,συμμισέω,σύν,μισέω
6425,συμμορφόομαι,σύν,μορφόω
6426,συμμοχθέω,σύν,μοχθέω
6427,συμμύω,σύν,μύω
6428,συμμυέω,σύν,μυέω
6429,συννάσσω,σύν,νάσσω
6430,συνναίω,σύν,ναίω1
6431,συνναυμαχέω,σύν,ναυμαχέω
6432,συννέμω,σύν,νέμω
6433,συννέω2,σύν,νέω2
6434,συννέω1,σύν,νέω4
6435,συννεφέω,σύν,νεφέω
6436,συννεύω,σύν,νεύω
6437,συννήχομαι,σύν,νήχω
6438,συννικάω,σύν,νικάω
6439,συννοέω,σύν,νοέω
6440,συννοσέω,σύν,νοσέω
6441,συνοδεύω,σύν,ὁδεύω
6442,συνοδοιπορέω,σύν,ὁδοιπορέω
6443,συνομαλύνω,σύν,ὁμαλύνω
6444,συνομαρτέω,σύν,ὁμαρτέω
6445,συνομιλέω,σύν,ὁμιλέω
6446,συνομοιοπαθέω,σύν,ὁμοιοπαθέω
6447,συνομολογέω,σύν,ὁμολογέω
6448,συνομορέω,σύν,ὁμορέω
6449,συνοράω,σύν,ὁράω
6450,συνορέω,σύν,ὁρέω
6451,συνορμίζω,σύν,ὁρμίζω
6452,συνόλλυμι,σύν,ὄλλυμι
6453,συνόμνυμι,σύν,ὄμνυμι
6454,συνόρνυμαι,σύν,ὄρνυμι
6455,συνοφρυόομαι,σύν,ὀφρυόομαι
6456,συνολισθαίνω,σύν,ὀλισθάνω
6457,συνολολύζω,σύν,ὀλολύζω
6458,συνοργίζομαι,σύν,ὀργίζω
6459,συνορίνω,σύν,ὀρίνω
6460,συνοχέομαι,σύν,ὀχέω
6461,συνοίομαι,σύν,οἴομαι
6462,σύνοιδα,σύν,οἶδα
6463,συνοικέω,σύν,οἰκέω
6464,συνοικειόω,σύν,οἰκειόω
6465,συνοικίζω,σύν,οἰκίζω
6466,συνοικοδομέω,σύν,οἰκοδομέω
6467,συνοικτίζω,σύν,οἰκτίζω
6468,συμπάσχω,σύν,πάσχω
6469,συμπαίω,σύν,παίω1
6470,συμπαίζω,σύν,παίζω
6471,συμπαιανίζω,σύν,παιανίζω
6472,συμπαιδεύω,σύν,παιδεύω
6473,συμπανηγυρίζω,σύν,πανηγυρίζω
6474,συμπαθέω,σύν,παθέω
6475,συμπατάσσω,σύν,πατάσσω
6476,συμπατέω,σύν,πατέω
6477,συμπέμπω,σύν,πέμπω
6478,συμπένομαι,σύν,πένομαι
6479,συμπέρθω,σύν,πέρθω
6480,συμπέτομαι,σύν,πέτομαι
6481,συμπεδάω,σύν,πεδάω
6482,συμπείθω,σύν,πείθω
6483,συμπείρω,σύν,πείρω
6484,συμπενθέω,σύν,πενθέω
6485,συμπεραίνω,σύν,περαίνω
6486,συμπερονάω,σύν,περονάω
6487,συμπήγνυμι,σύν,πήγνυμι
6488,συμπίνω,σύν,πίνω
6489,συμπίπτω,σύν,πίπτω
6490,συμπίτνω,σύν,πίπτω
6491,συμπιέζω,σύν,πιέζω
6492,συμπλάσσω,σύν,πλάσσω
6493,συμπλανάομαι,σύν,πλανάω
6494,συμπλαταγέω,σύν,πλαταγέω
6495,συμπλέκω,σύν,πλέκω
6496,συμπλέω,σύν,πλέω
6497,συμπληθύνω,σύν,πληθύνω
6498,συμπληθύω,σύν,πληθύω
6499,συμπληρόω,σύν,πληρόω
6500,συμπνέω,σύν,πνέω
6501,συμπνίγω,σύν,πνίγω
6502,συμποδίζω,σύν,ποδίζω
6503,συμποιέω,σύν,ποιέω
6504,συμποιμαίνομαι,σύν,ποιμαίνω
6505,συμπολεμέω,σύν,πολεμέω
6506,συμπολίζω,σύν,πολίζω
6507,συμπολιορκέω,σύν,πολιορκέω
6508,συμπολιτεύω,σύν,πολιτεύω
6509,συμπομπεύω,σύν,πομπεύω
6510,συμπονέω,σύν,πονέω
6511,συμπονηρεύομαι,σύν,πονηρεύομαι
6512,συμπορεύομαι,σύν,πορεύω
6513,συμπορίζω,σύν,πορίζω
6514,συμπορθέω,σύν,πορθέω
6515,συμπράσσω,σύν,πράσσω
6516,συμπραγματεύομαι,σύν,πραγματεύομαι
6517,συμπρέπω,σύν,πρέπω
6518,συμπρεσβεύω,σύν,πρεσβεύω
6519,συμπρίασθαι,σύν,πρίαμαι
6520,συμπροξενέω,σύν,προξενέω
6521,συμπτύσσω,σύν,πτύσσω
6522,συμπυνθάνομαι,σύν,πυνθάνομαι
6523,συμπυρόω,σύν,πυρόω
6524,συνθάλπω,σύν,θάλπω
6525,συνθάπτω,σύν,θάπτω
6526,συνθακέω,σύν,θακέω
6527,συνθέω,σύν,θέω
6528,συνθεάομαι,σύν,θεάομαι
6529,συνθερίζω,σύν,θερίζω
6530,συνθεωρέω,σύν,θεωρέω
6531,συνθηράω,σύν,θηράω
6532,συνθηρεύω,σύν,θηρεύω
6533,συνθλάω,σύν,θλάω
6534,συνθλίβω,σύν,θλίβω
6535,συνθνήσκω,σύν,θνήσκω
6536,συνθρανόομαι,σύν,θρανόομαι
6537,συνθραύω,σύν,θραύω
6538,συνθριαμβεύω,σύν,θριαμβεύω
6539,συνθρύπτω,σύν,θρύπτω
6540,συνθύω,σύν,θύω1
6541,συρράπτω,σύν,ῥάπτω
6542,συρρέω,σύν,ῥέω
6543,συρρέζω,σύν,ῥέζω
6544,συρράσσω,σύν,ῥήγνυμι
6545,συρρήγνυμι,σύν,ῥήγνυμι
6546,συρριζόομαι,σύν,ῥιζόω
6547,συσσαίνομαι,σύν,σαίνω
6548,συσσεβίζω,σύν,σεβίζω
6549,συσσεύω,σύν,σεύω
6550,συσφάζω,σύν,σφάζω
6551,συσφίγγω,σύν,σφίγγω
6552,συσσημαίνομαι,σύν,σημαίνω
6553,συσσιτέω,σύν,σιτέομαι
6554,συσκεδάννυμι,σύν,σκεδάννυμι
6555,συσκευάζω,σύν,σκευάζω
6556,συσκευωρέομαι,σύν,σκευωρέομαι
6557,συσκηνέω,σύν,σκηνέω
6558,συσκηνόω,σύν,σκηνόω
6559,συσκιάζω,σύν,σκιάζω
6560,συσκοπέω,σύν,σκοπέω
6561,συσκοτάζω,σύν,σκοτάζω
6562,συσκυθρωπάζω,σύν,σκυθρωπάζω
6563,συσπάω,σύν,σπάω
6564,συσπαράσσω,σύν,σπαράσσω
6565,συσπένδω,σύν,σπένδω
6566,συσπείρω,σύν,σπείρω
6567,συσπειράομαι,σύν,σπειράομαι
6568,συσπεύδω,σύν,σπεύδω
6569,συσπλαγχνεύω,σύν,σπλαγχνεύω
6570,συσπουδάζω,σύν,σπουδάζω
6571,συστασιάζω,σύν,στασιάζω
6572,συσταυρόομαι,σύν,σταυρόω
6573,συστέλλω,σύν,στέλλω
6574,συστένω,σύν,στένω
6575,συστεφανόομαι,σύν,στεφανόω
6576,συστεγάζω,σύν,στεγάζω
6577,συστενάζω,σύν,στενάζω
6578,συστοιχέω,σύν,στοιχέω
6579,συστολίζω,σύν,στολίζω
6580,συστρατεύω,σύν,στρατεύω
6581,συστρατηγέω,σύν,στρατηγέω
6582,συστρατοπεδεύομαι,σύν,στρατοπεδεύω
6583,συστρέφω,σύν,στρέφω
6584,συσσῳ/ζω,σύν,σώζω
6585,συσσωφρονέω,σύν,σωφρονέω
6586,συσχηματίζω,σύν,σχηματίζω
6587,συσχολάζω,σύν,σχολάζω
6588,συντάσσω,σύν,τάσσω
6589,συνταλαιπωρέω,σύν,ταλαιπωρέω
6590,συντανύω,σύν,τανύω
6591,συνταράσσω,σύν,ταράσσω
6592,συνταχύνω,σύν,ταχύνω
6593,συντέμνω,σύν,τέμνω
6594,συντείνω,σύν,τείνω
6595,συντειχίζω,σύν,τειχίζω
6596,συντεκμαίρομαι,σύν,τεκμαίρομαι
6597,συντεκνοποιέω,σύν,τεκνοποιέω
6598,συντελέθω,σύν,τελέθω
6599,συντελέω,σύν,τελέω
6600,συντερετίζω,σύν,τερετίζω
6601,συντερμονέω,σύν,τερμονέω
6602,συντετραίνω,σύν,τετραίνω
6603,συντεχνάζω,σύν,τεχνάζω
6604,συντήκω,σύν,τήκω
6605,συντηρέω,σύν,τηρέω
6606,συντίθημι,σύν,τίθημι
6607,συντιμάω,σύν,τιμάω
6608,συντινάσσω,σύν,τινάσσω
6609,συντιτρώσκω,σύν,τιτρώσκω
6610,συντολμάω,σύν,τολμάω
6611,συντραγῳδέω,σύν,τραγῳδέω
6612,συντρέφω,σύν,τρέφω
6613,συντρέχω,σύν,τρέχω
6614,συντρίβω,σύν,τρίβω
6615,συντριαινόω,σύν,τριαινόω
6616,συντριηραρχέω,σύν,τριηραρχέω
6617,συντροχάζω,σύν,τροχάζω
6618,συντυγχάνω,σύν,τυγχάνω
6619,συντυραννοκτονέω,σύν,τυραννοκτονέω
6620,συντυρόω,σύν,τυρόω
6621,συνυφαίνω,σύν,ὑφαίνω
6622,συνυπουργέω,σύν,ὑπουργέω
6623,συνωρίζω,σύν,ὡρίζω
6624,συνωδίνω,σύν,ὠδίνω
6625,συνωφελέω,σύν,ὠφελέω
6626,συνωνέομαι,σύν,ὠνέομαι
6627,συνωθέω,σύν,ὠθέω
6628,συγχαίρω,σύν,χαίρω
6629,συγχέω,σύν,χέω
6630,συγχειμάζομαι,σύν,χειμάζω
6631,συγχειρουργέω,σύν,χειρουργέω
6632,συγχώννυμι,σύν,χόω
6633,συγχορεύω,σύν,χορεύω
6634,συγχορηγέω,σύν,χορηγέω
6635,συγχράομαι,σύν,χράομαι
6636,συγχύνω,σύν,χύνω
6637,συγχωνεύω,σύν,χωνεύω
6638,συγχωρέω,σύν,χωρέω
6639,συμψάω,σύν,ψάω
6640,συμψαύω,σύν,ψαύω
6641,συμψηφίζω,σύν,ψηφίζω
6642,συμψοφέω,σύν,ψοφέω
6643,συζάω,σύν,ζάω
6644,συζεύγνυμι,σύν,ζεύγνυμι
6645,συζητέω,σύν,ζητέω
6646,συζοφόω,σύν,ζοφόω
6647,ὑπερανίσταμαι,ὑπέρ-ἀνά,ἵστημι
6648,ὑπερανατείνομαι,ὑπέρ-ἀνά,τείνω
6649,ὑπεραποκρίνομαι,ὑπέρ-ἀπό,κρίνω
6650,ὑπεραπολογέομαι,ὑπέρ-ἀπό,λογέω
6651,ὑπεραποθνήσκω,ὑπέρ-ἀπό,θνήσκω
6652,ὑπερδιατείνομαι,ὑπέρ-διά,τείνω
6653,ὑπερεκπίπτω,ὑπέρ-ἐκ,πίπτω
6654,ὑπερεκπλήσσω,ὑπέρ-ἐκ,πλήσσω
6655,ὑπερεκθεραπεύω,ὑπέρ-ἐκ,θεραπεύω
6656,ὑπερεκτείνω,ὑπέρ-ἐκ,τείνω
6657,ὑπερεκτίνω,ὑπέρ-ἐκ,τίνω
6658,ὑπερεκχύνομαι,ὑπέρ-ἐκ,χέω
6659,ὑπερεμφορέομαι,ὑπέρ-ἐν,φορέω
6660,ὑπερεμπίπλημι,ὑπέρ-ἐν,πίμπλημι
6661,ὑπερεντυγχάνω,ὑπέρ-ἐν,τυγχάνω
6662,ὑπερεπαινέω,ὑπέρ-ἐπί,αἰνέω
6663,ὑπερεπιθυμέω,ὑπέρ-ἐπί,θυμέω
6664,ὑπερκαταβαίνω,ὑπέρ-κατά,βαίνω
6665,ὑπερκάθημαι,ὑπέρ-κατά,κάθημαι
6666,ὑπερκατάκειμαι,ὑπέρ-κατά,κεῖμαι
6667,ὑπεράλλομαι,ὑπέρ,ἅλλομαι
6668,ὑπεράγαμαι,ὑπέρ,ἄγαμαι
6669,ὑπεράχθομαι,ὑπέρ,ἄχθομαι
6670,ὑπεραγανακτέω,ὑπέρ,ἀγανακτέω
6671,ὑπεραγαπάω,ὑπέρ,ἀγαπάω
6672,ὑπεραγωνιάω,ὑπέρ,ἀγωνιάω
6673,ὑπερακοντίζω,ὑπέρ,ἀκοντίζω
6674,ὑπερακρίζω,ὑπέρ,ἀκρίζω
6675,ὑπεραλγέω,ὑπέρ,ἀλγέω
6676,ὑπεραναιδεύομαι,ὑπέρ,ἀναιδεύομαι
6677,ὑπεραντλέομαι,ὑπέρ,ἀντλέω
6678,ὑπεραπατάομαι,ὑπέρ,ἀπατάω
6679,ὑπεραρρωδέω,ὑπέρ,ἀρρωδέω
6680,ὑπερασπάζομαι,ὑπέρ,ἀσπάζομαι
6681,ὑπεραιμόω,ὑπέρ,αἱμόω
6682,ὑπεραίρω,ὑπέρ,αἴρω
6683,ὑπεραισχύνομαι,ὑπέρ,αἰσχύνω
6684,ὑπεραιωρέομαι,ὑπέρ,αἰωρέω
6685,ὑπεραυξάνω,ὑπέρ,αὐξάνω
6686,ὑπεραυχέω,ὑπέρ,αὐχέω
6687,ὑπερβάλλω,ὑπέρ,βάλλω
6688,ὑπερβαίνω,ὑπέρ,βαίνω
6689,ὑπερβιάζομαι,ὑπέρ,βιάζω
6690,ὑπερβιβάζω,ὑπέρ,βιβάζω
6691,ὑπερβράζω,ὑπέρ,βράζω
6692,ὑπερβρύω,ὑπέρ,βρύω
6693,ὑπερδέω,ὑπέρ,δέω1
6694,ὑπερδείδω,ὑπέρ,δείδω
6695,ὑπερδειμαίνω,ὑπέρ,δειμαίνω
6696,ὑπερδικέω,ὑπέρ,δικέω
6697,ὑπερέρχομαι,ὑπέρ,ἔρχομαι
6698,ὑπερέχω,ὑπέρ,ἔχω
6699,ὑπερεσθίω,ὑπέρ,ἐσθίω
6700,ὑπερεχθαίρω,ὑπέρ,ἐχθαίρω
6701,ὑπερευδαιμονέω,ὑπέρ,εὐδαιμονέω
6702,ὑπερευφραίνομαι,ὑπέρ,εὐφραίνω
6703,ὑπερφαίνομαι,ὑπέρ,φαίνω
6704,ὑπερφαλαγγέω,ὑπέρ,φαλαγγέω
6705,ὑπερφέρω,ὑπέρ,φέρω
6706,ὑπερφιλέω,ὑπέρ,φιλέω
6707,ὑπερφοβέομαι,ὑπέρ,φοβέω
6708,ὑπερφορέω,ὑπέρ,φορέω
6709,ὑπερφθέγγομαι,ὑπέρ,φθέγγομαι
6710,ὑπερφθίνομαι,ὑπέρ,φθίω
6711,ὑπερφρονέω,ὑπέρ,φρονέω
6712,ὑπερφύομαι,ὑπέρ,φύω
6713,ὑπερφυσάομαι,ὑπέρ,φυσάω
6714,ὑπερφωνέω,ὑπέρ,φωνέω
6715,ὑπεργεμίζω,ὑπέρ,γεμίζω
6716,ὑπερήδομαι,ὑπέρ,ἥδομαι
6717,ὑπερίημι,ὑπέρ,ἵημι
6718,ὑπερίσταμαι,ὑπέρ,ἵστημι
6719,ὑπερίσχω,ὑπέρ,ἴσχω
6720,ὑπεριάχω,ὑπέρ,ἰάχω
6721,ὑπερικταίνομαι,ὑπέρ,ἰκταίνομαι
6722,ὑπερκάμνω,ὑπέρ,κάμνω
6723,ὑπερκαχλάζω,ὑπέρ,καχλάζω
6724,ὑπέρκειμαι,ὑπέρ,κεῖμαι
6725,ὑπερκενόομαι,ὑπέρ,κενόω
6726,ὑπερκλύζω,ὑπέρ,κλύζω
6727,ὑπερκολακεύω,ὑπέρ,κολακεύω
6728,ὑπερκομίζω,ὑπέρ,κομίζω
6729,ὑπερκορέννυμι,ὑπέρ,κορέννυμι
6730,ὑπερκρεμάννυμι,ὑπέρ,κρεμάννυμι
6731,ὑπερκτάομαι,ὑπέρ,κτάομαι
6732,ὑπερκύπτω,ὑπέρ,κύπτω
6733,ὑπερλαμπρύνομαι,ὑπέρ,λαμπρύνω
6734,ὑπερλυπέομαι,ὑπέρ,λυπέω
6735,ὑπερμάχομαι,ὑπέρ,μάχομαι
6736,ὑπερμαίνομαι,ὑπέρ,μαίνομαι
6737,ὑπερμαχέω,ὑπέρ,μαχέω
6738,ὑπερμαζάω,ὑπέρ,μαζάω
6739,ὑπερμεθύσκομαι,ὑπέρ,μεθύσκω
6740,ὑπερνεωλκέω,ὑπέρ,νεωλκέω
6741,ὑπερνικάω,ὑπέρ,νικάω
6742,ὑπεροπλίζομαι,ὑπέρ,ὁπλίζω
6743,ὑπεροράω,ὑπέρ,ὁράω
6744,ὑπερορίζω,ὑπέρ,ὁρίζω
6745,ὑπερόρνυμαι,ὑπέρ,ὄρνυμι
6746,ὑπερορρωδέω,ὑπέρ,ὀρρωδέω
6747,ὑπεροιδαίνω,ὑπέρ,οἰδάνω
6748,ὑπεροικέω,ὑπέρ,οἰκέω
6749,ὑπερπαίω,ὑπέρ,παίω1
6750,ὑπερπαλύνω,ὑπέρ,παλύνω
6751,ὑπερπαθέω,ὑπέρ,παθέω
6752,ὑπερίπταμαι,ὑπέρ,πέτομαι
6753,ὑπερπέταμαι,ὑπέρ,πέτομαι
6754,ὑπερπέτομαι,ὑπέρ,πέτομαι
6755,ὑπερπερισσεύομαι,ὑπέρ,περισσεύω
6756,ὑπερπετάννυμι,ὑπέρ,πετάννυμι
6757,ὑπερπηδάω,ὑπέρ,πηδάω
6758,ὑπερπίμπλημι,ὑπέρ,πίμπλημι
6759,ὑπερπίνω,ὑπέρ,πίνω
6760,ὑπερπίπτω,ὑπέρ,πίπτω
6761,ὑπερπλεονάζω,ὑπέρ,πλεονάζω
6762,ὑπερπληρόω,ὑπέρ,πληρόω
6763,ὑπερπλουτέω,ὑπέρ,πλουτέω
6764,ὑπερπολάζω,ὑπέρ,πολάζω
6765,ὑπερπονέω,ὑπέρ,πονέω
6766,ὑπερπυππάζω,ὑπέρ,πυππάζω
6767,ὑπερπυρριάω,ὑπέρ,πυρριάω
6768,ὑπερθαυμάζω,ὑπέρ,θαυμάζω
6769,ὑπερθέω,ὑπέρ,θέω
6770,ὑπερθνήσκω,ὑπέρ,θνήσκω
6771,ὑπερθρώσκω,ὑπέρ,θρώσκω
6772,ὑπερσεμνύνομαι,ὑπέρ,σεμνύνω
6773,ὑπερσπουδάζω,ὑπέρ,σπουδάζω
6774,ὑπερτέλλω,ὑπέρ,τέλλω
6775,ὑπερτελέω,ὑπέρ,τελέω
6776,ὑπερτήκω,ὑπέρ,τήκω
6777,ὑπερτίθημι,ὑπέρ,τίθημι
6778,ὑπερτιμάω,ὑπέρ,τιμάω
6779,ὑπερτρέχω,ὑπέρ,τρέχω
6780,ὑπερυψόω,ὑπέρ,ὑψόω
6781,ὑπερχαίρω,ὑπέρ,χαίρω
6782,ὑπερχλίω,ὑπέρ,χλίω
6783,ὑπερζέω,ὑπέρ,ζέω
6784,ὑπερηφανέω,ὑπερ,ηφανέω
6785,ὑπνομαχέω,ὑπνο,μαχέω
6786,ὑπαναλίσκω,ὑπό-ἀνά,ἀναλίσκω
6787,ὑπάνειμι,ὑπό-ἀνά,εἶμι
6788,ὑπαναγιγνώσκω,ὑπό-ἀνά,γιγνώσκω
6789,ὑπανίημι,ὑπό-ἀνά,ἵημι
6790,ὑπανίσταμαι,ὑπό-ἀνά,ἵστημι
6791,ὑπανοίγω,ὑπό-ἀνά,οἴγω
6792,ὑπαναχωρέω,ὑπό-ἀνά,χωρέω
6793,ὑπάπειμι,ὑπό-ἀπό,εἶμι
6794,ὑπαφίσταμαι,ὑπό-ἀπό,ἵστημι
6795,ὑπαποκινέω,ὑπό-ἀπό,κινέω
6796,ὑπεξανάγομαι,ὑπό-ἐκ-ἀνά,ἄγω
6797,ὑπεξαναβαίνω,ὑπό-ἐκ-ἀνά,βαίνω
6798,ὑπεξαναδύομαι,ὑπό-ἐκ-ἀνά,δύω2
6799,ὑπεξανίσταμαι,ὑπό-ἐκ-ἀνά,ἵστημι
6800,ὑπεκπροφεύγω,ὑπό-ἐκ-πρό,φεύγω
6801,ὑπεκπρολύω,ὑπό-ἐκ-πρό,λύω
6802,ὑπεκπροθέω,ὑπό-ἐκ-πρό,θέω
6803,ὑπεκπρορέω,ὑπό-ἐκ-πρό,ῥέω
6804,ὑπεξάγω,ὑπό-ἐκ,ἄγω
6805,ὑπεξακρίζω,ὑπό-ἐκ,ἀκρίζω
6806,ὑπεξαλέομαι,ὑπό-ἐκ,ἀλέομαι
6807,ὑπεξαντλέω,ὑπό-ἐκ,ἀντλέω
6808,ὑπεξαιρέω,ὑπό-ἐκ,αἱρέω
6809,ὑπεκδέχομαι,ὑπό-ἐκ,δέχομαι
6810,ὑπεκδύομαι,ὑπό-ἐκ,δύω2
6811,ὑπεξέρχομαι,ὑπό-ἐκ,ἔρχομαι
6812,ὑπεξέχω,ὑπό-ἐκ,ἔχω
6813,ὑπεξελαύνω,ὑπό-ἐκ,ἐλαύνω
6814,ὑπεξερύω,ὑπό-ἐκ,ἐρύω
6815,ὑπέξειμι,ὑπό-ἐκ,εἶμι
6816,ὑπεκφέρω,ὑπό-ἐκ,φέρω
6817,ὑπεκφεύγω,ὑπό-ἐκ,φεύγω
6818,ὑπεξίσταμαι,ὑπό-ἐκ,ἵστημι
6819,ὑπεκκαλύπτω,ὑπό-ἐκ,καλύπτω
6820,ὑπέκκειμαι,ὑπό-ἐκ,κεῖμαι
6821,ὑπεκκλίνω,ὑπό-ἐκ,κλίνω
6822,ὑπεκκομίζω,ὑπό-ἐκ,κομίζω
6823,ὑπεκλαμβάνω,ὑπό-ἐκ,λαμβάνω
6824,ὑπεκλύω,ὑπό-ἐκ,λύω
6825,ὑπεκπέμπω,ὑπό-ἐκ,πέμπω
6826,ὑπεκπλέω,ὑπό-ἐκ,πλέω
6827,ὑπεκθέω,ὑπό-ἐκ,θέω
6828,ὑπεκρέω,ὑπό-ἐκ,ῥέω
6829,ὑπεκρήγνυμαι,ὑπό-ἐκ,ῥήγνυμι
6830,ὑπεκρίπτω,ὑπό-ἐκ,ῥίπτω
6831,ὑπεκσῴζω,ὑπό-ἐκ,σώζω
6832,ὑπεκτίθεμαι,ὑπό-ἐκ,τίθημι
6833,ὑπεκτρέπω,ὑπό-ἐκ,τρέπω
6834,ὑπεκτρέχω,ὑπό-ἐκ,τρέχω
6835,ὑπεκχαλάω,ὑπό-ἐκ,χαλάω
6836,ὑπεκχωρέω,ὑπό-ἐκ,χωρέω
6837,ὑπενδίδωμι,ὑπό-ἐν,δίδωμι
6838,ὑπενδύομαι,ὑπό-ἐν,δύω2
6839,ὑπεγχέω,ὑπό-ἐν,χέω
6840,ὑπεισδύομαι,ὑπό-εἰς,δύω2
6841,ὑπεισέρχομαι,ὑπό-εἰς,ἔρχομαι
6842,ὑποκαταβαίνω,ὑπό-κατά,βαίνω
6843,ὑποκάθημαι,ὑπό-κατά,κάθημαι
6844,ὑποκατακλίνομαι,ὑπό-κατά,κλίνω
6845,ὑποσυγχέω,ὑπό-σύν,χέω
6846,ὑφάπτω,ὑπό,ἅπτω
6847,ὑφαρπάζω,ὑπό,ἁρπάζω
6848,ὑπάγω,ὑπό,ἄγω
6849,ὑπάρχω,ὑπό,ἄρχω
6850,ὑπαείδω,ὑπό,ἀείδω
6851,ὑπαγκαλίζω,ὑπό,ἀγκαλίζομαι
6852,ὑπαγορεύω,ὑπό,ἀγορεύω
6853,ὑπαίσσω,ὑπό,ἀίσσω
6854,ὑπακούω,ὑπό,ἀκούω
6855,ὑπαλεύομαι,ὑπό,ἀλέομαι
6856,ὑπαλείφω,ὑπό,ἀλείφω
6857,ὑπαλλάσσω,ὑπό,ἀλλάσσω
6858,ὑπαλύσκω,ὑπό,ἀλύσκω
6859,ὑπανιάομαι,ὑπό,ἀνιάω
6860,ὑπαντάω,ὑπό,ἀντάω
6861,ὑπαντιάζω,ὑπό,ἀντιάζω
6862,ὑπαπειλέω,ὑπό,ἀπειλέω2
6863,ὑπασπίζω,ὑπό,ἀσπίζω
6864,ὑφαιρέω,ὑπό,αἱρέω
6865,ὑπαίθω,ὑπό,αἴθω
6866,ὑπαιδέομαι,ὑπό,αἰδέομαι
6867,ὑπαινίσσομαι,ὑπό,αἰνίσσομαι
6868,ὑπαισχύνομαι,ὑπό,αἰσχύνω
6869,ὑπαυλέω,ὑπό,αὐλέω
6870,ὑποβάλλω,ὑπό,βάλλω
6871,ὑποβαίνω,ὑπό,βαίνω
6872,ὑποβαρβαρίζω,ὑπό,βαρβαρίζω
6873,ὑποβήσσω,ὑπό,βήσσω
6874,ὑποβιβάζω,ὑπό,βιβάζω
6875,ὑποβλέπω,ὑπό,βλέπω
6876,ὑποβρέμω,ὑπό,βρέμω
6877,ὑποβρέχω,ὑπό,βρέχω
6878,ὑποξύω,ὑπό,ξύω
6879,ὑποξυράω,ὑπό,ξυρέω
6880,ὑποδαίω,ὑπό,δαίω1
6881,ὑποδακρύω,ὑπό,δακρύω
6882,ὑποδαμνάω,ὑπό,δαμνάω
6883,ὑποδέμω,ὑπό,δέμω
6884,ὑποδέω,ὑπό,δέω1
6885,ὑποδέχομαι,ὑπό,δέχομαι
6886,ὑπαιδείδοικα,ὑπό,δείδω
6887,ὑποδείδω,ὑπό,δείδω
6888,ὑποδείκνυμι,ὑπό,δείκνυμι
6889,ὑποδειλιάω,ὑπό,δειλιάω
6890,ὑποδειμαίνω,ὑπό,δειμαίνω
6891,ὑποδηλόω,ὑπό,δηλόω
6892,ὑποδίδωμι,ὑπό,δίδωμι
6893,ὑποδρώω,ὑπό,δράω
6894,ὑποδύομαι,ὑπό,δύω2
6895,ὑποδύω,ὑπό,δύω2
6896,ὑφέλκω,ὑπό,ἕλκω
6897,ὑφέρπω,ὑπό,ἕρπω
6898,ὑπέρχομαι,ὑπό,ἔρχομαι
6899,ὑπέχω,ὑπό,ἔχω
6900,ὑπελαύνω,ὑπό,ἐλαύνω
6901,ὑπεμνήμυκε,ὑπό,ἐμνήμυκε
6902,ὑπεναντιόομαι,ὑπό,ἐναντιόομαι
6903,ὑπερέπτω,ὑπό,ἐρέπτομαι
6904,ὑπερείδω,ὑπό,ἐρείδω
6905,ὑπερείπω,ὑπό,ἐρείπω
6906,ὑπερεθίζω,ὑπό,ἐρεθίζω
6907,ὑπεργάζομαι,ὑπό,ἐργάζομαι
6908,ὑπερυθριάω,ὑπό,ἐρυθριάω
6909,ὑπερωέω,ὑπό,ἐρωέω
6910,ὑπερωτάω,ὑπό,ἐρωτάω
6911,ὑπείκω,ὑπό,εἴκω
6912,ὑπεικαθεῖν,ὑπό,εἴκω
6913,ὑπίλλω,ὑπό,εἴλω
6914,ὑπειδόμην,ὑπό,εἶδον
6915,ὕπειμι2,ὑπό,εἶμι
6916,ὑπεῖπον,ὑπό,εἶπον
6917,ὕπειμι1,ὑπό,εἰμί
6918,ὑποφαίνω,ὑπό,φαίνω
6919,ὑποφέρω,ὑπό,φέρω
6920,ὑποφείδομαι,ὑπό,φείδομαι
6921,ὑποφεύγω,ὑπό,φεύγω
6922,ὑποφητεύω,ὑπό,φητεύω
6923,ὑποφλέγω,ὑπό,φλέγω
6924,ὑποφθάνω,ὑπό,φθάνω
6925,ὑποφθέγγομαι,ὑπό,φθέγγομαι
6926,ὑποφθονέω,ὑπό,φθονέω
6927,ὑποφρίσσω,ὑπό,φρίσσω
6928,ὑποφύω,ὑπό,φύω
6929,ὑποφωλεύω,ὑπό,φωλεύω
6930,ὑποφωνέω,ὑπό,φωνέω
6931,ὑπογελάω,ὑπό,γελάω
6932,ὑπογενειάζω,ὑπό,γενειάζω
6933,ὑπογίγνομαι,ὑπό,γίγνομαι
6934,ὑπογλαύσσω,ὑπό,γλαύσσω
6935,ὑπογλυκαίνω,ὑπό,γλυκαίνω
6936,ὑπογνάμπτω,ὑπό,γνάμπτω
6937,ὑπογράφω,ὑπό,γράφω
6938,ὑπογραμματεύω,ὑπό,γραμματεύω
6939,ὑφηγέομαι,ὑπό,ἡγέομαι
6940,ὑφηνιοχέω,ὑπό,ἡνιοχέω
6941,ὑπηχέω,ὑπό,ἠχέω
6942,ὑφίημι,ὑπό,ἵημι
6943,ὑφίστημι,ὑπό,ἵστημι
6944,ὑφεῖσα,ὑπό,ἵζω
6945,ὑφίζω,ὑπό,ἵζω
6946,ὑφικάνω,ὑπό,ἱκάνω
6947,ὑφιζάνω,ὑπό,ἱζάνω
6948,ὑποιάχω,ὑπό,ἰάχω
6949,ὑπισχνέομαι,ὑπό,ἰσχνέομαι
6950,ὑποκάμπτω,ὑπό,κάμπτω
6951,ὑποκαίω,ὑπό,καίω
6952,ὑποκαθίζω,ὑπό,καθίζω
6953,ὑπόκειμαι,ὑπό,κεῖμαι
6954,ὑποκηρύσσομαι,ὑπό,κηρύσσω
6955,ὑποκινέω,ὑπό,κινέω
6956,ὑποκλαίω,ὑπό,κλαίω
6957,ὑποκλέπτω,ὑπό,κλέπτω
6958,ὑποκλίνομαι,ὑπό,κλίνω
6959,ὑποκλονέομαι,ὑπό,κλονέω
6960,ὑποκλοπέομαι,ὑπό,κλοπέομαι
6961,ὑποκλύζω,ὑπό,κλύζω
6962,ὑποκνίζω,ὑπό,κνίζω
6963,ὑποκόπτω,ὑπό,κόπτω
6964,ὑποκορίζομαι,ὑπό,κορίζομαι
6965,ὑποκουρίζομαι,ὑπό,κουρίζω
6966,ὑποκρέκω,ὑπό,κρέκω
6967,ὑποκρίνομαι,ὑπό,κρίνω
6968,ὑποκρούω,ὑπό,κρούω
6969,ὑποκρύπτω,ὑπό,κρύπτω
6970,ὑποκρώζω,ὑπό,κρώζω
6971,ὑποκύπτω,ὑπό,κύπτω
6972,ὑποκύομαι,ὑπό,κύω
6973,ὑποκωμῳδέω,ὑπό,κωμῳδέω
6974,ὑπολάμπω,ὑπό,λάμπω
6975,ὑπολαμβάνω,ὑπό,λαμβάνω
6976,ὑπολείβω,ὑπό,λείβω
6977,ὑπολείπω,ὑπό,λείπω
6978,ὑπολευκαίνομαι,ὑπό,λευκαίνω
6979,ὑπολογέω,ὑπό,λογέω
6980,ὑπολογίζομαι,ὑπό,λογίζομαι
6981,ὑπολύω,ὑπό,λύω
6982,ὑπομάσσω,ὑπό,μάσσω
6983,ὑπομαλακίζομαι,ὑπό,μαλακίζομαι
6984,ὑπομέμφομαι,ὑπό,μέμφομαι
6985,ὑπομένω,ὑπό,μένω
6986,ὑπομειδιάω,ὑπό,μειδιάω
6987,ὑπομίγνυμι,ὑπό,μίγνυμι
6988,ὑπομιμνήσκω,ὑπό,μιμνήσκω
6989,ὑπομνάομαι,ὑπό,μνάομαι
6990,ὑπομνηστεύομαι,ὑπό,μνηστεύω
6991,ὑποναίω,ὑπό,ναίω1
6992,ὑπονέμομαι,ὑπό,νέμω
6993,ὑπονήχομαι,ὑπό,νήχω
6994,ὑπονίφω,ὑπό,νίφω
6995,ὑπονοέω,ὑπό,νοέω
6996,ὑπονοσέω,ὑπό,νοσέω
6997,ὑπονοστέω,ὑπό,νοστέω
6998,ὑπονύσσω,ὑπό,νύσσω
6999,ὑπονυστάζω,ὑπό,νυστάζω
7000,ὑφοράω,ὑπό,ὁράω
7001,ὑφορμέω,ὑπό,ὁρμέω
7002,ὑφορμίζομαι,ὑπό,ὁρμίζω
7003,ὑπόμνυμαι,ὑπό,ὄμνυμι
7004,ὑπόρνυμι,ὑπό,ὄρνυμι
7005,ὑπολισθάνω,ὑπό,ὀλισθάνω
7006,ὑποπτεύω,ὑπό,ὀπτεύω
7007,ὑπορύσσω,ὑπό,ὀρύσσω
7008,ὑπορχέομαι,ὑπό,ὀρχέομαι
7009,ὑποτοβέω,ὑπό,ὀτοβέω
7010,ὑποχλέομαι,ὑπό,ὀχλέω
7011,ὑποψωνέω,ὑπό,ὀψωνέω
7012,ὑποικέω,ὑπό,οἰκέω
7013,ὑποικοδομέω,ὑπό,οἰκοδομέω
7014,ὑποικουρέω,ὑπό,οἰκουρέω
7015,ὑποιμώζω,ὑπό,οἰμώζω
7016,ὑποπάσσω,ὑπό,πάσσω
7017,ὑποπαλαίω,ὑπό,παλαίω
7018,ὑποπέμπω,ὑπό,πέμπω
7019,ὑποπέρδομαι,ὑπό,πέρδομαι
7020,ὑποπεινάω,ὑπό,πεινάω
7021,ὑποπερκάζω,ὑπό,περκάζω
7022,ὑποπετάννυμι,ὑπό,πετάννυμι
7023,ὑποπίμπλημι,ὑπό,πίμπλημι
7024,ὑποπίμπρημι,ὑπό,πίμπρημι
7025,ὑποπίνω,ὑπό,πίνω
7026,ὑποπίπτω,ὑπό,πίπτω
7027,ὑποπιθηκίζω,ὑπό,πιθηκίζω
7028,ὑποπλέω,ὑπό,πλέω
7029,ὑποπνέω,ὑπό,πνέω
7030,ὑποποιέω,ὑπό,ποιέω
7031,ὑποπορεύομαι,ὑπό,πορεύω
7032,ὑποπρίασθαι,ὑπό,πρίαμαι
7033,ὑποπρίω,ὑπό,πρίω
7034,ὑποπτήσσω,ὑπό,πτήσσω
7035,ὑποθάλπω,ὑπό,θάλπω
7036,ὑποθέω,ὑπό,θέω
7037,ὑποθερμαίνω,ὑπό,θερμαίνω
7038,ὑποθλίβω,ὑπό,θλίβω
7039,ὑποθορυβέω,ὑπό,θορυβέω
7040,ὑποθράττω,ὑπό,θράσσω
7041,ὑποθρύπτομαι,ὑπό,θρύπτω
7042,ὑποθωπεύω,ὑπό,θωπεύω
7043,ὑποθωρήσσομαι,ὑπό,θωρήσσω
7044,ὑπορράπτω,ὑπό,ῥάπτω
7045,ὑπορρέω,ὑπό,ῥέω
7046,ὑπορρήγνυμι,ὑπό,ῥήγνυμι
7047,ὑπορρίπτω,ὑπό,ῥίπτω
7048,ὑποριπίζω,ὑπό,ῥιπίζω
7049,ὑπορριπίζω,ὑπό,ῥιπίζω
7050,ὑποσαλπίζω,ὑπό,σαλπίζω
7051,ὑποσείω,ὑπό,σείω
7052,ὑποσφίγγω,ὑπό,σφίγγω
7053,ὑποσημαίνω,ὑπό,σημαίνω
7054,ὑποσιγάω,ὑπό,σιγάω
7055,ὑποσιωπάω,ὑπό,σιωπάω
7056,ὑποσκάπτω,ὑπό,σκάπτω
7057,ὑποσκάζω,ὑπό,σκάζω
7058,ὑποσκαλεύω,ὑπό,σκαλεύω
7059,ὑποσκελίζω,ὑπό,σκελίζω
7060,ὑποσπάω,ὑπό,σπάω
7061,ὑποσπανίζομαι,ὑπό,σπανίζω
7062,ὑποσπείρω,ὑπό,σπείρω
7063,ὑποσταχύομαι,ὑπό,σταχύομαι
7064,ὑποστέγω,ὑπό,στέγω
7065,ὑποστέλλω,ὑπό,στέλλω
7066,ὑποστένω,ὑπό,στένω
7067,ὑποστεγάζω,ὑπό,στεγάζω
7068,ὑποστενάζω,ὑπό,στενάζω
7069,ὑποστεναχίζω,ὑπό,στεναχίζω
7070,ὑποστοναχίζω,ὑπό,στεναχίζω
7071,ὑποστηρίζω,ὑπό,στηρίζω
7072,ὑποστρατηγέω,ὑπό,στρατηγέω
7073,ὑποστρέφω,ὑπό,στρέφω
7074,ὑποστροβέω,ὑπό,στροβέω
7075,ὑποστορέννυμι,ὑπό,στρώννυμι
7076,ὑποστύφω,ὑπό,στύφω
7077,ὑποσύρω,ὑπό,σύρω
7078,ὑποσυρίζω,ὑπό,συρίζω
7079,ὑποτάσσω,ὑπό,τάσσω
7080,ὑποτανύω,ὑπό,τανύω
7081,ὑποταράσσω,ὑπό,ταράσσω
7082,ὑποταρβέω,ὑπό,ταρβέω
7083,ὑποτέμνω,ὑπό,τέμνω
7084,ὑποτείνω,ὑπό,τείνω
7085,ὑποτειχίζω,ὑπό,τειχίζω
7086,ὑποτελέω,ὑπό,τελέω
7087,ὑποτίθημι,ὑπό,τίθημι
7088,ὑποτιμάομαι,ὑπό,τιμάω
7089,ὑποτονθορύζω,ὑπό,τονθορύζω
7090,ὑποτοπέω,ὑπό,τοπέω
7091,ὑποτοπεύω,ὑπό,τοπεύω
7092,ὑποτραυλίζω,ὑπό,τραυλίζω
7093,ὑποτρέφω,ὑπό,τρέφω
7094,ὑποτρέμω,ὑπό,τρέμω
7095,ὑποτρέω,ὑπό,τρέω
7096,ὑποτρέχω,ὑπό,τρέχω
7097,ὑποτρίβω,ὑπό,τρίβω
7098,ὑποτρομέω,ὑπό,τρομέω
7099,ὑποτροχάω,ὑπό,τροχάω
7100,ὑποτρύζω,ὑπό,τρύζω
7101,ὑποτρώγω,ὑπό,τρώγω
7102,ὑποτύφομαι,ὑπό,τύφω
7103,ὑποτύπτω,ὑπό,τύπτω
7104,ὑποτυπόω,ὑπό,τυπόω
7105,ὑπωθέω,ὑπό,ὠθέω
7106,ὑποχάσκω,ὑπό,χάσκω
7107,ὑποχάζομαι,ὑπό,χάζω
7108,ὑποχαράσσω,ὑπό,χαράσσω
7109,ὑποχέω,ὑπό,χέω
7110,ὑποχορηγέω,ὑπό,χορηγέω
7111,ὑποχρίω,ὑπό,χρίω
7112,ὑποχωρέω,ὑπό,χωρέω
7113,ὑποζεύγνυμι,ὑπό,ζεύγνυμι
7114,ὑποζώννυμι,ὑπό,ζώννυμι
7115,ὑψαυχενίζω,ὑψ,αυχενίζω
7116,ἀφαδρύνομαι,ἀπό,ἁδρύνω
7117,ἀφαγνεύω,ἀπό,ἁγνεύω
7118,ἀφαιμάσσω,ἀπό,αἱμάσσω
7119,ἀφεδρεύω,ἀπό,ἐνεδρεύω
7120,ἀφελκόω,ἀπό,ἑλκόω
7121,ἀφελληνίζω,ἀπό,ἑλληνίζω
7122,ἀφεψιάομαι,ἀπό,ἑψιάομαι
7123,ἀφηβάω,ἀπό,ἡβάω
7124,ἀφηλόω,ἀπό,ἡλόω
7125,ἀφημερεύω,ἀπό,ἡμερεύω
7126,ἀφησυχάζω,ἀπό,ἡσυχάζω
7127,ἀφίζω,ἀπό,ἵζω
7128,ἀφιδρόω,ἀπό,ἱδρόω
7129,ἀφιστάω,ἀπό,ἱστάω
7130,ἀφιστορέω,ἀπό,ἱστορέω
7131,ἀφομιλέω,ἀπό,ὁμιλέω
7132,ἀφορέω,ἀπό,ὁρέω
7133,ἀφορμίζομαι,ἀπό,ὁρμίζω
7134,ἀφυστερέω,ἀπό,ὑστερέω
7135,ἀμφαγαπάω,ἀμφί,ἀγαπάω
7136,ἀμφαιωρέω,ἀμφί,αἰωρέω
7137,ἀμφαλαλάζω,ἀμφί,ἀλαλάζω
7138,ἀμφαλλάσσω,ἀμφί,ἀλλάσσω
7139,ἀμφελελίζω,ἀμφί,ἐλελίζω
7140,ἀμφιβοάομαι,ἀμφί,βοάω
7141,ἀμφιδέω,ἀμφί,δέω1
7142,ἀμφιδηριάομαι,ἀμφί,δηριάομαι
7143,ἀμφιγνωμονέω,ἀμφί,γνωμονέω
7144,ἀμφιγυιόω,ἀμφί,γυιόω
7145,ἀμφικαθίζομαι,ἀμφί,καθίζω
7146,ἀμφικλάω,ἀμφί,κλάω
7147,ἀμφικλάω,ἀμφί,κλαίω
7148,ἀμφικλύζω,ἀμφί,κλύζω
7149,ἀμφικρατέω,ἀμφί,κρατέω
7150,ἀμφικυκάω,ἀμφί,κυκάω
7151,ἀμφικυνέω,ἀμφί,κυνάω
7152,ἀμφικυνέω,ἀμφί,κυνέω
7153,ἀμφιλιχμάζω,ἀμφί,λιχμάζω
7154,ἀμφινάω,ἀμφί,νάω
7155,ἀμφινωμάω,ἀμφί,νωμάω
7156,ἀμφιπαλύνω,ἀμφί,παλύνω
7157,ἀμφιπεδάω,ἀμφί,πεδάω
7158,ἀμφιπεριπλάσσω,ἀμφί,περιπλάσσω
7159,ἀμφιπεριπτώσσω,ἀμφί,περιπτώσσω
7160,ἀμφιπεριτρομέω,ἀμφί,περιτρομέω
7161,ἀμφιπλάσσω,ἀμφί,πλάσσω
7162,ἀμφιπλάσσω,ἀμφί,πλήσσω
7163,ἀμφιπλύνω,ἀμφί,πλύνω
7164,ἀμφιπτύσσομαι,ἀμφί,πτύσσω
7165,ἀμφιθοάζω,ἀμφί,θοάζω
7166,ἀμφισβατέω,ἀμφί,ἀμφισβητέω
7167,ἀμφισπάω,ἀμφί,σπάω
7168,ἀμφιταλαντεύω,ἀμφί,ταλαντεύω
7169,ἀμφιταράσσομαι,ἀμφί,ταράσσω
7170,ἀμφιτιμάομαι,ἀμφί,τιμάω
7171,ἀμφιτροχόω,ἀμφί,τροχάω
7172,ἀμφιτροχόω,ἀμφί,τροχάζω
7173,ἀμφιχαράσσω,ἀμφί,χαράσσω
7174,ἀμφιζέω,ἀμφί,ζέω
7175,ἀμφοδέω,ἀμφί,ὁδάω
7176,ἀμφορίζω,ἀμφί,ὁρίζω
7177,ἀνάζω,ἀνά,ἄζω
7178,ἀναβήσσω,ἀνά,βήσσω
7179,ἀναβουλεύομαι,ἀνά,βουλεύω
7180,ἀναβράζω,ἀνά,βράζω
7181,ἀναβρομέω,ἀνά,βρομέω
7182,ἀναβροντάω,ἀνά,βροντάω
7183,ἀναξυράω,ἀνά,ξυρέω
7184,ἀναδιφάω,ἀνά,διφάω
7185,ἀναδικάζω,ἀνά,δικάζω
7186,ἀναδικέω,ἀνά,ἀδικέω
7187,ἀναδικέω,ἀνά,δικέω
7188,ἀναδινέω,ἀνά,δινεύω
7189,ἀναδινεύω,ἀνά,δινεύω
7190,ἀναδιπλασιάζω,ἀνά,διπλασιάζω
7191,ἀναδονέω,ἀνά,δονέω
7192,ἀναδουλόω,ἀνά,δουλόω
7193,ἀναδράω,ἀνά,δράω
7194,ἀναερτάω,ἀνά,ἀερτάζω
7195,ἀναερτάζω,ἀνά,ἀερτάζω
7196,ἀναφλάω,ἀνά,φλάω
7197,ἀναφοινίσσω,ἀνά,φοινίσσω
7198,ἀναφοιτάω,ἀνά,φοιτάω
7199,ἀναφορέω,ἀνά,φορέω
7200,ἀναφορμίζομαι,ἀνά,φορμίζω
7201,ἀναφορύσσω,ἀνά,φορύσσω
7202,ἀναφράσσω,ἀνά,φράσσω
7203,ἀναφράσσω,ἀνά,φράζω
7204,ἀναφράζω,ἀνά,φράζω
7205,ἀναφρίσσω,ἀνά,ἀφρίζω
7206,ἀναφρίσσω,ἀνά,φρίσσω
7207,ἀναφρίζω,ἀνά,ἀφρίζω
7208,ἀναφρονέω,ἀνά,ἀφρονέω
7209,ἀναφρονέω,ἀνά,φρονέω
7210,ἀναφροντίζω,ἀνά,φροντίζω
7211,ἀναφύσσω,ἀνά,ἀφύσσω
7212,ἀναφυλάσσω,ἀνά,φυλάσσω
7213,ἀναφυλάσσω,ἀνά,φυλάζω
7214,ἀναφυράω,ἀνά,φυράω
7215,ἀναφυσάω,ἀνά,φυσάω
7216,ἀναφυσιάω,ἀνά,φυσιάω
7217,ἀναφυτεύω,ἀνά,φυτεύω
7218,ἀναφωνέω,ἀνά,φωνέω
7219,ἀναγνωρίζω,ἀνά,γνωρίζω
7220,ἀναιωρέω,ἀνά,αἰωρέω
7221,ἀνακαλαμάομαι,ἀνά,καλαμάομαι
7222,ἀνακαλλύνω,ἀνά,καλλύνω
7223,ἀνακαχλάζω,ἀνά,καχλάζω
7224,ἀνακέομαι,ἀνά,ἀκέομαι
7225,ἀνακλονέω,ἀνά,κλονέω
7226,ἀνακλύζω,ἀνά,κλύζω
7227,ἀνακμάζω,ἀνά,ἀκμάζω
7228,ἀνακνάω,ἀνά,κνάω
7229,ἀνακνισόω,ἀνά,κνισάω
7230,ἀνακνισόω,ἀνά,κνισόω
7231,ἀνακοιτάζομαι,ἀνά,κοιτάζω
7232,ἀνακολλάω,ἀνά,κολλάω
7233,ἀνακολπόω,ἀνά,κολπόω
7234,ἀνακολυμβάω,ἀνά,κολυμβάω
7235,ἀνακομάω,ἀνά,κομάω
7236,ἀνακομβόομαι,ἀνά,κομβόομαι
7237,ἀνακορέω,ἀνά,κορέω
7238,ἀνακοσμέω,ἀνά,ἀκοσμέω
7239,ἀνακοσμέω,ἀνά,κοσμέω
7240,ἀνακρατέω,ἀνά,κρατέω
7241,ἀνακραυγάζω,ἀνά,κραυγάζω
7242,ἀνακροταλίζω,ἀνά,κροταλίζω
7243,ἀνακτίζω,ἀνά,κτίζω
7244,ἀνακωδωνίζω,ἀνά,κωδωνίζω
7245,ἀνακωμῳδέω,ἀνά,κωμῳδέω
7246,ἀναλακτίζω,ἀνά,λακτίζω
7247,ἀναλικμάω,ἀνά,λικμάω
7248,ἀναλιχμάομαι,ἀνά,λιχμάω
7249,ἀναλογέω,ἀνά,ἀλογέω
7250,ἀναλογέω,ἀνά,λογέω
7251,ἀναλοκίζω,ἀνά,ἀλοκίζω
7252,ἀναλύζω,ἀνά,λύζω
7253,ἀναλωφάω,ἀνά,λωφάω
7254,ἀναμαλάσσω,ἀνά,μαλάσσω
7255,ἀναμαντεύομαι,ἀνά,μαντεύομαι
7256,ἀναμελετάω,ἀνά,μελετάω
7257,ἀναμερίζω,ἀνά,μερίζω
7258,ἀναμηλόω,ἀνά,μηλόω
7259,ἀναμιμέομαι,ἀνά,μιμέομαι
7260,ἀναμινυρίζω,ἀνά,μινυρίζω
7261,ἀναμισθόομαι,ἀνά,μισθόω
7262,ἀναμνημονεύω,ἀνά,μνημονεύω
7263,ἀναμολύνω,ἀνά,μολύνω
7264,ἀναμορφόω,ἀνά,μορφάω
7265,ἀναμορφόω,ἀνά,μορφάζω
7266,ἀναμορφόω,ἀνά,μορφόω
7267,ἀναμωκάομαι,ἀνά,μωκάομαι
7268,ἀνανδρόομαι,ἀνά,ἀνδρόω
7269,ἀνανίσσομαι,ἀνά,νίσσομαι
7270,ἀνανίσσομαι,ἀνά,νίζω
7271,ἀνανοέω,ἀνά,νοέω
7272,ἀνανοσέω,ἀνά,νοσέω
7273,ἀνανοστέω,ἀνά,νοστέω
7274,ἀνανθέω,ἀνά,ἀνατίθημι
7275,ἀνανθέω,ἀνά,ἀνθέω
7276,ἀναντλέω,ἀνά,ἀνατλῆναι
7277,ἀναντλέω,ἀνά,ἀντλέω
7278,ἀναπαφλάζω,ἀνά,παφλάζω
7279,ἀναπαλεύω,ἀνά,παλεύω
7280,ἀναπαλινδρομέω,ἀνά,παλινδρομέω
7281,ἀναπατάσσω,ἀνά,πατάσσω
7282,ἀναπατέω,ἀνά,ἀπατάω
7283,ἀναπατέω,ἀνά,πατέω
7284,ἀναπέσσω,ἀνά,πέσσω
7285,ἀναπεινάω,ἀνά,πεινάω
7286,ἀναπελεκάω,ἀνά,πελεκάω
7287,ἀναπηνίζομαι,ἀνά,πηνίζομαι
7288,ἀναπηρόομαι,ἀνά,πηρόω
7289,ἀναπισσόω,ἀνά,πισσόομαι
7290,ἀναπλημμυρέω,ἀνά,πλημμυρέω
7291,ἀναποδόω,ἀνά,ἀποδίδωμι
7292,ἀναποιέω,ἀνά,ποιέω
7293,ἀναποκλύζω,ἀνά,ἀποκλύζω
7294,ἀναπολάζω,ἀνά,πολάζω
7295,ἀναπολεμέω,ἀνά,πολεμέω
7296,ἀναπολεύω,ἀνά,πολεύω
7297,ἀναπορεύομαι,ἀνά,πορεύω
7298,ἀναπρεσβεύω,ἀνά,πρεσβεύω
7299,ἀναπτερύσσομαι,ἀνά,πτερύσσομαι
7300,ἀναπτερυγίζω,ἀνά,πτερυγίζω
7301,ἀναπυρόω,ἀνά,πυρόω
7302,ἀναπυρσεύω,ἀνά,πυρσεύω
7303,ἀναπωλέω,ἀνά,πωλέω
7304,ἀναπωμάζω,ἀνά,πωμάζω
7305,ἀναθαυμάζω,ἀνά,θαυμάζω
7306,ἀναθεάομαι,ἀνά,θεάομαι
7307,ἀναθεματίζω,ἀνά,θεματίζω
7308,ἀναθεραπεύω,ἀνά,θεραπεύω
7309,ἀναθερίζω,ἀνά,ἀθερίζω
7310,ἀναθερίζω,ἀνά,θερίζω
7311,ἀναθεωρέω,ἀνά,θεωρέω
7312,ἀναθηλάζω,ἀνά,θηλάζω
7313,ἀναθολόω,ἀνά,θολόω
7314,ἀναθρηνέω,ἀνά,θρηνέω
7315,ἀναθυρόω,ἀνά,θυρόω
7316,ἀναράομαι,ἀνά,ἀράομαι
7317,ἀναριστέω,ἀνά,ἀριστάω
7318,ἀναρραψῳδέω,ἀνά,ῥαψῳδέω
7319,ἀναρρέω,ἀνά,ῥέω
7320,ἀναρριπίζω,ἀνά,ῥιπίζω
7321,ἀναρριζόω,ἀνά,ῥιζόω
7322,ἀναρροφέω,ἀνά,ῥοφέω
7323,ἀναρροιζέω,ἀνά,ῥοιζέω
7324,ἀναρροθιάζω,ἀνά,ῥοθιάζω
7325,ἀναρροχθέω,ἀνά,ῥοχθέω
7326,ἀναρρυθμίζω,ἀνά,ῥυθμίζω
7327,ἀνασφαδάζω,ἀνά,σφαδάζω
7328,ἀνασηκόω,ἀνά,σηκάζω
7329,ἀνασηκόω,ἀνά,σηκόω
7330,ἀνασκαλεύω,ἀνά,σκαλεύω
7331,ἀνασκιρτάω,ἀνά,σκιρτάω
7332,ἀνασπογγίζω,ἀνά,σπογγίζω
7333,ἀνασταλάω,ἀνά,σταλάω
7334,ἀναστατόω,ἀνά,στατόω
7335,ἀναστηλόω,ἀνά,στηλόω
7336,ἀναστοιχειόω,ἀνά,στοιχειόω
7337,ἀναστοναχέω,ἀνά,στοναχέω
7338,ἀναστρατεύω,ἀνά,στρατεύω
7339,ἀναστρατοπεδεύω,ἀνά,στρατοπεδεύω
7340,ἀναστυφελίζω,ἀνά,στυφελίζω
7341,ἀνασυρίζω,ἀνά,συρίζω
7342,ἀνασωφρονίζω,ἀνά,σωφρονίζω
7343,ἀνασωρεύω,ἀνά,σωρεύω
7344,ἀνασχινδυλεύω,ἀνά,σχινδυλεύω
7345,ἀνατάσσω,ἀνά,τάσσω
7346,ἀνατμίζομαι,ἀνά,ἀτμίζω
7347,ἀνατρίζω,ἀνά,τρίζω
7348,ἀνατριαινόω,ἀνά,τριαινόω
7349,ἀνατριχόομαι,ἀνά,τριχόομαι
7350,ἀνατροχάζω,ἀνά,τροχάζω
7351,ἀνατρύζω,ἀνά,τρύζω
7352,ἀναϋτέω,ἀνά,ἀυτέω
7353,ἀναυδάω,ἀνά,αὐδάω
7354,ἀναχαλάω,ἀνά,χαλάω
7355,ἀναχαλινόω,ἀνά,χαλινόω
7356,ἀναχαλκεύω,ἀνά,χαλκεύω
7357,ἀναχειρίζομαι,ἀνά,χειρίζω
7358,ἀναχλαινόω,ἀνά,χλαινόω
7359,ἀναχράομαι,ἀνά,χράομαι
7360,ἀναχράομαι,ἀνά,χράω
7361,ἀναχρονίζομαι,ἀνά,χρονίζω
7362,ἀναχρυσόω,ἀνά,χρυσόω
7363,ἀναψηλαφάω,ἀνά,ψηλαφάω
7364,ἀναψοφέω,ἀνά,ψοφέω
7365,ἀναζυγόω,ἀνά,ζυγόω
7366,ἀναζυμόω,ἀνά,ζυμόω
7367,ἀναζωγραφέω,ἀνά,ζωγραφέω
7368,ἀνεξεράω,ἀνά,ἐξεράω
7369,ἀνειδωλοποιέω,ἀνά,εἰδωλοποιέω
7370,ἀνεικάζομαι,ἀνά,εἰκάζω
7371,ἀνελκόομαι,ἀνά,ἑλκόω
7372,ἀνεμέω,ἀνά,ἐμέω
7373,ἀνεορτάζω,ἀνά,ἑορτάζω
7374,ἀνεθίζομαι,ἀνά,ἐθίζω
7375,ἀνεργάζομαι,ἀνά,ἐργάζομαι
7376,ἀνερπύζω,ἀνά,ἑρπύζω
7377,ἀνευάζω,ἀνά,εὐάζω
7378,ἀνηλιάζω,ἀνά,ἡλιάζομαι
7379,ἀνημερόω,ἀνά,ἡμερόω
7380,ἀνηχέω,ἀνά,ἠχέω
7381,ἀνιατρεύω,ἀνά,ἰατρεύω
7382,ἀνιδρόω,ἀνά,ἱδρόω
7383,ἀνικμάζω,ἀνά,ἰκμάζω
7384,ἀνιλυσπάομαι,ἀνά,εἰλυσπάομαι
7385,ἀνιππεύω,ἀνά,ἱππεύω
7386,ἀνισάζω,ἀνά,ἰσάζω
7387,ἀνομβρέω,ἀνά,ὀμβρέω
7388,ἀνοργάζω,ἀνά,ὀργάζω
7389,ἀνορμάομαι,ἀνά,ὁρμάω
7390,ἀνορμίζω,ἀνά,ὁρμίζω
7391,ἀνορθιάζω,ἀνά,ὀρθιάζω
7392,ἀνοχλέω,ἀνά,ὀχλέω
7393,ἀνοχλίζω,ἀνά,ὀχλίζω
7394,ἀνοχυρόομαι,ἀνά,ὀχυρόω
7395,ἀνθεμίζομαι,ἀνά,θεμίζω
7396,ἀνθησυχάζω,ἀντί,ἡσυχάζω
7397,ἀνθιερόω,ἀντί,ἱεράομαι
7398,ἀνθιερόω,ἀντί,ἱερόω
7399,ἀνθιστάω,ἀντί,ἱστάω
7400,ἀνθομιλέω,ἀντί,ὁμιλέω
7401,ἀνθομοιόω,ἀντί,ὁμοιάζω
7402,ἀνθομοιόω,ἀντί,ὁμοιόω
7403,ἀνθοόομαι,ἀνά,θοόω
7404,ἀνθορίζω,ἀντί,ὁρίζω
7405,ἀνθυφαιρέω,ἀντί,ὑφαιρέω
7406,ἀνθυλακτέω,ἀντί,ὑλακτέω
7407,ἀνθυπαλλάσσω,ἀντί,ὑπαλλάσσω
7408,ἀνθυπαντάω,ἀντί,ὑπαντάω
7409,ἀνθυπισχνέομαι,ἀντί,ὑπισχνέομαι
7410,ἀνθυπορύσσω,ἀντί,ὑπορύσσω
7411,ἀνθυπουργέω,ἀντί,ὑπουργέω
7412,ἀνθυποχωρέω,ἀντί,ὑποχωρέω
7413,ἀνταδικέω,ἀντί,ἀδικέω
7414,ἀνταφαιρέω,ἀντί,ἀποαιρέομαι
7415,ἀνταγανακτέω,ἀντί,ἀγανακτέω
7416,ἀνταγαπάω,ἀντί,ἀγαπάω
7417,ἀνταισχύνομαι,ἀντί,αἰσχύνω
7418,ἀνταιτιάομαι,ἀντί,αἰτιάομαι
7419,ἀνταιωρέομαι,ἀντί,αἰωρέω
7420,ἀντακολουθέω,ἀντί,ἀκολουθέω
7421,ἀντακοντίζω,ἀντί,ἀκοντίζω
7422,ἀντακροάομαι,ἀντί,ἀκροάομαι
7423,ἀνταλαζονεύομαι,ἀντί,ἀλαζονεύομαι
7424,ἀνταμελέω,ἀντί,ἀμελέω
7425,ἀνταναβοάω,ἀντί,ἀναβοάω
7426,ἀνταναχωρέω,ἀντί,ἀναχωρέω
7427,ἀντάνειμι,ἀντί-ἀνά,εἶμι
7428,ἀντανισόω,ἀντί,ἀνισόω
7429,ἀνταπατάω,ἀντί,ἀπατάω
7430,ἀνταπειλέω,ἀντί,ἀπείλω
7431,ἀνταπειλέω,ἀντί,ἀπειλέω
7432,ἀνταπολογέομαι,ἀντί,ἀπολογέομαι
7433,ἀνταπορέω,ἀντί,ἀπορέω
7434,ἀνταπορέω,ἀντί,ἀπορρέω
7435,ἀνταποταφρεύω,ἀντί,ἀποταφρεύω
7436,ἀνταποτειχίζω,ἀντί,ἀποτειχίζω
7437,ἀνταπωθέω,ἀντί,ἀπωθέω
7438,ἀνταριθμέω,ἀντί,ἀριθμέω
7439,ἀντατιμάζω,ἀντί,ἀτιμάζω
7440,ἀνταυγάζω,ἀντί,αὐγάζω
7441,ἀνταυλέω,ἀντί,αὐλέω
7442,ἀντεξαπατάω,ἀντί,ἐξαπατάω
7443,ἀντεξορμάω,ἀντί,ἐξορμάω
7444,ἀντεφοδεύω,ἀντί,ἐφοδεύω
7445,ἀντεφοδιάζομαι,ἀντί,ἐφοδιάζω
7446,ἀντεφοράω,ἀντί,ἐφοράω
7447,ἀντεφορμάω,ἀντί,ἐφορμάω
7448,ἀντεφορμέω,ἀντί,ἐφορμάω
7449,ἀντεφορμέω,ἀντί,ἐφορμέω
7450,ἀντεγχέω,ἀντί,ἐγχέω
7451,ἀντεγχειρίζω,ἀντί,ἐγχειρίζω
7452,ἀντειλέω,ἀντί,εἴλω
7453,ἀντεισδύνω,ἀντί,εἰσδύνω
7454,ἀντεκκομίζω,ἀντί,ἐκκομίζω
7455,ἀντεκπλήσσω,ἀντί,ἐκπλήσσω
7456,ἀντεκπνέω,ἀντί,ἐκπνέω
7457,ἀντεκρέω,ἀντί,ἐκρέω
7458,ἀντεκτάσσω,ἀντί,ἐκτάσσω
7459,ἀντελαττόομαι,ἀντί,ἐλασσόω
7460,ἀντελλογέω,ἀντί,ἐλλογέω
7461,ἀντεμβοάω,ἀντί,ἐμβοάω
7462,ἀντεμφανίζω,ἀντί,ἐμφανίζω
7463,ἀντεμπαίζω,ἀντί,ἐμπαίζω
7464,ἀντενεδρεύω,ἀντί,ἐνεδρεύω
7465,ἀντενεργέω,ἀντί,ἐνεργέω
7466,ἀντενοικίζω,ἀντί,ἐνοικίζω
7467,ἀντεπελαύνω,ἀντί,ἐπελαύνω
7468,ἀντεπικαλέω,ἀντί,ἐπικαλέω
7469,ἀντεπικηρύσσω,ἀντί,ἐπικηρύσσω
7470,ἀντεπικρατέω,ἀντί,ἐπικρατέω
7471,ἀντεπιμετρέω,ἀντί,ἐπιμετρέω
7472,ἀντεπινοέω,ἀντί,ἐπινοέω
7473,ἀντεπιπλέω,ἀντί,ἐπιπλέω
7474,ἀντεπιρρέω,ἀντί,ἐπιρρέω
7475,ἀντεπισπάω,ἀντί,ἐπισπάω
7476,ἀντερέσσω,ἀντί,ἐρέσσω
7477,ἀντερεθίζω,ἀντί,ἐρεθίζω
7478,ἀντεργάζομαι,ἀντί,ἐργάζομαι
7479,ἀντεργολαβέω,ἀντί,ἐργολαβέω
7480,ἀντερίζω,ἀντί,ἐρίζω
7481,ἀντερίζω,ἀντί,ῥιζόω
7482,ἀντευδοκιμέω,ἀντί,εὐδοκιμέω
7483,ἀντηρετέω,ἀντί,ἠρετέω
7484,ἀντίζομαι,ἀντί,ἵζω
7485,ἀντιβαδίζω,ἀντί,βαδίζω
7486,ἀντιβασιλεύω,ἀντί,βασιλεύω
7487,ἀντιβαστάζω,ἀντί,βαστάζω
7488,ἀντιβλασφημέω,ἀντί,βλασφημέω
7489,ἀντιβομβέω,ἀντί,βομβέω
7490,ἀντιβουλεύομαι,ἀντί,βουλεύω
7491,ἀντιβραδύνω,ἀντί,βραδύνω
7492,ἀντιξενίζω,ἀντί,ξενίζω
7493,ἀντιδαπανάω,ἀντί,δαπανάω
7494,ἀντιδημηγορέω,ἀντί,δημηγορέω
7495,ἀντιδημιουργέομαι,ἀντί,δημιουργέω
7496,ἀντιδιακοσμέω,ἀντί,διακοσμέω
7497,ἀντιδιαλλάσσομαι,ἀντί,διαλλάσσω
7498,ἀντιδιαλογίζομαι,ἀντί,διαλογίζομαι
7499,ἀντιδιανυκτερεύω,ἀντί,διανυκτερεύω
7500,ἀντιδιατάσσομαι,ἀντί,διατάσσω
7501,ἀντιδιηγέομαι,ἀντί,διηγέομαι
7502,ἀντιδικάζομαι,ἀντί,δικάζω
7503,ἀντιδιορύσσω,ἀντί,διορύσσω
7504,ἀντιδοξάζω,ἀντί,δοξάζω
7505,ἀντιδοξέω,ἀντί,δοκέω
7506,ἀντιδοκέω,ἀντί,δοκάω
7507,ἀντιδοκέω,ἀντί,δοκέω
7508,ἀντιδράσσομαι,ἀντί,δράσσομαι
7509,ἀντιδύνω,ἀντί,δύναμαι
7510,ἀντιδύνω,ἀντί,δύω
7511,ἀντιφιλοδοξέω,ἀντί,φιλοδοξέω
7512,ἀντιφιλονεικέω,ἀντί,φιλονεικέω
7513,ἀντιφλυαρέω,ἀντί,φλυαρέω
7514,ἀντιφοβέω,ἀντί,φοβέω
7515,ἀντιφονεύω,ἀντί,φονεύω
7516,ἀντιφράζω,ἀντί,φράζω
7517,ἀντιφρίσσω,ἀντί,φρίσσω
7518,ἀντιφυσάω,ἀντί,φυσάω
7519,ἀντιφυτεύω,ἀντί,φυτεύω
7520,ἀντιφωτίζομαι,ἀντί,φωτίζω
7521,ἀντιγαμέω,ἀντί,γαμέω
7522,ἀντιγεννάω,ἀντί,γεννάω
7523,ἀντιγηροτροφέω,ἀντί,γηροτροφέω
7524,ἀντιγυμνασιαρχέω,ἀντί,γυμνασιαρχέω
7525,ἀντικακόω,ἀντί,κακόω
7526,ἀντικαλλωπίζομαι,ἀντί,καλλωπίζω
7527,ἀντικαθαιρέω,ἀντί,καθαιρέω
7528,ἀντικαρτερέω,ἀντί,καρτερέω
7529,ἀντικαταδύνω,ἀντί,καταδύω
7530,ἀντικαταφρονέω,ἀντί,καταφρονέω
7531,ἀντικαταφυτεύω,ἀντί,καταφυτεύω
7532,ἀντικαταμετρέω,ἀντί,καταμετρέω
7533,ἀντικαταπλήσσω,ἀντί,καταπλήσσω
7534,ἀντικαταρρέω,ἀντί,καταρρέω
7535,ἀντικατασκευάζω,ἀντί,κατασκευάζω
7536,ἀντικαταστρατοπεδεύω,ἀντί,καταστρατοπεδεύω
7537,ἀντικινέω,ἀντί,κινέω
7538,ἀντικοσμέω,ἀντί,κοσμέω
7539,ἀντικράζω,ἀντί,κράζω
7540,ἀντικυματόω,ἀντί,κυματόω
7541,ἀντικωμάζω,ἀντί,κωμάζω
7542,ἀντιλαλέω,ἀντί,λαλέω
7543,ἀντιλειτουργέω,ἀντί,λειτουργέω
7544,ἀντιλιτανεύω,ἀντί,λιτανεύω
7545,ἀντιλογέω,ἀντί,λογέω
7546,ἀντιλοχέω,ἀντί,λοχάω
7547,ἀντιμαντεύομαι,ἀντί,μαντεύομαι
7548,ἀντιμαχέω,ἀντί,μαχέω
7549,ἀντιμαχέω,ἀντί,συμμαχέω
7550,ἀντιμεγαλοφρονέω,ἀντί,μεγαλοφρονέω
7551,ἀντιμελίζω,ἀντί,μελίζω
7552,ἀντιμεταλλεύω,ἀντί,μεταλλεύω
7553,ἀντιμεταρρέω,ἀντί,μεταρρέω
7554,ἀντιμετασπάω,ἀντί,μετασπάω
7555,ἀντιμετατάσσω,ἀντί,μετατάσσω
7556,ἀντιμεταχωρέω,ἀντί,μεταχωρέω
7557,ἀντιμιμέομαι,ἀντί,μιμέομαι
7558,ἀντιμισέω,ἀντί,μισέω
7559,ἀντιμνηστεύω,ἀντί,μνηστεύω
7560,ἀντιμυκάομαι,ἀντί,μυκάομαι
7561,ἀντιμυκτηρίζω,ἀντί,μυκτηρίζω
7562,ἀντινομέω,ἀντί,νομέω
7563,ἀντινομίζομαι,ἀντί,νομίζω
7564,ἀντινομοθετέω,ἀντί,νομοθετέω
7565,ἀντινουθετέω,ἀντί,νουθετέω
7566,ἀντιπαγκρατιάζω,ἀντί,παγκρατιάζω
7567,ἀντιπαιανίζω,ἀντί,παιανίζω
7568,ἀντιπαιδεύω,ἀντί,παιδεύω
7569,ἀντιπαιωνίζω,ἀντί,παιωνίζω
7570,ἀντιπαραινέω,ἀντί,παραινέω
7571,ἀντιπαραιτέομαι,ἀντί,παραιτέομαι
7572,ἀντιπαραλλάσσω,ἀντί,παραλλάσσω
7573,ἀντιπαραπορεύομαι,ἀντί,παραπορεύομαι
7574,ἀντιπαραστρατοπεδεύω,ἀντί,παραστρατοπεδεύω
7575,ἀντιπαραχωρέω,ἀντί,παραχωρέω
7576,ἀντιπαρρησιάζομαι,ἀντί,παρρησιάζομαι
7577,ἀντιπατέω,ἀντί,πατέω
7578,ἀντιπέσσομαι,ἀντί,πέσσω
7579,ἀντιπεριποιέομαι,ἀντί,περιποιέω
7580,ἀντιπερισχίζομαι,ἀντί,περισχίζω
7581,ἀντιπηρόομαι,ἀντί,πηρόω
7582,ἀντιπιστεύω,ἀντί,πιστεύω
7583,ἀντιπλαγιάζομαι,ἀντί,πλαγιάζω
7584,ἀντιπλεονεκτέω,ἀντί,πλεονεκτέω
7585,ἀντιπολίζω,ἀντί,πολίζω
7586,ἀντιπονέομαι,ἀντί,πονέω
7587,ἀντιπροθυμέομαι,ἀντί,προθυμέομαι
7588,ἀντιπροσελαύνω,ἀντί,προσελαύνω
7589,ἀντιπροσκυνέω,ἀντί,προσκυνέω
7590,ἀντιπυκτεύω,ἀντί,πυκτεύω
7591,ἀντιπυρσεύω,ἀντί,πυρσεύω
7592,ἀντιθανατάω,ἀντί,θανατάω
7593,ἀντιθρηνέω,ἀντί,θρηνέω
7594,ἀντιθυμόομαι,ἀντί,θυμόω
7595,ἀντιρρέω,ἀντί,ῥέω
7596,ἀντιρρητορεύω,ἀντί,ῥητορεύω
7597,ἀντισάζω,ἀντί,ἰσάζω
7598,ἀντισιωπάω,ἀντί,σιωπάω
7599,ἀντισκοτέω,ἀντί,σκοτέω
7600,ἀντισοφίζομαι,ἀντί,σοφίζω
7601,ἀντισοφιστεύω,ἀντί,σοφιστεύω
7602,ἀντισπουδάζω,ἀντί,σπουδάζω
7603,ἀντισταθμάω,ἀντί,σταθμάω
7604,ἀντισυμβολέω,ἀντί,συμβολέω
7605,ἀντισυμβουλεύω,ἀντί,συμβουλεύω
7606,ἀντισυμμαχέομαι,ἀντί,συμμάχομαι
7607,ἀντισυμμαχέομαι,ἀντί,συμμαχέω
7608,ἀντισχηματίζω,ἀντί,σχηματίζω
7609,ἀντισχυρίζομαι,ἀντί,ἰσχυρίζομαι
7610,ἀντιταφρεύω,ἀντί,ταφρεύω
7611,ἀντιτειχίζω,ἀντί,τειχίζω
7612,ἀντιτεχνάζω,ἀντί,τεχνάζω
7613,ἀντιτηρέω,ἀντί,τηρέω
7614,ἀντιτραχύνομαι,ἀντί,τραχύνω
7615,ἀντιτρυπάω,ἀντί,τρυπάω
7616,ἀντιτυφλόω,ἀντί,τυφλόω
7617,ἀντιτυμπανίζω,ἀντί,τυμπανίζω
7618,ἀντιτυραννέω,ἀντί,τυραννεύω
7619,ἀντιτωθάζω,ἀντί,τωθάζω
7620,ἀντιχαλκεύω,ἀντί,χαλκεύω
7621,ἀντιχασμάομαι,ἀντί,χασμάω
7622,ἀντιχορεύω,ἀντί,χορεύω
7623,ἀντιχρηματίζομαι,ἀντί,χρηματίζω
7624,ἀντιχωρέω,ἀντί,χωρέω
7625,ἀντιψωμίζω,ἀντί,ψωμίζω
7626,ἀντιζηλόω,ἀντί,ζηλόω
7627,ἀντιζυγόω,ἀντί,ζυγόω
7628,ἀντοδυνάω,ἀντί,ὀδυνάω
7629,ἀντοικέω,ἀντί,οἰκέω
7630,ἀντοικοδομέω,ἀντί,οἰκοδομέω
7631,ἀντοικτίζω,ἀντί,οἰκτίζω
7632,ἀντονειδίζω,ἀντί,ὀνειδίζω
7633,ἀντοργίζομαι,ἀντί,ὀργίζω
7634,ἀντορθιάζω,ἀντί,ὀρθιάζω
7635,ἀντορύσσω,ἀντί,ὀρύσσω
7636,ἀντορχέομαι,ἀντί,ὀρχέομαι
7637,ἀντοχυρόω,ἀντί,ὀχυρόω
7638,ἀντωπέω,ἀντί,ὠπάω
7639,ἀντωθέω,ἀντί,ὠθέω
7640,ἀνυδρεύομαι,ἀνά,ὑδρεύω
7641,ἀνυμεναιόω,ἀνά,ὑμεναιόω
7642,ἀπαδικέω,ἀπό,ἀδικέω
7643,ἀπαφρίζω,ἀπό,ἀφρίζω
7644,ἀπαγκυλόω,ἀπό,ἀγκυλάω
7645,ἀπαγκυλόω,ἀπό,ἀγκυλόω
7646,ἀπαγκωνίζομαι,ἀπό,ἀγκωνίζω
7647,ἀπαγρεύω,ἀπό,ἀγρεύω
7648,ἀπαιθαλόω,ἀπό,αἰθαλόω
7649,ἀπαιθύσσομαι,ἀπό,αἰθύσσω
7650,ἀπακμάζω,ἀπό,ἀκμάζω
7651,ἀπακονάω,ἀπό,ἀκονάω
7652,ἀπακοντίζω,ἀπό,ἀκοντίζω
7653,ἀπαλαστέω,ἀπό,ἀλαστέω
7654,ἀπαλεύομαι,ἀπό,ἀλέομαι
7655,ἀπαλλοιόω,ἀπό,ἀλλοιόω
7656,ἀπαμαυρόω,ἀπό,ἀμαυρόω
7657,ἀπαμφιάζω,ἀπό,ἀμφιάζω
7658,ἀπαναγκάζω,ἀπό,ἀναγκάζω
7659,ἀπαναιδεύομαι,ἀπό,ἀναιδεύομαι
7660,ἀπαναισιμόω,ἀπό,ἀναισιμόω
7661,ἀπαναστομόω,ἀπό,ἀναστομόω
7662,ἀπαναχωρέω,ἀπό,ἀναχωρέω
7663,ἀπανδρίζομαι,ἀπό,ἀνδρίζω
7664,ἀπανεμόομαι,ἀπό,ἀνεμόω
7665,ἀπανθρωπίζομαι,ἀπό,ἀνθρωπίζω
7666,ἀπαράομαι,ἀπό,ἀράομαι
7667,ἀπαργυρίζω,ἀπό,ἀργυρίζω
7668,ἀπαργυρόω,ἀπό,ἀργυρόω
7669,ἀπαριστάω,ἀπό,ἀριστάω
7670,ἀπαρόω,ἀπό,ἀράομαι
7671,ἀπαρόω,ἀπό,ἀρόω
7672,ἀπαρθρόομαι,ἀπό,ἀρθρόω
7673,ἀπασβολόομαι,ἀπό,ἀσβολόω
7674,ἀπασπάζομαι,ἀπό,ἀσπάζομαι
7675,ἀπατμίζω,ἀπό,ἀτμίζω
7676,ἀπαυλίζομαι,ἀπό,αὐλίζομαι
7677,ἀπαυτοματίζω,ἀπό,αὐτοματίζω
7678,ἀπαυχενίζω,ἀπό,αὐχενίζω
7679,ἀπεξαρτάω,ἀπό,ἐξαρτάω
7680,ἀπεξηγέομαι,ἀπό,ἐξηγέομαι
7681,ἀπεξωθέω,ἀπό,ἐξωθέω
7682,ἀπεγγυαλίζω,ἀπό,ἐγγυαλίζω
7683,ἀπειδοποιέω,ἀπό,εἰδοποιέω
7684,ἀπεκβιόω,ἀπό,ἐκβιάζω
7685,ἀπεκδικέω,ἀπό,ἐκδικέω
7686,ἀπεκφορέω,ἀπό,ἐκφορέω
7687,ἀπελευθεριάζω,ἀπό,ἐλευθεριάζω
7688,ἀπελίσσω,ἀπό,ἑλίσσω
7689,ἀπελπίζω,ἀπό,ἐλπίζω
7690,ἀπενιαυτίζω,ἀπό,ἐνιαυτίζω
7691,ἀπεντάσσω,ἀπό,ἐντάσσω
7692,ἀπεράω,ἀπό,ἐράω
7693,ἀπερημόομαι,ἀπό,ἐρημόω
7694,ἀπερίζομαι,ἀπό,ἐρίζω
7695,ἀπεσθέομαι,ἀπό,ἐσθέω
7696,ἀπεσθέομαι,ἀπό,εἰσθέω
7697,ἀπευφημέω,ἀπό,εὐφημέω
7698,ἀπευτακτέω,ἀπό,εὐτακτέω
7699,ἀπευωνίζω,ἀπό,εὐωνίζω
7700,ἀπευχαριστέω,ἀπό,εὐχαριστέω
7701,ἀπηγορέομαι,ἀπό,ἠγορέω
7702,ἀπηλιθιόομαι,ἀπό,ἠλιθιόω
7703,ἀπηθέω,ἀπό,ἠθέω
7704,ἀπηρεμέω,ἀπό,ἠρεμέω
7705,ἀποβαδίζω,ἀπό,βαδίζω
7706,ἀποβήσσω,ἀπό,βήσσω
7707,ἀποβιάομαι,ἀπό,βιάω
7708,ἀποβροχθίζω,ἀπό,βροχθίζω
7709,ἀποξενιτεύομαι,ἀπό,ξενιτεύω
7710,ἀποξενολογέω,ἀπό,ξενολογέω
7711,ἀποξιφίζομαι,ἀπό,ξιφίζω
7712,ἀποξυλόομαι,ἀπό,ξυλόω
7713,ἀποδαπανάω,ἀπό,δαπανάω
7714,ἀποδαψιλεύομαι,ἀπό,δαψιλεύομαι
7715,ἀποδειπνέω,ἀπό,δειπνέω
7716,ἀποδεσμέω,ἀπό,δεσμεύω
7717,ἀποδεσμεύω,ἀπό,δεσμεύω
7718,ἀποδηλόω,ἀπό,δηλόω
7719,ἀποδιαιρέω,ἀπό,διαιρέω
7720,ἀποδιηθέω,ἀπό,διηθέω
7721,ἀποδικάζω,ἀπό,δικάζω
7722,ἀποδιπλόομαι,ἀπό,διπλόω
7723,ἀποδισκεύω,ἀπό,δισκεύω
7724,ἀποδιωθέω,ἀπό,διωθέω
7725,ἀποδιψάω,ἀπό,διψάω
7726,ἀποδοχμόω,ἀπό,δοχμόομαι
7727,ἀποδραπετεύω,ἀπό,δραπετεύω
7728,ἀποδρασκάζω,ἀπό,δρασκάζειν
7729,ἀποδωρέω,ἀπό,δωρέω
7730,ἀποφαλακρόομαι,ἀπό,φαλακρόομαι
7731,ἀποφαυλίζω,ἀπό,φαυλίζω
7732,ἀποφενακίζω,ἀπό,φενακίζω
7733,ἀποφιμόω,ἀπό,φιμόω
7734,ἀποφλογίζω,ἀπό,φλογίζω
7735,ἀποφλογόομαι,ἀπό,φλογόομαι
7736,ἀποφοβέομαι,ἀπό,φοβέω
7737,ἀποφοιβάομαι,ἀπό,φοιβάω
7738,ἀποφοιβάζω,ἀπό,φοιβάζω
7739,ἀποφορέω,ἀπό,φορέω
7740,ἀποφορτίζομαι,ἀπό,φορτίζω
7741,ἀποφράζω,ἀπό,φράζω
7742,ἀποφρέω,ἀπό,φρέω
7743,ἀποφυτεύω,ἀπό,φυτεύω
7744,ἀποφωνέω,ἀπό,φωνέω
7745,ἀπογαληνίζω,ἀπό,γαληνίζω
7746,ἀπογεννάω,ἀπό,γεννάω
7747,ἀπογκόω,ἀπό,ὀγκάομαι
7748,ἀπογκόω,ἀπό,ὀγκόω
7749,ἀπογλωττίζομαι,ἀπό,γλωττίζομαι
7750,ἀπογομόω,ἀπό,γομόω
7751,ἀποιδέω,ἀπό,οἰδέω
7752,ἀποικειόω,ἀπό,οἰκειόω
7753,ἀποικονομέω,ἀπό,οἰκονομέω
7754,ἀποιωνίζομαι,ἀπό,οἰωνίζομαι
7755,ἀποκακέω,ἀπό,κακέω
7756,ἀποκαλλωπίζω,ἀπό,καλλωπίζω
7757,ἀποκαπνίζω,ἀπό,καπνίζω
7758,ἀποκαθαρίζω,ἀπό,καθαρίζω
7759,ἀποκαραδοκέω,ἀπό,καραδοκέω
7760,ἀποκαρατομέω,ἀπό,καρατομέω
7761,ἀποκαρπίζω,ἀπό,καρπίζω
7762,ἀποκαρπόω,ἀπό,καρπόω
7763,ἀποκαταρρέω,ἀπό,καταρρέω
7764,ἀποκατορθόω,ἀπό,κατορθόω
7765,ἀποκεφαλαιόομαι,ἀπό,κεφαλαιόω
7766,ἀποκενόω,ἀπό,κενόω
7767,ἀποκεντέω,ἀπό,κεντέω
7768,ἀποκιρνάομαι,ἀπό,κιρνάω
7769,ἀποκισσόομαι,ἀπό,κισσόω
7770,ἀποκοιμίζω,ἀπό,κοιμίζω
7771,ἀποκοιτέω,ἀπό,κοιτέω
7772,ἀποκολακεύω,ἀπό,κολακεύω
7773,ἀποκολλάω,ἀπό,κολλάω
7774,ἀποκολπόομαι,ἀπό,κολπόω
7775,ἀποκομάω,ἀπό,κομάω
7776,ἀποκορέω,ἀπό,κορέω
7777,ἀποκράζω,ἀπό,κράζω
7778,ἀποκρημνόω,ἀπό,κρήμνημι
7779,ἀποκροτέω,ἀπό,κροτέω
7780,ἀποκτάομαι,ἀπό,κτάομαι
7781,ἀποκτυπέω,ἀπό,κτυπέω
7782,ἀποκυαμεύω,ἀπό,κυαμεύω
7783,ἀποκυβεύω,ἀπό,κυβεύω
7784,ἀποκυβιστάω,ἀπό,κυβιστάω
7785,ἀποκυλινδέω,ἀπό,κυλινδέω
7786,ἀποκυνόω,ἀπό,κυνάω
7787,ἀποκυρόω,ἀπό,κυρόω
7788,ἀποκυρτόομαι,ἀπό,κυρτόω
7789,ἀποκωφόομαι,ἀπό,κωφόω
7790,ἀπολειτουργέω,ἀπό,λειτουργέω
7791,ἀπολεπιδόομαι,ἀπό,λεπιδόομαι
7792,ἀπολεπτύνω,ἀπό,λεπτύνω
7793,ἀπολευκόω,ἀπό,λευκόω
7794,ἀπολιγωρέω,ἀπό,ὀλιγωρέω
7795,ἀπολιχμάζω,ἀπό,λιχμάζω
7796,ἀπολοιδορέω,ἀπό,λοιδορέω
7797,ἀπολωφάω,ἀπό,λωφάω
7798,ἀπολωπίζω,ἀπό,λωπίζω
7799,ἀπομαδάω,ἀπό,μαδάω
7800,ἀπομαλθακίζομαι,ἀπό,μαλθακίζομαι
7801,ἀπομαρτυρέω,ἀπό,μαρτύρομαι
7802,ἀπομαρτυρέω,ἀπό,μαρτυρέω
7803,ἀπομειλίσσομαι,ἀπό,μειλίσσω
7804,ἀπομειόω,ἀπό,μειόω
7805,ἀπομελίζω,ἀπό,μελίζω
7806,ἀπομεριμνάω,ἀπό,μεριμνάω
7807,ἀπομηρυκάομαι,ἀπό,μηρυκάομαι
7808,ἀπομισέω,ἀπό,μισέω
7809,ἀπομορφόομαι,ἀπό,μορφόω
7810,ἀπομοχλεύω,ἀπό,μοχλεύω
7811,ἀπομυκτηρίζω,ἀπό,μυκτηρίζω
7812,ἀπομυζάω,ἀπό,μυζάω
7813,ἀπομωκάομαι,ἀπό,μωκάομαι
7814,ἀποναρκάω,ἀπό,ναρκάω
7815,ἀπονεκρόω,ἀπό,νεκρόω
7816,ἀπονεοττεύω,ἀπό,νεοσσεύω
7817,ἀπονικάω,ἀπό,νικάω
7818,ἀπονομίζω,ἀπό,νομίζω
7819,ἀπονοσέω,ἀπό,νοσέω
7820,ἀπονυστάζω,ἀπό,νυστάζω
7821,ἀποπαιδαγωγέω,ἀπό,παιδαγωγέω
7822,ἀποπαλαιόω,ἀπό,παλαιόω
7823,ἀποπαρθενεύομαι,ἀπό,παρθενεύω
7824,ἀποπελεκίζω,ἀπό,πελεκίζω
7825,ἀποπελιόομαι,ἀπό,πελιόω
7826,ἀποπεραιόω,ἀπό,περαιόω
7827,ἀποπερισπάω,ἀπό,περισπάω
7828,ἀποπερονάω,ἀπό,περονάω
7829,ἀποπηνίζομαι,ἀπό,πηνίζομαι
7830,ἀποπιάζω,ἀπό,πιέζω
7831,ἀποποιέω,ἀπό,ποιέω
7832,ἀποπολιτεύω,ἀπό,πολιτεύω
7833,ἀποπονέω,ἀπό,πονέω
7834,ἀποποντόω,ἀπό,ποντίζω
7835,ἀποπορπάω,ἀπό,πορπάω
7836,ἀποπράσσω,ἀπό,πράσσω
7837,ἀποπρεσβεύω,ἀπό,πρεσβεύω
7838,ἀποπρηνίζω,ἀπό,πρηνίζω
7839,ἀποπροθέω,ἀπό,προθέω
7840,ἀποπροθέω,ἀπό,προτίθημι
7841,ἀποπροσποιέομαι,ἀπό,προσποιέω
7842,ἀποπτάω,ἀπό,ὀπτάω
7843,ἀποπτερυγίζομαι,ἀπό,πτερυγίζω
7844,ἀποπτεύω,ἀπό,ὀπτεύω
7845,ἀποπτήσσω,ἀπό,πτήσσω
7846,ἀποπτοέω,ἀπό,πτοέω
7847,ἀποπυδαρίζω,ἀπό,πυδαρίζω
7848,ἀποπυκνόομαι,ἀπό,πυκνόω
7849,ἀποπωμάζω,ἀπό,πωμάζω
7850,ἀποθαλασσόω,ἀπό,θαλασσόω
7851,ἀποθαρρύνω,ἀπό,θαρσύνω
7852,ἀποθεάομαι,ἀπό,θεάομαι
7853,ἀποθειάζω,ἀπό,θειάζω
7854,ἀποθειόω,ἀπό,θειάζω
7855,ἀποθειόω,ἀπό,θειόω
7856,ἀποθεμελιόω,ἀπό,θεμελιόω
7857,ἀποθεραπεύω,ἀπό,θεραπεύω
7858,ἀποθεσπίζω,ἀπό,θεσπίζω
7859,ἀποθεωρέω,ἀπό,θεωρέω
7860,ἀποθηλάζω,ἀπό,θηλάζω
7861,ἀποθηριόω,ἀπό,θηριόω
7862,ἀποθριγκόω,ἀπό,θριγκόω
7863,ἀποθυμιάω,ἀπό,θυμιάω
7864,ἀποθωρακίζομαι,ἀπό,θωρακίζω
7865,ἀποργάζω,ἀπό,ὀργάζω
7866,ἀποργίζομαι,ἀπό,ὀργίζω
7867,ἀπορραντίζω,ἀπό,ῥαντίζω
7868,ἀπορραπίζω,ἀπό,ῥαπίζω
7869,ἀπορριγόω,ἀπό,ῥιγόω
7870,ἀπορριπίζω,ἀπό,ῥιπίζω
7871,ἀπορριζόω,ἀπό,ῥιζόω
7872,ἀπορρυπόω,ἀπό,ῥυπάω
7873,ἀποσαφηνίζω,ἀπό,σαφηνίζω
7874,ἀποσαρκόομαι,ἀπό,σαρκόω
7875,ἀποσειρόω,ἀπό,σειράζω
7876,ἀποσφαιρίζομαι,ἀπό,σφαιρίζω
7877,ἀποσφαιρόω,ἀπό,σφαιρόω
7878,ἀποσφενδονάω,ἀπό,σφενδονάω
7879,ἀποσφηκόω,ἀπό,σφηκόω
7880,ἀποσηκόω,ἀπό,σηκάζω
7881,ἀποσηκόω,ἀπό,σηκόω
7882,ἀποσημειόομαι,ἀπό,σημειόω
7883,ἀποσιγάω,ἀπό,σιγάω
7884,ἀποσιτέω,ἀπό,σιτέομαι
7885,ἀποσκιρτάω,ἀπό,σκιρτάω
7886,ἀποσκολοπίζω,ἀπό,σκολοπίζω
7887,ἀποσκοπεύω,ἀπό,σκοπεύω
7888,ἀποσκοπιάζω,ἀπό,σκοπιάζω
7889,ἀποσκορακίζω,ἀπό,σκορακίζω
7890,ἀποσκορπίζω,ἀπό,σκορπίζω
7891,ἀποσκοτίζω,ἀπό,σκοτίζω
7892,ἀποσκοτόομαι,ἀπό,σκοτόω
7893,ἀποσπαργανόω,ἀπό,σπαργανόω
7894,ἀποσπογγίζω,ἀπό,σπογγίζω
7895,ἀποσπουδάζω,ἀπό,σπουδάζω
7896,ἀποστεφανόω,ἀπό,στεφανόω
7897,ἀποστενοχωρέω,ἀπό,στενοχωρέω
7898,ἀποστερεόω,ἀπό,στερεόω
7899,ἀποστίζω,ἀπό,στίζω
7900,ἀποστιλβόω,ἀπό,στιλβόω
7901,ἀποστομίζω,ἀπό,στομίζω
7902,ἀποστομόω,ἀπό,στομόω
7903,ἀποστραγγαλίζω,ἀπό,στραγγαλίζω
7904,ἀποστρακίζω,ἀπό,ὀστρακίζω
7905,ἀποστρατεύομαι,ἀπό,στρατεύω
7906,ἀποσυγχωρέω,ἀπό,συγχωρέω
7907,ἀποσυκίζω,ἀπό,συκίζω
7908,ἀποσυμβιβάζω,ἀπό,συμβιβάζω
7909,ἀποσυμβουλεύω,ἀπό,συμβουλεύω
7910,ἀποσυνεθίζω,ἀπό,συνεθίζω
7911,ἀποσυνεργέω,ἀπό,συνεργέω
7912,ἀποσυντάσσω,ἀπό,συντάσσω
7913,ἀποσυσσιτέω,ἀπό,συσσιτέω
7914,ἀποσωρεύω,ἀπό,σωρεύω
7915,ἀποσχάζω,ἀπό,σχάζω
7916,ἀποσχεδιάζω,ἀπό,σχεδιάζω
7917,ἀποσχετλιάζω,ἀπό,σχετλιάζω
7918,ἀποσχηματίζω,ἀπό,σχηματίζω
7919,ἀποσχολάζω,ἀπό,σχολάζω
7920,ἀποταμιεύομαι,ἀπό,ταμιεύω
7921,ἀποταρταρόομαι,ἀπό,ταρταρόω
7922,ἀποτεκνόομαι,ἀπό,τεκνόω
7923,ἀποτελωνέομαι,ἀπό,τελωνέω
7924,ἀποτερατεύομαι,ἀπό,τερατεύομαι
7925,ἀποτετραγωνίζω,ἀπό,τετραγωνίζω
7926,ἀποτηρέω,ἀπό,τηρέω
7927,ἀποτιλάω,ἀπό,τιλάω
7928,ἀποτορεύω,ἀπό,τορεύω
7929,ἀποτορνεύω,ἀπό,τορνεύω
7930,ἀποτραχηλίζω,ἀπό,τραχηλίζω
7931,ἀποτραχύνω,ἀπό,τραχύνω
7932,ἀποτριάζω,ἀπό,τριάξω
7933,ἀποτροχίζω,ἀπό,τροχίζω
7934,ἀποτρύζω,ἀπό,τρύζω
7935,ἀποτρυγάω,ἀπό,τρυγάω
7936,ἀποτυφλόω,ἀπό,τυφλόω
7937,ἀποτυλόω,ἀπό,τυλόω
7938,ἀποτυρόω,ἀπό,τυρόω
7939,ἀπουλόω,ἀπό,οὐλόω
7940,ἀπουρέω,ἀπό,οὐρέω
7941,ἀποχαρίζομαι,ἀπό,χαρίζομαι
7942,ἀποχειμάζω,ἀπό,χειμάζω
7943,ἀποχειρίζω,ἀπό,χειρίζω
7944,ἀποχορτάζω,ἀπό,χορτάζω
7945,ἀποχρηματίζω,ἀπό,χρηματίζω
7946,ἀποχρυσόω,ἀπό,χρυσόω
7947,ἀποψαλίζω,ἀπό,ψαλίζω
7948,ἀποψοφέω,ἀπό,ψοφέω
7949,ἀποζέω,ἀπό,ζέω
7950,ἀποζημιόω,ἀπό,ζημιόω
7951,ἀποζωγραφέω,ἀπό,ζωγραφέω
7952,ἀπωνέομαι,ἀπό,ὠνέομαι
7953,διάω,διά,ἄω
7954,διάζομαι,διά,ἅζομαι
7955,διάζομαι,διά,ἄζω
7956,διαβασανίζω,διά,βασανίζω
7957,διαβασιλίζομαι,διά,βασιλίζω
7958,διαβλύζω,διά,βλύζω
7959,διαβραβεύω,διά,βραβεύω
7960,διαβριμάομαι,διά,βριμάομαι
7961,διαξιφίζομαι,διά,ξιφίζω
7962,διαξυράομαι,διά,ξυρέω
7963,διαδικέω,διά,ἀδικέω
7964,διαδικέω,διά,δικέω
7965,διαδοξάζω,διά,δοξάζω
7966,διαδοκέω,διά,δοκάω
7967,διαδοκέω,διά,δοκέω
7968,διαδράσσομαι,διά,δράσσομαι
7969,διαδυναστεύω,διά,δυναστεύω
7970,διαφαιρέω,διά,ἀποαιρέομαι
7971,διαφαρμακεύω,διά,φαρμακεύω
7972,διαφαυλίζω,διά,φαυλίζω
7973,διαφοινίσσομαι,διά,φοινίσσω
7974,διαφθονέω,διά,φθονέω
7975,διαφρίσσω,διά,ἀφρίζω
7976,διαφρίσσω,διά,φρίσσω
7977,διαφρονέω,διά,ἀφρονέω
7978,διαφρονέω,διά,φρονέω
7979,διαφροντίζω,διά,φροντίζω
7980,διαφρουρέω,διά,φρουρέω
7981,διαφυτεύω,διά,φυτεύω
7982,διαγαπάω,διά,ἀγαπάω
7983,διαγαυριάω,διά,γαυριάω
7984,διαγκυλόομαι,διά,ἀγκυλόω
7985,διαγκωνίζομαι,διά,ἀγκωνίζω
7986,διαγλαύσσω,διά,γλαύσσω
7987,διαγνοέω,διά,ἀγνοέω
7988,διαγνοέω,διά,γνοέω
7989,διαγνωμονέω,διά,ἀγνωμονέω
7990,διαγνωμονέω,διά,γνωμονέω
7991,διαγρηγορέω,διά,γρηγορέω
7992,διαγυμνάζω,διά,γυμνάζω
7993,διαγυμνόω,διά,γυμνάζω
7994,διαγυμνόω,διά,γυμνόω
7995,διαγωνιάω,διά,ἀγωνιάω
7996,διαγωνοθετέω,διά,ἀγωνοθετέω
7997,διαινέω,διά,αἰνέω
7998,διαιθύσσω,διά,αἰθύσσω
7999,διαιωρέομαι,διά,αἰωρέω
8000,διακαινίζομαι,διά,καινίζω
8001,διακαλέομαι,διά,καλέω
8002,διακαλλωπίζω,διά,καλλωπίζω
8003,διακαπηλεύω,διά,καπηλεύω
8004,διακαραδοκέω,διά,καραδοκέω
8005,διακέομαι,διά,ἀκέομαι
8006,διακενόω,διά,κενόω
8007,διακεντέω,διά,κεντέω
8008,διακερτομέω,διά,κερτομέω
8009,διακιβδηλεύω,διά,κιβδηλεύω
8010,διακιγκλίζω,διά,κιγκλίζω
8011,διακιρνάω,διά,κιρνάω
8012,διακληρονομέω,διά,κληρονομέω
8013,διακλιμακίζω,διά,κλιμακίζω
8014,διακλονέω,διά,κλονέω
8015,διακοινοποιέω,διά,κοινοποιέω
8016,διακολακεύομαι,διά,κολακεύω
8017,διακολουθέω,διά,ἀκολουθέω
8018,διακολουθέω,διά,κολούω
8019,διακολυμβάω,διά,κολυμβάω
8020,διακομπέω,διά,κομπέω
8021,διακουφίζω,διά,κουφίζω
8022,διακρημνίζω,διά,κρημνίζω
8023,διακριβολογέομαι,διά,ἀκριβολογέομαι
8024,διακροβολίζομαι,διά,ἀκροβολίζομαι
8025,διακροτέω,διά,κροτέω
8026,διακτενίζω,διά,κτενίζω
8027,διακυβερνάω,διά,κυβερνάω
8028,διακυβιστάω,διά,κυβιστάω
8029,διακυλινδέω,διά,κυλινδέω
8030,διακυρόω,διά,ἀκυρόω
8031,διακυρόω,διά,κυρόω
8032,διακωνέω,διά,κωνέω
8033,διακωπηλατέω,διά,κωπηλατέω
8034,διαλαμπρύνω,διά,λαμπρύνω
8035,διαλγέω,διά,ἀλγέω
8036,διαληρέω,διά,ληρέω
8037,διαλιχμάομαι,διά,λιχμάω
8038,διαλλοιόω,διά,ἀλλοιόω
8039,διαλοάω,διά,ἀλοάω
8040,διαλυγίζω,διά,λυγίζω
8041,διαλυπέω,διά,λυπέω
8042,διαμαγεύω,διά,μαγεύω
8043,διαμασάομαι,διά,μασάομαι
8044,διαμασχαλίζω,διά,μασχαλίζω
8045,διαμαχέω,διά,μαχέω
8046,διαμαχέω,διά,συμμαχέω
8047,διαμειδιάω,διά,μειδιάω
8048,διαμελετάω,διά,μελετάω
8049,διαμελίζομαι,διά,μελίζω
8050,διαμελίζω,διά,μελίζω
8051,διαμηκύνω,διά,μηκύνω
8052,διαμηρίζω,διά,μηρίζω
8053,διαμισθόω,διά,μισθόω
8054,διαμολύνω,διά,μολύνω
8055,διαμονομαχέω,διά,μονομαχέω
8056,διαμορφόω,διά,μορφάω
8057,διαμορφόω,διά,μορφάζω
8058,διαμορφόω,διά,μορφόω
8059,διαμύσσω,διά,ἀμύσσω
8060,διαμύσσω,διά,μύσσω
8061,διαμύσσω,διά,μύζω
8062,διαμυδάω,διά,μυδάω
8063,διαμυκτηρίζω,διά,μυκτηρίζω
8064,διαμωκάομαι,διά,μωκάομαι
8065,διαναγκάζω,διά,ἀναγκάζω
8066,διανακαθίζω,διά,ἀνακαθίζω
8067,διανακλάομαι,διά,ἀνακλάω
8068,διαναρκάω,διά,ναρκάω
8069,διαναρμοστέω,διά,ἀναρμοστέω
8070,διαναρτάομαι,διά,ἀναρτάω
8071,διανδραγαθέω,διά,ἀνδραγαθέω
8072,διανεύω,διά,νεύω
8073,διανηστεύω,διά,νηστεύω
8074,διανίσσομαι,διά,νίσσομαι
8075,διανίσσομαι,διά,νίζω
8076,διανίζω,διά,νίζω
8077,διανιάομαι,διά,ἀνιάομαι
8078,διανιάομαι,διά,ἀνιάω
8079,διανοικίζω,διά,ἀνοικίζω
8080,διανομοθετέω,διά,νομοθετέω
8081,διανοσέω,διά,νοσέω
8082,διανοσφίζω,διά,νοσφίζομαι
8083,διανθέω,διά,ἀνατίθημι
8084,διανθέω,διά,ἀνθέω
8085,διαπαφλάζω,διά,παφλάζω
8086,διαπαγκρατιάζω,διά,παγκρατιάζω
8087,διαπαίζω,διά,παίζω
8088,διαπαννυχίζω,διά,παννυχίζω
8089,διαπαντάω,διά,ἀπαντάω
8090,διαπαρατηρέομαι,διά,παρατηρέω
8091,διαπατάω,διά,ἀπατάω
8092,διαπατέω,διά,ἀπατάω
8093,διαπατέω,διά,πατέω
8094,διαπελάζω,διά,πελάζω
8095,διαπενταθλέω,διά,πενταθλέω
8096,διαπερδικίζω,διά,περδικίζω
8097,διαπεριπατέω,διά,περιπατέω
8098,διαπερονάω,διά,περονάω
8099,διαπεττεύω,διά,πεσσεύω
8100,διαπιθηκίζω,διά,πιθηκίζω
8101,διαπλανάω,διά,πλανάω
8102,διαπληρόω,διά,πληρόω
8103,διαπλίσσομαι,διά,πλίσσομαι
8104,διαπλύνω,διά,πλύνω
8105,διαποδίζω,διά,ποδίζω
8106,διαποιέω,διά,ποιέω
8107,διαπονηρεύομαι,διά,πονηρεύομαι
8108,διαπορίζω,διά,ἀφορίζω
8109,διαπορίζω,διά,πορίζω
8110,διαπροστατεύω,διά,προστατεύω
8111,διαπτερόω,διά,πτερόω
8112,διαπτερύσσομαι,διά,πτερύσσομαι
8113,διαπτίσσω,διά,πτίσσω
8114,διαπυδαρίζω,διά,πυδαρίζω
8115,διαπυρπαλαμάω,διά,πυρπαλαμάω
8116,διαπωρόομαι,διά,πωρόω
8117,διαθαλασσεύω,διά,θαλασσεύω
8118,διαθαρρέω,διά,θαρσέω
8119,διαθερίζω,διά,ἀθερίζω
8120,διαθερίζω,διά,θερίζω
8121,διαθεσμοθετέω,διά,θεσμοθετέω
8122,διαθεωρέω,διά,θεωρέω
8123,διαθηλύνω,διά,θηλύνω
8124,διαθηράω,διά,θηράω
8125,διαθηριόω,διά,θηριόω
8126,διαθλάω,διά,θλάω
8127,διαθλεύω,διά,ἀθλεύω
8128,διαθολόω,διά,θολόω
8129,διαθρίζω,διά,θερίζω
8130,διαθρίζω,διά,θρίζω
8131,διαθριαμβεύω,διά,θριαμβεύω
8132,διαθροίζω,διά,ἀθροίζω
8133,διαθωκέω,διά,θακέω
8134,διαράομαι,διά,ἀράομαι
8135,διαριστάομαι,διά,ἀριστάω
8136,διαριστεύομαι,διά,ἀριστεύω
8137,διαρραπίζω,διά,ῥαπίζω
8138,διαρραχίζω,διά,ῥαχίζω
8139,διαρρινάω,διά,ῥινάω
8140,διαρριπίζω,διά,ῥιπίζω
8141,διαρρομβέομαι,διά,ῥομβέω
8142,διαρρυθμίζω,διά,ῥυθμίζω
8143,διαρτίζω,διά,ἀρτίζω
8144,διασαφηνέω,διά,σαφηνέω
8145,διασαυλόομαι,διά,σαυλόομαι
8146,διασφαιρόομαι,διά,σφαιρόω
8147,διασφαλίζομαι,διά,ἀσφαλίζομαι
8148,διασφετερίζομαι,διά,σφετερίζω
8149,διασφραγίζομαι,διά,σφραγίζω
8150,διασφυδόω,διά,σφυδάω
8151,διασηκόω,διά,σηκάζω
8152,διασηκόω,διά,σηκόω
8153,διασημειόομαι,διά,σημειόω
8154,διασκαλεύω,διά,σκαλεύω
8155,διασκαριφάομαι,διά,σκαριφάομαι
8156,διασκελίζομαι,διά,σκελίζω
8157,διασκεπάζω,διά,σκεπάζω
8158,διασοβέω,διά,σοβέω
8159,διασποδέω,διά,σποδέω
8160,διασθενέω,διά,ἀσθενέω
8161,διαστάζω,διά,στάζω
8162,διασταλάσσω,διά,σταλάσσω
8163,διασταλάσσω,διά,σταλάζω
8164,διαστίζω,διά,στίζω
8165,διαστοχάζομαι,διά,στοχάζομαι
8166,διαστρατεύομαι,διά,στρατεύω
8167,διαστροβέω,διά,στροβέω
8168,διαστρωφάομαι,διά,στρωφάω
8169,διαστυγνάζω,διά,στυγνάζω
8170,διασυγχέω,διά,συγχύνω
8171,διασυγχύνω,διά,συγχύνω
8172,διασυρίζω,διά,συρίζω
8173,διασχάζω,διά,σχάζω
8174,διασχοινίζω,διά,σχοινίζω
8175,διασχολέω,διά,ἀσχολέω
8176,διατακτέω,διά,ἀτακτέω
8177,διαταμιεύω,διά,ταμιεύω
8178,διατιλάω,διά,τιλάω
8179,διατμίζω,διά,ἀτμίζω
8180,διατονθορύζω,διά,τονθορύζω
8181,διατραγῳδέω,διά,τραγῳδέω
8182,διατρανόω,διά,τρανόω
8183,διατραχηλίζομαι,διά,τραχηλίζω
8184,διατραχύνω,διά,τραχύνω
8185,διατρεμέω,διά,ἀτρεμέω
8186,διατρίζω,διά,τρίζω
8187,διατρυφάω,διά,τρυφάω
8188,διατρυπάω,διά,τρυπάω
8189,διατυλίσσω,διά,τυλίσσω
8190,διατωθάζω,διά,τωθάζω
8191,διαυλέω,διά,αὐλέω
8192,διαυθεντέω,διά,αὐθεντέω
8193,διαυχενίζομαι,διά,αὐχενίζω
8194,διαχαράσσω,διά,χαράσσω
8195,διαχαρίζομαι,διά,χαρίζομαι
8196,διαχειρέω,διά,χειρέω
8197,διαχλαινόω,διά,χλαινόω
8198,διαχρέομαι,διά,χράω
8199,διαχυτλάζω,διά,χυτλάζω
8200,διαχωλεύω,διά,χωλεύω
8201,διαψάω,διά,ψάω
8202,διαψαλίζω,διά,ψαλίζω
8203,διαψηφοφορέομαι,διά,ψηφοφορέω
8204,διαψηλαφάω,διά,ψηλαφάω
8205,διαψοφέω,διά,ψοφέω
8206,διαζέω,διά,ζέω
8207,διαζηλοτυπέομαι,διά,ζηλοτυπέω
8208,διαζητέω,διά,ζητέω
8209,διαζωγραφέω,διά,ζωγραφέω
8210,διαζωμεύω,διά,ζωμεύω
8211,διεξαιρέω,διά,ἐξαιρέω
8212,διεξαρκέω,διά,ἐξαρκέω
8213,διεξαρτάομαι,διά,ἐξαρτάω
8214,διεξερέομαι,διά,ἐξέρομαι
8215,διεξερέομαι,διά,ἐξερέω
8216,διεξερευνάω,διά,ἐξερευνάω
8217,διεξεργάζομαι,διά,ἐξεργάζομαι
8218,διεξετάζω,διά,ἐξετάζω
8219,διεξικνέομαι,διά,ἐξικνέομαι
8220,διεξιππάζομαι,διά,ἐξιππάζομαι
8221,διεξιχνεύω,διά,ἐξιχνεύω
8222,διεφικνέομαι,διά,ἐφικνέομαι
8223,διεγγελάω,διά,ἐγγελάω
8224,διεικάζομαι,διά,εἰκάζω
8225,διειλέω,διά,εἴλω
8226,διεισδύνω,διά,εἰσδύνω
8227,διεκδικέω,διά,ἐκδικέω
8228,διεκμυζάω,διά,ἐκμυζάω
8229,διεκπερδικίζω,διά,ἐκπερδικίζω
8230,διεκπηδάω,διά,ἐκπηδάω
8231,διεκπνέω,διά,ἐκπνέω
8232,διεκπονέω,διά,ἐκπονέω
8233,διεκπορεύομαι,διά,ἐκπορεύω
8234,διεκρέω,διά,ἐκρέω
8235,διεκσεύω,διά,ἐκσεύομαι
8236,διεκτελέω,διά,ἐκτελέω
8237,διελευθερόω,διά,ἐλευθερόω
8238,διελίσσω,διά,ἑλίσσω
8239,διεμφανίζω,διά,ἐμφανίζω
8240,διενειλέω,διά,ἐνειλέω
8241,διενεργέω,διά,ἐνεργέω
8242,διενοχλέω,διά,ἐνοχλέω
8243,διενθυμέομαι,διά,ἐνθυμέομαι
8244,διεθίζω,διά,ἐθίζω
8245,διεράω,διά,ἐράω
8246,διερεθίζω,διά,ἐρεθίζω
8247,διερπύζω,διά,ἑρπύζω
8248,διευεργετέω,διά,εὐεργετέω
8249,διευημερέω,διά,εὐημερέω
8250,διευπραγέω,διά,εὐπραγέω
8251,διευθετέω,διά,εὐθετέω
8252,διευθηνέω,διά,εὐθηνέω
8253,διευριπιδίζω,διά,εὐριπιδίζω
8254,διευρύνω,διά,εὐρύνω
8255,διευστοχέω,διά,εὐστοχέω
8256,διευτακτέω,διά,εὐτακτέω
8257,διευτελίζω,διά,εὐτελίζω
8258,διευτρεπίζω,διά,εὐτρεπίζω
8259,διηλιόω,διά,ἡλιάζομαι
8260,διημερόω,διά,ἡμερόω
8261,διοδοποιέω,διά,ὁδοποιέω
8262,διογκόω,διά,ὀγκάομαι
8263,διογκόω,διά,ὀγκόω
8264,διοινόομαι,διά,οἰνόω
8265,διοινοχοέω,διά,οἰνοχοέω
8266,διοιστρέω,διά,οἰστράω
8267,διοκνέω,διά,ὀκνέω
8268,διομαλύνω,διά,ὁμαλύνω
8269,διομβρέω,διά,ὀμβρέω
8270,διοπτάω,διά,ὀπτάω
8271,διοργανίζω,διά,ὀργανίζω
8272,διοργίζομαι,διά,ὀργίζω
8273,διορίζω,διά,ὁρίζω
8274,διορκίζω,διά,ὁρκίζω
8275,διορμάομαι,διά,ὁρμάω
8276,διορμίζω,διά,ὁρμίζω
8277,διορθρίζω,διά,ὀρθρίζω
8278,διορρωδέω,διά,ὀρρωδέω
8279,διουρέω,διά,οὐρέω
8280,διουρίζω,διά,ὁρίζω
8281,διουρίζω,διά,οὐρίζω
8282,διοχεύομαι,διά,ὀχεύω
8283,διοχλίζω,διά,ὀχλίζω
8284,διοχυρόω,διά,ὀχυρόω
8285,διυποπτεύω,διά,ὑποπτεύω
8286,διωνέομαι,διά,ὠνέομαι
8287,διωθίζομαι,διά,ὠθίζομαι
8288,ἐξαβρύνω,ἐκ,ἁβρύνω
8289,ἐξαδρόομαι,ἐκ,ἁδρόομαι
8290,ἐξαδρύνομαι,ἐκ,ἁδρύνω
8291,ἐξαδυνατέω,ἐκ,ἀδυνατέω
8292,ἐξαφανίζω,ἐκ,ἀφανίζω
8293,ἐξαγανακτέω,ἐκ,ἀγανακτέω
8294,ἐξαγκυλόω,ἐκ,ἀγκυλάω
8295,ἐξαγκυλόω,ἐκ,ἀγκυλόω
8296,ἐξαγκωνίζω,ἐκ,ἀγκωνίζω
8297,ἐξαγρέω,ἐκ,ἀγρέω
8298,ἐξαγροικίζω,ἐκ,ἀγροικίζομαι
8299,ἐξαιματίζω,ἐκ,αἱματίζω
8300,ἐξαιματόω,ἐκ,αἱματόω
8301,ἐξαιθαλόω,ἐκ,αἰθαλόω
8302,ἐξαιθριάζω,ἐκ,αἰθριάζω
8303,ἐξαισχύνομαι,ἐκ,αἰσχύνω
8304,ἐξαιωρέομαι,ἐκ,αἰωρέω
8305,ἐξαιχμαλωτεύω,ἐκ,αἰχμαλωτεύω
8306,ἐξακμάζω,ἐκ,ἀκμάζω
8307,ἐξακολουθέω,ἐκ,ἀκολουθέω
8308,ἐξακονάω,ἐκ,ἀκονάω
8309,ἐξακριβολογέομαι,ἐκ,ἀκριβολογέομαι
8310,ἐξαλάομαι,ἐκ,ἀλάομαι
8311,ἐξαλγέω,ἐκ,ἀλγέω
8312,ἐξαληθίζομαι,ἐκ,ἀληθεύω
8313,ἐξαλίζω,ἐκ,ἁλίζω
8314,ἐξαλλοιόω,ἐκ,ἀλλοιόω
8315,ἐξαλλοτριόω,ἐκ,ἀλλοτριόω
8316,ἐξαμαυρόω,ἐκ,ἀμαυρόω
8317,ἐξαμφοτερίζω,ἐκ,ἀμφοτερίζω
8318,ἐξαμυστίζω,ἐκ,ἀμυστίζω
8319,ἐξαναβλύζω,ἐκ,ἀναβλύζω
8320,ἐξαναγεννάομαι,ἐκ,ἀναγεννάω
8321,ἐξαναισθητέω,ἐκ,ἀναισθητέω
8322,ἐξανανεόομαι,ἐκ,ἀνανεόομαι
8323,ἐξαναπληρόω,ἐκ,ἀναπληρόω
8324,ἐξαναπνέω,ἐκ,ἀναπνέω
8325,ἐξαναπτύσσω,ἐκ,ἀναπτύσσω
8326,ἐξαναριθμέω,ἐκ,ἀναριθμέομαι
8327,ἐξανερευνάω,ἐκ,ἀνερευνάω
8328,ἐξανερωτάω,ἐκ,ἀνερωτάω
8329,ἐξανιμάω,ἐκ,ἀνιμάω
8330,ἐξανοιδέω,ἐκ,ἀνοιδέω
8331,ἐξανθίζω,ἐκ,ἀνθίζω
8332,ἐξανθρακόω,ἐκ,ἀνθρακόω
8333,ἐξανθρωπίζω,ἐκ,ἀνθρωπίζω
8334,ἐξαντάω,ἐκ,ἀντάω
8335,ἐξαπαιτέω,ἐκ,ἀπαιτέω
8336,ἐξαπαντάω,ἐκ,ἀπαντάω
8337,ἐξαπειλέω,ἐκ,ἀπείλω
8338,ἐξαπειλέω,ἐκ,ἀπειλέω
8339,ἐξαπελαύνω,ἐκ,ἀπελαύνω
8340,ἐξαπελευθερόω,ἐκ,ἀπελευθερόω
8341,ἐξαπλόω,ἐκ,ἁπλόω
8342,ἐξαποπατέω,ἐκ,ἀποπατέω
8343,ἐξαποπνέω,ἐκ,ἀποπνέω
8344,ἐξαποχέω,ἐκ,ἀποχέω
8345,ἐξαθερίζω,ἐκ,ἀθερίζω
8346,ἐξαθρέω,ἐκ,ἀθρέω
8347,ἐξαροτριάω,ἐκ,ἀροτριάω
8348,ἐξαρθρόω,ἐκ,ἀρθρόω
8349,ἐξαρτιόω,ἐκ,ἀρτιάζω
8350,ἐξασθενέω,ἐκ,ἀσθενέω
8351,ἐξατιμόομαι,ἐκ,ἀτιμόω
8352,ἐξατμίζω,ἐκ,ἀτμίζω
8353,ἐξατονέω,ἐκ,ἀτονέω
8354,ἐξαυλέω,ἐκ,αὐλέω
8355,ἐξαυθαδίζομαι,ἐκ,αὐθαδίζω
8356,ἐξαυχμέω,ἐκ,αὐχμέω
8357,ἐξεγκατίζω,ἐκ,ἐγκαθίζω
8358,ἐξεικονίζω,ἐκ,εἰκονίζω
8359,ἐξειρωνεύομαι,ἐκ,εἰρωνεύομαι
8360,ἐξεκκλησιάζω,ἐκ,ἐκκλησιάζω
8361,ἐξελαιόω,ἐκ,ἐλαιόω
8362,ἐξελευθερόω,ἐκ,ἐλευθερόω
8363,ἐξελκέω,ἐκ,ἑλκέω
8364,ἐξελκόω,ἐκ,ἑλκόω
8365,ἐξενιαυτίζω,ἐκ,ἐνιαυτίζω
8366,ἐξεόω,ἐκ,ἐάω
8367,ἐξεπισφραγίζομαι,ἐκ,ἐπισφραγίζω
8368,ἐξεπομβρέω,ἐκ,ἐπομβρέω
8369,ἐξεθίζομαι,ἐκ,ἐθίζω
8370,ἐξερεθίζω,ἐκ,ἐρεθίζω
8371,ἐξερυθριάω,ἐκ,ἐρυθριάω
8372,ἐξερωτάω,ἐκ,ἐρωτάω
8373,ἐξευκρινέω,ἐκ,εὐκρινέω
8374,ἐξευπορέω,ἐκ,εὐπορέω
8375,ἐξευθετίζω,ἐκ,εὐθετίζω
8376,ἐξευθύνω,ἐκ,εὐθύνω
8377,ἐξευωνίζω,ἐκ,εὐωνίζω
8378,ἐξηγορέω,ἐκ,ἠγορέω
8379,ἐξηλιάζω,ἐκ,ἡλιάζομαι
8380,ἐξηλιόομαι,ἐκ,ἡλιόομαι
8381,ἐξηπειρόω,ἐκ,ἠπειρόω
8382,ἐξηπεροπεύω,ἐκ,ἠπεροπεύω
8383,ἐξηθέω,ἐκ,ἠθέω
8384,ἐξηττάομαι,ἐκ,ἡσσάομαι
8385,ἐξιδρόω,ἐκ,ἱδρόω
8386,ἐξιερόω,ἐκ,ἱεράομαι
8387,ἐξιερόω,ἐκ,ἱερόω
8388,ἐξικανόω,ἐκ,ἱκανόω
8389,ἐξικμάζω,ἐκ,ἰκμάζω
8390,ἐξιπόω,ἐκ,ἰπόω
8391,ἐξιππεύω,ἐκ,ἱππεύω
8392,ἐξισάζω,ἐκ,ἰσάζω
8393,ἐξιστάω,ἐκ,ἱστάω
8394,ἐξιχνοσκοπέω,ἐκ,ἰχνοσκοπέω
8395,ἐξοξύνομαι,ἐκ,ὀξύνω
8396,ἐξοδεύω,ἐκ,ὁδεύω
8397,ἐξοδιάζω,ἐκ,ὁδιάζω
8398,ἐξοφρυόω,ἐκ,ὀφρυάω
8399,ἐξοικειόω,ἐκ,οἰκειόω
8400,ἐξοικονομέω,ἐκ,οἰκονομέω
8401,ἐξοινέω,ἐκ,οἰνέω
8402,ἐξολιγωρέω,ἐκ,ὀλιγωρέω
8403,ἐξομβρέω,ἐκ,ὀμβρέω
8404,ἐξομοιάζω,ἐκ,ὁμοιάζω
8405,ἐξονειρώσσω,ἐκ,ὀνειρώσσω
8406,ἐξονυχίζω,ἐκ,ὀνυχίζω
8407,ἐξοργάω,ἐκ,ὀργάω
8408,ἐξοργιάζω,ἐκ,ὀργιάζω
8409,ἐξοροθύνω,ἐκ,ὀροθύνω
8410,ἐξορθρίζω,ἐκ,ὀρθρίζω
8411,ἐξουρέω,ἐκ,οὐρέω
8412,ἐξοχετεύω,ἐκ,ὀχετεύω
8413,ἐξυδατόω,ἐκ,ὑδατόω
8414,ἐξυλακτέω,ἐκ,ὑλακτέω
8415,ἐξυλίζω,ἐκ,ὑλίζω
8416,ἐξυμνέω,ἐκ,ὑμνέω
8417,ἐξυπερζέω,ἐκ,ὑπερζέω
8418,ἐξυπνόω,ἐκ,ὑπνάω
8419,ἐξυπνόω,ἐκ,ὑπνόω
8420,ἐξυπονοέω,ἐκ,ὑπονοέω
8421,ἐξυθλέω,ἐκ,ὑθλέω
8422,ἐξυψόω,ἐκ,ὑψόω
8423,ἐφαιμάσσω,ἐπί,αἱμάσσω
8424,ἐφαλόω,ἐπί,ἁλίσκομαι
8425,ἐφαρπάζω,ἐπί,ἁρπάζω
8426,ἐφελίσσω,ἐπί,ἑλίσσω
8427,ἐφελκόομαι,ἐπί,ἑλκόω
8428,ἐφεύω,ἐπί,εὕω
8429,ἐφηδύνω,ἐπί,ἡδύνω
8430,ἐφηλόω,ἐπί,ἡλόω
8431,ἐφημερεύω,ἐπί,ἡμερεύω
8432,ἐφησυχάζω,ἐπί,ἡσυχάζω
8433,ἐφιδρόω,ἐπί,ἱδρόω
8434,ἐφιστάω,ἐπί,ἱστάω
8435,ἐφιστορέω,ἐπί,ἱστορέω
8436,ἐφοδηγέω,ἐπί,ὁδηγέω
8437,ἐφομιλέω,ἐπί,ὁμιλέω
8438,ἐφυδρεύω,ἐπί,ὑδρεύω
8439,ἐφυλακτέω,ἐπί,ὑλακτέω
8440,ἐφυστερέω,ἐπί,ὑστερέω
8441,ἐγξέω,ἐν,ξέω
8442,ἐγγαληνίζω,ἐν,γαληνίζω
8443,ἐγγαμέω,ἐν,γαμέω
8444,ἐγγαμίζω,ἐν,γαμίζω
8445,ἐγγεννάω,ἐν,γεννάω
8446,ἐγγεύομαι,ἐν,γεύω
8447,ἐγγηροτροφέω,ἐν,γηροτροφέω
8448,ἐγγοητεύω,ἐν,γοητεύω
8449,ἐγγομφόω,ἐν,γομφόω
8450,ἐγγυιόω,ἐν,γυιόω
8451,ἐγκαλινδέομαι,ἐν,καλινδέομαι
8452,ἐγκαλλωπίζομαι,ἐν,καλλωπίζω
8453,ἐγκαθαιρέω,ἐν,καθαιρέω
8454,ἐγκαθηλόω,ἐν,καθηλόω
8455,ἐγκαταβιόω,ἐν,καταβιάζομαι
8456,ἐγκαταβιόω,ἐν,καταβιόω
8457,ἐγκαταδαμάζω,ἐν,καταδαμάζομαι
8458,ἐγκαταντλέω,ἐν,καταντλέω
8459,ἐγκαταπαίζω,ἐν,καταπαίζω
8460,ἐγκαταριθμέω,ἐν,καταριθμέω
8461,ἐγκατασκευάζω,ἐν,κατασκευάζω
8462,ἐγκατατάσσω,ἐν,κατατάσσω
8463,ἐγκαταχωρίζω,ἐν,καταχωρίζω
8464,ἐγκατειλέομαι,ἐν,κατειλέω
8465,ἐγκατοικίζω,ἐν,κατοικίζω
8466,ἐγκατοπτρίζομαι,ἐν,κατοπτρίζω
8467,ἐγκαυχάομαι,ἐν,καυχάομαι
8468,ἐγκεντέω,ἐν,κεντέω
8469,ἐγκεντρίζω,ἐν,κεντρίζω
8470,ἐγκεντρόω,ἐν,κεντρόω
8471,ἐγκηδεύω,ἐν,κηδεύω
8472,ἐγκηρόω,ἐν,κηρόομαι
8473,ἐγκηρύσσω,ἐν,κηρύσσω
8474,ἐγκινδυνεύω,ἐν,κινδυνεύω
8475,ἐγκινέομαι,ἐν,κινέω
8476,ἐγκισσάω,ἐν,κισσάω
8477,ἐγκληρόομαι,ἐν,κληρόω
8478,ἐγκλονέομαι,ἐν,κλονέω
8479,ἐγκλύζω,ἐν,κλύζω
8480,ἐγκνώσσω,ἐν,κνώσσω
8481,ἐγκοιμάομαι,ἐν,κοιμάω
8482,ἐγκοιτάζομαι,ἐν,κοιτάζω
8483,ἐγκοιτέω,ἐν,κοιτέω
8484,ἐγκολλάω,ἐν,κολλάω
8485,ἐγκολπόω,ἐν,κολπόω
8486,ἐγκοπιάω,ἐν,κοπιάω
8487,ἐγκραιπαλάω,ἐν,κραιπαλάω
8488,ἐγκραυγάζω,ἐν,κραυγάζω
8489,ἐγκτίζω,ἐν,κτίζω
8490,ἐγκυβιστάω,ἐν,κυβιστάω
8491,ἐγκυέομαι,ἐν,κυέω
8492,ἐγκωμάζω,ἐν,κωμάζω
8493,ἐγχαλάω,ἐν,χαλάω
8494,ἐγχαλκεύω,ἐν,χαλκεύω
8495,ἐγχαρίζομαι,ἐν,χαρίζομαι
8496,ἐγχειμάζω,ἐν,χειμάζω
8497,ἐγχειρέω,ἐν,χειρέω
8498,ἐγχειροτονέω,ἐν,χειροτονέω
8499,ἐγχλαινόομαι,ἐν,χλαινόω
8500,ἐγχόω,ἐν,χόω
8501,ἐγχορεύω,ἐν,χορεύω
8502,ἐγχρεμετίζω,ἐν,χρεμετίζω
8503,ἐγχρηματίζω,ἐν,χρηματίζω
8504,ἐγχρυσόω,ἐν,χρυσόω
8505,ἐγχυτλόω,ἐν,χυτλάζω
8506,ἐγχυτλόω,ἐν,χυτλόω
8507,ἐκβαρβαρόω,ἐκ,βαρβαρόομαι
8508,ἐκβασανίζω,ἐκ,βασανίζω
8509,ἐκβασιλίζομαι,ἐκ,βασιλίζω
8510,ἐκβεβηλόω,ἐκ,βεβηλόω
8511,ἐκβήσσω,ἐκ,βήσσω
8512,ἐκβιάομαι,ἐκ,βιάω
8513,ἐκβλαστέω,ἐκ,βλαστέω
8514,ἐκβομβέω,ἐκ,βομβέω
8515,ἐκβυθίζομαι,ἐκ,βυθίζω
8516,ἐκβυρσόω,ἐκ,βυρσόω
8517,ἐκξέω,ἐκ,ξέω
8518,ἐκξιφίζομαι,ἐκ,ξιφίζω
8519,ἐκξυλόομαι,ἐκ,ξυλόω
8520,ἐκδανείζω,ἐκ,δανείζω
8521,ἐκδαπανάω,ἐκ,δαπανάω
8522,ἐκδεινόω,ἐκ,δεινόω
8523,ἐκδειπνέω,ἐκ,δειπνέω
8524,ἐκδεκατεύω,ἐκ,δεκατεύω
8525,ἐκδεσμεύω,ἐκ,δεσμεύω
8526,ἐκδηϊόω,ἐκ,δηιόω
8527,ἐκδηλόω,ἐκ,δηλόω
8528,ἐκδημαγωγέω,ἐκ,δημαγωγέω
8529,ἐκδημοκοπέω,ἐκ,δημοκοπέω
8530,ἐκδημοσιεύω,ἐκ,δημοσιεύω
8531,ἐκδηθύνω,ἐκ,δηθύνω
8532,ἐκδιαφορέω,ἐκ,διαφορέω
8533,ἐκδιαπρίζω,ἐκ,διαπρίω
8534,ἐκδιφάω,ἐκ,διφάω
8535,ἐκδιηγέομαι,ἐκ,διηγέομαι
8536,ἐκδιηθέω,ἐκ,διηθέω
8537,ἐκδικαιόομαι,ἐκ,δικαιόω
8538,ἐκδιοικέω,ἐκ,διοικέω
8539,ἐκδιορύσσω,ἐκ,διορύσσω
8540,ἐκδιψάω,ἐκ,διψάω
8541,ἐκδοκιμάζω,ἐκ,δοκιμάζω
8542,ἐκδρασκάζω,ἐκ,δρασκάζειν
8543,ἐκδυάζομαι,ἐκ,δυάζω
8544,ἐκδυναμόω,ἐκ,δυναμόω
8545,ἐκδυναστεύω,ἐκ,δυναστεύω
8546,ἐκδυσωπέω,ἐκ,δυσωπέω
8547,ἐκφαντάζομαι,ἐκ,φαντάζομαι
8548,ἐκφλογίζω,ἐκ,φλογίζω
8549,ἐκφρονέω,ἐκ,φρονέω
8550,ἐκγαληνίζω,ἐκ,γαληνίζω
8551,ἐκγαμέομαι,ἐκ,γαμέω
8552,ἐκγεννάω,ἐκ,γεννάω
8553,ἐκγοητεύω,ἐκ,γοητεύω
8554,ἐκγυμνάζω,ἐκ,γυμνάζω
8555,ἐκκαινόω,ἐκ,καινόω
8556,ἐκκαλλύνω,ἐκ,καλλύνω
8557,ἐκκανάσσω,ἐκ,κανάσσω
8558,ἐκκαπηλεύω,ἐκ,καπηλεύω
8559,ἐκκαπνίζομαι,ἐκ,καπνίζω
8560,ἐκκαθαρίζω,ἐκ,καθαρίζω
8561,ἐκκαρπεύομαι,ἐκ,καρπεύω
8562,ἐκκαταράσσω,ἐκ,καταράσσω
8563,ἐκκαχάζω,ἐκ,καχάζω
8564,ἐκκαχλάζω,ἐκ,καχλάζω
8565,ἐκκεντέω,ἐκ,κεντέω
8566,ἐκκεντρίζω,ἐκ,κεντρίζω
8567,ἐκκηλέω,ἐκ,κηλέω
8568,ἐκκλάω,ἐκ,κλάω
8569,ἐκκλάω,ἐκ,κλαίω
8570,ἐκκλιμακίζω,ἐκ,κλιμακίζω
8571,ἐκκοιμάομαι,ἐκ,κοιμάω
8572,ἐκκοιτέω,ἐκ,κοιτέω
8573,ἐκκοκκύζω,ἐκ,κοκκύζω
8574,ἐκκοπρίζω,ἐκ,κοπρίζω
8575,ἐκκοσμέω,ἐκ,κοσμέω
8576,ἐκκραυγάζω,ἐκ,κραυγάζω
8577,ἐκκροτέω,ἐκ,κροτέω
8578,ἐκκρουνίζω,ἐκ,κρουνίζω
8579,ἐκκτυπέω,ἐκ,κτυπέω
8580,ἐκκυνόω,ἐκ,κυνάω
8581,ἐκκυρτόω,ἐκ,κυρτόω
8582,ἐκκωδωνίζω,ἐκ,κωδωνίζω
8583,ἐκλεπτύνω,ἐκ,λεπτύνω
8584,ἐκληρέω,ἐκ,ληρέω
8585,ἐκλῃτουργέω,ἐκ,λειτουργέω
8586,ἐκλικμάω,ἐκ,λικμάω
8587,ἐκλιμνάζω,ἐκ,λιμνάζω
8588,ἐκλιμώσσω,ἐκ,λιμώσσω
8589,ἐκλιπαρέω,ἐκ,λιπαρέω
8590,ἐκλιθόω,ἐκ,λιθάω
8591,ἐκλιθόω,ἐκ,λιθάζω
8592,ἐκλιθόω,ἐκ,λιθόομαι
8593,ἐκλιχμάομαι,ἐκ,λιχμάω
8594,ἐκλοχίζω,ἐκ,λοχίζω
8595,ἐκλυγίζω,ἐκ,λυγίζω
8596,ἐκλυσσάω,ἐκ,λυσσάω
8597,ἐκλυτρόομαι,ἐκ,λυτρόω
8598,ἐκλωτίζομαι,ἐκ,λωτίζομαι
8599,ἐκμαγεύω,ἐκ,μαγεύω
8600,ἐκμαιεύομαι,ἐκ,μαιεύομαι
8601,ἐκμαλάσσω,ἐκ,μαλάσσω
8602,ἐκμασάομαι,ἐκ,μασάομαι
8603,ἐκμαστεύω,ἐκ,μαστεύω
8604,ἐκμαστιγόω,ἐκ,μαστιγόω
8605,ἐκμειλίσσω,ἐκ,μειλίσσω
8606,ἐκμελίζω,ἐκ,μελίζω
8607,ἐκμεταλλεύω,ἐκ,μεταλλεύω
8608,ἐκμηκύνω,ἐκ,μηκύνω
8609,ἐκμηχανάομαι,ἐκ,μηχανάομαι
8610,ἐκμολύνω,ἐκ,μολύνω
8611,ἐκμορφόω,ἐκ,μορφάω
8612,ἐκμορφόω,ἐκ,μορφάζω
8613,ἐκμορφόω,ἐκ,μορφόω
8614,ἐκμοχλεύω,ἐκ,μοχλεύω
8615,ἐκμύσσομαι,ἐκ,μύσσω
8616,ἐκμύσσομαι,ἐκ,μύζω
8617,ἐκμυκάομαι,ἐκ,μυκάομαι
8618,ἐκναυσθλόω,ἐκ,ναυσθλόω
8619,ἐκνέω,ἐκ,νέω
8620,ἐκνέω,ἐκ,νεόω
8621,ἐκνεάζω,ἐκ,νεάζω
8622,ἐκνηστεύω,ἐκ,νηστεύω
8623,ἐκνοέω,ἐκ,νοέω
8624,ἐκνοσηλεύω,ἐκ,νοσηλεύω
8625,ἐκνοτίζω,ἐκ,νοτίζω
8626,ἐκνύσσω,ἐκ,νύσσω
8627,ἐκνυκτερεύομαι,ἐκ,νυκτερεύω
8628,ἐκπαφλάζω,ἐκ,παφλάζω
8629,ἐκπαίζω,ἐκ,παίζω
8630,ἐκπαιφάσσω,ἐκ,παιφάσσω
8631,ἐκπανουργέω,ἐκ,πανουργέω
8632,ἐκπαρθενεύω,ἐκ,παρθενεύω
8633,ἐκπατέω,ἐκ,πατέω
8634,ἐκπαχύνω,ἐκ,παχύνω
8635,ἐκπέσσω,ἐκ,πέσσω
8636,ἐκπελεκάω,ἐκ,πελεκάω
8637,ἐκπεραιόω,ἐκ,περαιόω
8638,ἐκπεριπορεύομαι,ἐκ,περιπορεύομαι
8639,ἐκπερισπάω,ἐκ,περισπάω
8640,ἐκπερισσεύω,ἐκ,περισσεύω
8641,ἐκπερονάω,ἐκ,περονάω
8642,ἐκπιάζω,ἐκ,πιέζω
8643,ἐκπλανάω,ἐκ,πλανάω
8644,ἐκπλατύνω,ἐκ,πλατύνω
8645,ἐκπλεονάζω,ἐκ,πλεονάζω
8646,ἐκπλεθρίζω,ἐκ,πλεθρίζω
8647,ἐκπλημμυρέω,ἐκ,πλημμυρέω
8648,ἐκπλίσσομαι,ἐκ,πλίσσομαι
8649,ἐκπλινθεύω,ἐκ,πλινθεύω
8650,ἐκποκίζω,ἐκ,ποκίζω
8651,ἐκπολίζω,ἐκ,πολίζω
8652,ἐκπολιτεύω,ἐκ,πολιτεύω
8653,ἐκπρεμνίζω,ἐκ,πρεμνίζω
8654,ἐκπτερόομαι,ἐκ,πτερόω
8655,ἐκπτίσσω,ἐκ,πτίσσω
8656,ἐκπτύσσω,ἐκ,πτύσσω
8657,ἐκπτώσσω,ἐκ,πτώσσω
8658,ἐκπυκτεύω,ἐκ,πυκτεύω
8659,ἐκπυρσεύω,ἐκ,πυρσεύω
8660,ἐκθαλαττόομαι,ἐκ,θαλασσόω
8661,ἐκθαμβέω,ἐκ,θαμβέω
8662,ἐκθαυμάζω,ἐκ,θαυμάζω
8663,ἐκθεματίζω,ἐκ,θεματίζω
8664,ἐκθηλάζω,ἐκ,θηλάζω
8665,ἐκθηρεύω,ἐκ,θηρεύω
8666,ἐκθησαυρίζω,ἐκ,θησαυρίζω
8667,ἐκθολόω,ἐκ,θολόω
8668,ἐκθορυβέω,ἐκ,θορυβέω
8669,ἐκθροέω,ἐκ,θροέω
8670,ἐκθρυλέω,ἐκ,θρυλέω
8671,ἐκθωπεύω,ἐκ,θωπεύω
8672,ἐκραπίζω,ἐκ,ῥαπίζω
8673,ἐκρινέω,ἐκ,ῥινάω
8674,ἐκροιβδέω,ἐκ,ῥοιβδέω
8675,ἐκροιζέω,ἐκ,ῥοιζέω
8676,ἐκρομβέω,ἐκ,ῥομβέω
8677,ἐκσαγηνεύω,ἐκ,σαγηνεύω
8678,ἐκσαλεύω,ἐκ,σαλεύω
8679,ἐκσαρκίζομαι,ἐκ,σαρκίζω
8680,ἐκσαρκόω,ἐκ,σαρκάω
8681,ἐκσαρκόω,ἐκ,σαρκάζω
8682,ἐκσαρκόω,ἐκ,σαρκόω
8683,ἐκσαρόω,ἐκ,σαρόω
8684,ἐκσεμνύνω,ἐκ,σεμνύνω
8685,ἐκσφενδονάω,ἐκ,σφενδονάω
8686,ἐκσηκόω,ἐκ,σηκάζω
8687,ἐκσηκόω,ἐκ,σηκόω
8688,ἐκσιωπάω,ἐκ,σιωπάω
8689,ἐκσκαλεύω,ἐκ,σκαλεύω
8690,ἐκσπογγίζω,ἐκ,σπογγίζω
8691,ἐκστάζω,ἐκ,στάζω
8692,ἐκστασιάζω,ἐκ,στασιάζω
8693,ἐκσχίζω,ἐκ,σχίζω
8694,ἐκταφρεύω,ἐκ,ταφρεύω
8695,ἐκταλαιπωρέω,ἐκ,ταλαιπωρέω
8696,ἐκταμιεύομαι,ἐκ,ταμιεύω
8697,ἐκταπεινόω,ἐκ,ταπεινόω
8698,ἐκταρβέω,ἐκ,ταρβέω
8699,ἐκτελειόω,ἐκ,τελειόω
8700,ἐκτεχνάομαι,ἐκ,τεχνάομαι
8701,ἐκτεχνολογέω,ἐκ,τεχνολογέω
8702,ἐκτιλάω,ἐκ,τιλάω
8703,ἐκτιθασεύω,ἐκ,τιθασεύω
8704,ἐκτιθηνέω,ἐκ,τιθηνέομαι
8705,ἐκτιτθεύω,ἐκ,τιτθεύω
8706,ἐκτλάω,ἐκ,τλάω
8707,ἐκτοιχωρυχέω,ἐκ,τοιχωρυχέω
8708,ἐκτοκίζω,ἐκ,τοκίζω
8709,ἐκτονίζομαι,ἐκ,τονίζω
8710,ἐκτορεύω,ἐκ,τορεύω
8711,ἐκτορνεύω,ἐκ,τορνεύω
8712,ἐκτρανόω,ἐκ,τρανόω
8713,ἐκτριαινόω,ἐκ,τριαινόω
8714,ἐκτροχάζω,ἐκ,τροχάζω
8715,ἐκτρυφάω,ἐκ,τρυφάω
8716,ἐκτρυγάω,ἐκ,τρυγάω
8717,ἐκτρυπάω,ἐκ,τρυπάω
8718,ἐκτυφόω,ἐκ,τυφόω
8719,ἐκτυλίσσω,ἐκ,τυλίσσω
8720,ἐκτυλόω,ἐκ,τυλόω
8721,ἐκτυπέω,ἐκ,τύπτω
8722,ἐκχαλκεύω,ἐκ,χαλκεύω
8723,ἐκχαράσσω,ἐκ,χαράσσω
8724,ἐκχερσεύω,ἐκ,χερσεύω
8725,ἐκχιλόω,ἐκ,χιλόω
8726,ἐκχλευάζω,ἐκ,χλευάζω
8727,ἐκχολάω,ἐκ,χολάω
8728,ἐκχολόω,ἐκ,χολάω
8729,ἐκχολόω,ἐκ,χολόω
8730,ἐκχρησμῳδέω,ἐκ,χρησμῳδέω
8731,ἐκχρυσόομαι,ἐκ,χρυσόω
8732,ἐκχυτρίζω,ἐκ,χυτρίζω
8733,ἐκχωνεύω,ἐκ,χοανεύω
8734,ἐκχωνεύω,ἐκ,χωνεύω
8735,ἐκχωρίζω,ἐκ,χωρίζω
8736,ἐκψωμίζω,ἐκ,ψωμίζω
8737,ἐλλαλέω,ἐν,λαλέω
8738,ἐλληκέω,ἐν,ληκέω
8739,ἐλλοχάω,ἐν,λοχάω
8740,ἐλλωβάομαι,ἐν,λωβάομαι
8741,ἐμβαδίζω,ἐν,βαδίζω
8742,ἐμβαθύνω,ἐν,βαθύνω
8743,ἐμβασανίζω,ἐν,βασανίζω
8744,ἐμβαστάζω,ἐν,βαστάζω
8745,ἐμβατέω,ἐν,βατέω
8746,ἐμβεβαιόομαι,ἐν,βεβαιόω
8747,ἐμβλακεύομαι,ἐν,βλακεύω
8748,ἐμβομβέω,ἐν,βομβέω
8749,ἐμβουκολέω,ἐν,βουκολέω
8750,ἐμβράσσω,ἐν,βράσσω
8751,ἐμβράσσω,ἐν,βράζω
8752,ἐμβροχίζω,ἐν,βροχίζω
8753,ἐμβυθίζω,ἐν,βυθίζω
8754,ἐμβυρσόω,ἐν,βυρσόω
8755,ἐμφαντάζομαι,ἐν,φαντάζομαι
8756,ἐμφαρμάσσω,ἐν,φαρμάσσω
8757,ἐμφιληδέω,ἐν,φιληδέω
8758,ἐμφιλοδοξέω,ἐν,φιλοδοξέω
8759,ἐμφιλοκαλέω,ἐν,φιλοκαλέω
8760,ἐμφιλοσοφέω,ἐν,φιλοσοφέω
8761,ἐμφιλοτεχνέω,ἐν,φιλοτεχνέω
8762,ἐμφλάω,ἐν,φλάω
8763,ἐμφοβέω,ἐν,φοβέω
8764,ἐμφοιτάω,ἐν,φοιτάω
8765,ἐμφονεύω,ἐν,φονεύω
8766,ἐμφορτίζομαι,ἐν,φορτίζω
8767,ἐμφρονέω,ἐν,φρονέω
8768,ἐμφυτεύω,ἐν,φυτεύω
8769,ἐμφωλεύω,ἐν,φωλεύω
8770,ἐμφωνέομαι,ἐν,φωνέω
8771,ἐμματέω,ἐν,ματάω
8772,ἐμματέω,ἐν,ματέω
8773,ἐμμερίζομαι,ἐν,μερίζω
8774,ἐμμεστόομαι,ἐν,μεστόω
8775,ἐμμετεωρίζομαι,ἐν,μετεωρίζω
8776,ἐμμετρέω,ἐν,μετρέω
8777,ἐμμογέω,ἐν,μογέω
8778,ἐμμολύνω,ἐν,μολύνω
8779,ἐμπαιδεύω,ἐν,παιδεύω
8780,ἐμπαιδοτριβέομαι,ἐν,παιδοτριβέω
8781,ἐμπαιδοτροφέομαι,ἐν,παιδοτροφέω
8782,ἐμπαρασκευάζω,ἐν,παρασκευάζω
8783,ἐμπαρρησιάζομαι,ἐν,παρρησιάζομαι
8784,ἐμπαταγέω,ἐν,πατάσσω
8785,ἐμπαταγέω,ἐν,παταγέω
8786,ἐμπεδέω,ἐν,μέτειμι
8787,ἐμπεδέω,ἐν,πεδάω
8788,ἐμπειράομαι,ἐν,πειράω
8789,ἐμπειράζω,ἐν,πειράζω
8790,ἐμπειρέω,ἐν,πειράω
8791,ἐμπελαγίζω,ἐν,πελαγίζω
8792,ἐμπερινοέω,ἐν,περινοέω
8793,ἐμπεριπλέω,ἐν,περιπλέω
8794,ἐμπεριποιέω,ἐν,περιποιέω
8795,ἐμπερκάζω,ἐν,περκάζω
8796,ἐμπερονάω,ἐν,περονάω
8797,ἐμπερπερεύομαι,ἐν,περπερεύομαι
8798,ἐμπιλέομαι,ἐν,πιλέω
8799,ἐμπλάζω,ἐν,πλάζω
8800,ἐμπλανάομαι,ἐν,πλανάω
8801,ἐμπλεονάζω,ἐν,πλεονάζω
8802,ἐμπλημμυρέω,ἐν,πλημμυρέω
8803,ἐμπολεμέω,ἐν,πολεμέω
8804,ἐμπολεμόω,ἐν,πολεμόω
8805,ἐμπολίζω,ἐν,πολίζω
8806,ἐμπολιορκέω,ἐν,πολιορκέω
8807,ἐμπονέω,ἐν,πονέω
8808,ἐμπορίζομαι,ἐν,πορίζω
8809,ἐμπτίσσω,ἐν,πτίσσω
8810,ἐμπτοέω,ἐν,πτοέω
8811,ἐμπυρόω,ἐν,πυρόω
8812,ἐμπυρσεύω,ἐν,πυρσεύω
8813,ἐμπωλέω,ἐν,πωλέω
8814,ἐμψάω,ἐν,ψάω
8815,ἐμψηφίζω,ἐν,ψηφίζω
8816,ἐμψοφέω,ἐν,ψοφέω
8817,ἐναδημονέω,ἐν,ἀδημονέω
8818,ἐναδολεσχέω,ἐν,ἀδολεσχέω
8819,ἐναφανίζω,ἐν,ἀφανίζω
8820,ἐναφροδισιάζω,ἐν,ἀφροδισιάζω
8821,ἐναγκωνίζω,ἐν,ἀγκωνίζω
8822,ἐναγρυπνέω,ἐν,ἀγρυπνέω
8823,ἐναΐσσω,ἐν,ἀίσσω
8824,ἐναικίζω,ἐν,αἰκίζω
8825,ἐναιμάσσω,ἐν,αἱμάσσω
8826,ἐναιματόω,ἐν,αἱματόω
8827,ἐναιρέω,ἐν,αἱρέω
8828,ἐναισχύνομαι,ἐν,αἰσχύνω
8829,ἐναιτέω,ἐν,αἰτέω
8830,ἐνακέομαι,ἐν,ἀκέομαι
8831,ἐνακμάζω,ἐν,ἀκμάζω
8832,ἐνακοντίζω,ἐν,ἀκοντίζω
8833,ἐναλινδέομαι,ἐν,ἀλινδέω
8834,ἐναλλοιόω,ἐν,ἀλλοιόω
8835,ἐναμάομαι,ἐν,ἀμάω
8836,ἐναμιλλάομαι,ἐν,ἁμιλλάομαι
8837,ἐνανειλέω,ἐν,ἀνείλω
8838,ἐνανθέω,ἐν,ἀνατίθημι
8839,ἐνανθέω,ἐν,ἀνθέω
8840,ἐναντιόω,ἐν,ἀντιάω
8841,ἐναντιόω,ἐν,ἀντιάζω
8842,ἐναντιολογέω,ἐν,ἀντιολογέω
8843,ἐναντλέω,ἐν,ἀνατλῆναι
8844,ἐναντλέω,ἐν,ἀντλέω
8845,ἐναπασχολέω,ἐν,ἀπασχολέω
8846,ἐναπειλέω,ἐν,ἀπείλω
8847,ἐναπειλέω,ἐν,ἀπειλέω
8848,ἐναπεργάζομαι,ἐν,ἀπεργάζομαι
8849,ἐναποδέω,ἐν,ἀποδέω
8850,ἐναποικοδομέω,ἐν,ἀποικοδομέω
8851,ἐναποκινδυνεύω,ἐν,ἀποκινδυνεύω
8852,ἐναποκλύζω,ἐν,ἀποκλύζω
8853,ἐναπολογίζομαι,ἐν,ἀπολογίζομαι
8854,ἐναπομάσσω,ἐν,ἀπομάσσω
8855,ἐναποπατέω,ἐν,ἀποπατέω
8856,ἐναποθησαυρίζω,ἐν,ἀποθησαυρίζω
8857,ἐναπορέω,ἐν,ἀπορέω
8858,ἐναπορέω,ἐν,ἀπορρέω
8859,ἐναποσφραγίζω,ἐν,ἀποσφραγίζω
8860,ἐναποσπάω,ἐν,ἀποσπάω
8861,ἐναποστάζω,ἐν,ἀποστάζω
8862,ἐναποστηρίζομαι,ἐν,ἀποστηρίζομαι
8863,ἐναποτελέω,ἐν,ἀποτελέω
8864,ἐναποτιμάω,ἐν,ἀποτιμάω
8865,ἐναποτυπόομαι,ἐν,ἀποτυπόομαι
8866,ἐναποψάω,ἐν,ἀποψάω
8867,ἐναθλέω,ἐν,ἀθλέω
8868,ἐναθρέω,ἐν,ἀθρέω
8869,ἐναράομαι,ἐν,ἀράομαι
8870,ἐναράσσω,ἐν,ἀράσσω
8871,ἐναρδεύω,ἐν,ἀρδεύω
8872,ἐναργυρίζω,ἐν,ἀργυρίζω
8873,ἐναργυρόω,ἐν,ἀργυρόω
8874,ἐναριστάω,ἐν,ἀριστάω
8875,ἐναρκέω,ἐν,ἀρκέω
8876,ἐναρθρόομαι,ἐν,ἀρθρόω
8877,ἐναρτάω,ἐν,ἀρτάω
8878,ἐνασεβέω,ἐν,ἀσεβέω
8879,ἐνασμενίζω,ἐν,ἀσμενίζω
8880,ἐνασπάζομαι,ἐν,ἀσπάζομαι
8881,ἐνασθενέω,ἐν,ἀσθενέω
8882,ἐνασχολέομαι,ἐν,ἀσχολέω
8883,ἐνατρεμέω,ἐν,ἀτρεμέω
8884,ἐναυγάζω,ἐν,αὐγάζω
8885,ἐναυχέω,ἐν,αὐχέω
8886,ἐνδαμάζω,ἐν,δαμάζω
8887,ἐνδαψιλεύομαι,ἐν,δαψιλεύομαι
8888,ἐνδεκάζω,ἐν,δεκάζω
8889,ἐνδημιουργέω,ἐν,δημιουργέω
8890,ἐνδιαλλάσσω,ἐν,διαλλάσσω
8891,ἐνδιασκευάζω,ἐν,διασκευάζω
8892,ἐνδιαυγέω,ἐν,διαυγάζω
8893,ἐνδικάζομαι,ἐν,δικάζω
8894,ἐνδιορθόομαι,ἐν,διορθόω
8895,ἐνδιπλασιάζω,ἐν,διπλασιάζω
8896,ἐνδιπλόω,ἐν,διπλάζω
8897,ἐνδιπλόω,ἐν,διπλόω
8898,ἐνδοξάζομαι,ἐν,δοξάζω
8899,ἐνδοξοκοπέω,ἐν,δοξοκοπέω
8900,ἐνδράσσομαι,ἐν,δράσσομαι
8901,ἐνεαρίζω,ἐν,ἐαρίζω
8902,ἐνεξεμέω,ἐν,ἐξεμέω
8903,ἐνεξουσιάζω,ἐν,ἐξουσιάζω
8904,ἐνεικονίζω,ἐν,εἰκονίζω
8905,ἐνειρωνεύομαι,ἐν,εἰρωνεύομαι
8906,ἐνεκπλύνω,ἐν,ἐκπλύνω
8907,ἐνεμπορεύομαι,ἐν,ἐμπορεύομαι
8908,ἐνεπηρεάζω,ἐν,ἐπηρεάζω
8909,ἐνεπιδημέω,ἐν,ἐπιδημέω
8910,ἐνεθίζω,ἐν,ἐθίζω
8911,ἐνεστιάομαι,ἐν,ἑστιάω
8912,ἐνευεργετέω,ἐν,εὐεργετέω
8913,ἐνευημερέω,ἐν,εὐημερέω
8914,ἐνευκαιρέω,ἐν,εὐκαιρέω
8915,ἐνευνάζομαι,ἐν,εὐνάζω
8916,ἐνευπαθέω,ἐν,εὐπαθέω
8917,ἐνευθηνέομαι,ἐν,εὐθηνέω
8918,ἐνευστομέω,ἐν,εὐστομέω
8919,ἐνευσχημονέω,ἐν,εὐσχημονέω
8920,ἐνευσχολέω,ἐν,εὐσχολέω
8921,ἐνευτυχέω,ἐν,εὐτυχέω
8922,ἐνευωχέομαι,ἐν,εὐωχέω
8923,ἐνηβάω,ἐν,ἡβάω
8924,ἐνηλιόομαι,ἐν,ἡλιόομαι
8925,ἐνημερεύω,ἐν,ἡμερεύω
8926,ἐνηρεμέω,ἐν,ἠρεμέω
8927,ἐνησυχάζω,ἐν,ἡσυχάζω
8928,ἐνηχέω,ἐν,ἠχέω
8929,ἐνικνέομαι,ἐν,ἱκνέομαι
8930,ἐνιοβολέω,ἐν,ἰοβολέω
8931,ἐνιππομαχέω,ἐν,ἱππομαχέω
8932,ἐνιθρέομαι,ἐν,θρέομαι
8933,ἐνιθρέομαι,ἐν,θρέω
8934,ἐνιθρίζομαι,ἐν,θερίζω
8935,ἐνιθρίζομαι,ἐν,θρίζω
8936,ἐνιθριάζομαι,ἐν,θριάζω
8937,ἐνιθύνω,ἐν,ἰθύνω
8938,ἐνιθύνω,ἐν,θύνω
8939,ἐνισόω,ἐν,ἰσάζω
8940,ἐνισόω,ἐν,ἰσόω
8941,ἐνισχυρίζομαι,ἐν,ἰσχυρίζομαι
8942,ἐνιψάω,ἐν,ψάω
8943,ἐνιψηφίζομαι,ἐν,ψηφίζομαι
8944,ἐνιψηφίζομαι,ἐν,ψηφίζω
8945,ἐνναυλοχέομαι,ἐν,ναυλοχέω
8946,ἐνναυμαχέω,ἐν,ναυμαχέω
8947,ἐννέω,ἐν,νέω
8948,ἐννέω,ἐν,νεόω
8949,ἐννεάζω,ἐν,νεάζω
8950,ἐννεκρόομαι,ἐν,νεκρόω
8951,ἐννεόω,ἐν,νεάω
8952,ἐννεόω,ἐν,νεάζω
8953,ἐννεόω,ἐν,νεόω
8954,ἐννεοσσεύω,ἐν,νεοσσεύω
8955,ἐννοσσεύω,ἐν,νοσσεύω
8956,ἐννυκτερεύω,ἐν,νυκτερεύω
8957,ἐννωτίζομαι,ἐν,νωτίζω
8958,ἐνοφθαλμιάω,ἐν,ὀφθαλμιάω
8959,ἐνοιδέω,ἐν,οἰδέω
8960,ἐνοικειόω,ἐν,οἰκειόω
8961,ἐνοκλάζω,ἐν,ὀκλάζω
8962,ἐνομματόω,ἐν,ὀμματόω
8963,ἐνοπλίζω,ἐν,ὁπλίζω
8964,ἐνοπτρίζω,ἐν,ὀπτρίζω
8965,ἐνορκίζομαι,ἐν,ὁρκίζω
8966,ἐνορκόω,ἐν,ὁρκόω
8967,ἐνορμάω,ἐν,ὁρμάω
8968,ἐνορμέω,ἐν,ὁρμάω
8969,ἐνορμέω,ἐν,ὁρμέω
8970,ἐνορθιάζω,ἐν,ὀρθιάζω
8971,ἐνορύσσω,ἐν,ὀρύσσω
8972,ἐνορχέομαι,ἐν,ὀρχέομαι
8973,ἐνουρέω,ἐν,οὐρέω
8974,ἐνθαλασσεύω,ἐν,θαλασσεύω
8975,ἐνθανατόω,ἐν,θανατάω
8976,ἐνθανατόω,ἐν,θανατόω
8977,ἐνθεάομαι,ἐν,θεάομαι
8978,ἐνθεματίζω,ἐν,θεματίζω
8979,ἐνθεόομαι,ἐν,θεόω
8980,ἐνθερίζω,ἐν,θερίζω
8981,ἐνθεωρέω,ἐν,θεωρέω
8982,ἐνθορυβέω,ἐν,θορυβέω
8983,ἐνθράσσω,ἐν,θράσσω
8984,ἐνθρηνέω,ἐν,θρηνέω
8985,ἐνθριόω,ἐν,θριάζω
8986,ἐνθυσιάζω,ἐν,θυσιάζω
8987,ἐνράσσω,ἐν,ἀράσσω
8988,ἐνράσσω,ἐν,ῥαίνω
8989,ἐνράσσω,ἐν,ῥήγνυμι
8990,ἐνρήσσω,ἐν,ῥήγνυμι
8991,ἐνρητορεύω,ἐν,ῥητορεύω
8992,ἐνσαλπίζω,ἐν,σαλπίζω
8993,ἐνσαρόομαι,ἐν,σαρόω
8994,ἐνσεμνύνομαι,ἐν,σεμνύνω
8995,ἐνσφαιρόω,ἐν,σφαιρόω
8996,ἐνσφηκόομαι,ἐν,σφηκόω
8997,ἐνσιτέομαι,ἐν,σιτέομαι
8998,ἐνσκηνοβατέομαι,ἐν,σκηνοβατέω
8999,ἐνσκιατροφέομαι,ἐν,σκιατροφέω
9000,ἐνσοβέω,ἐν,σοβέω
9001,ἐνσοφιστεύω,ἐν,σοφιστεύω
9002,ἐνσπαθάω,ἐν,σπαθάω
9003,ἐνσπαργανόω,ἐν,σπαργανόω
9004,ἐνσπειράομαι,ἐν,σπειράομαι
9005,ἐνσπουδάζω,ἐν,σπουδάζω
9006,ἐνστηλόω,ἐν,στηλόω
9007,ἐνστίζομαι,ἐν,στίζω
9008,ἐνστοιβάζω,ἐν,στοιβάζω
9009,ἐνστομίζω,ἐν,στομίζω
9010,ἐνστρωφάομαι,ἐν,στρωφάω
9011,ἐνσωρεύω,ἐν,σωρεύω
9012,ἐνσχηματίζω,ἐν,σχηματίζω
9013,ἐνσχίζω,ἐν,σχίζω
9014,ἐνσχολάζω,ἐν,σχολάζω
9015,ἐνταλαιπωρέομαι,ἐν,ταλαιπωρέω
9016,ἐνταράσσω,ἐν,ταράσσω
9017,ἐνταριχεύω,ἐν,ταριχεύω
9018,ἐντεμενίζω,ἐν,τεμενίζω
9019,ἐντεχνάζω,ἐν,τεχνάζω
9020,ἐντηρέω,ἐν,τηρέω
9021,ἐντινάσσω,ἐν,τινάσσω
9022,ἐντολμάομαι,ἐν,τολμάω
9023,ἐντοπίζω,ἐν,τοπίζω
9024,ἐντορνεύω,ἐν,τορνεύω
9025,ἐντριτωνίζω,ἐν,τριτωνίζω
9026,ἐντροπόω,ἐν,τροπόω
9027,ἐντροχάζω,ἐν,τροχάζω
9028,ἐντρυγάω,ἐν,τρυγάω
9029,ἐντυφλόω,ἐν,τυφλόω
9030,ἐντυμβεύω,ἐν,τυμβεύω
9031,ἐντυραννέομαι,ἐν,τυραννεύω
9032,ἐντυρεύω,ἐν,τυρεύω
9033,ἐντυρόω,ἐν,τυρόω
9034,ἐνυφίζω,ἐν,ὑφεῖσα
9035,ἐνυπτιάζω,ἐν,ὑπτιάζω
9036,ἐνυψόω,ἐν,ὑψόω
9037,ἐνζάω,ἐν,ζάω
9038,ἐνζέω,ἐν,ζέω
9039,ἐνζωγραφέω,ἐν,ζωγραφέω
9040,ἐπαφανίζω,ἐπί,ἀφανίζω
9041,ἐπαγκαλίζομαι,ἐπί,ἀγκαλίζομαι
9042,ἐπαγκυλέω,ἐπί,ἀγκυλάω
9043,ἐπαγκυλίζομαι,ἐπί,ἀγκυλίζομαι
9044,ἐπαγοράζω,ἐπί,ἀγοράζω
9045,ἐπαγορεύω,ἐπί,ἀγορεύω
9046,ἐπαγχάζομαι,ἐπί,ἀναχάζω
9047,ἐπαιθύσσω,ἐπί,αἰθύσσω
9048,ἐπακέομαι,ἐπί,ἀκέομαι
9049,ἐπακονάω,ἐπί,ἀκονάω
9050,ἐπακοντίζω,ἐπί,ἀκοντίζω
9051,ἐπακριβόω,ἐπί,ἀκριβόω
9052,ἐπακροάομαι,ἐπί,ἀκροάομαι
9053,ἐπαλαζονεύομαι,ἐπί,ἀλαζονεύομαι
9054,ἐπαλετρεύω,ἐπί,ἀλετρεύω
9055,ἐπαλφιτόω,ἐπί,ἀλφιτόω
9056,ἐπαλγύνω,ἐπί,ἀλγύνω
9057,ἐπαλινδέομαι,ἐπί,ἀλινδέω
9058,ἐπαμβλύνω,ἐπί,ἀμβλύνω
9059,ἐπαμφισβητέω,ἐπί,ἀμφισβητέω
9060,ἐπανακαινίζω,ἐπί,ἀνακαινίζω
9061,ἐπανακαινόω,ἐπί,ἀνακαινόω
9062,ἐπανακεφαλαιόομαι,ἐπί,ἀνακεφαλαιόω
9063,ἐπανακοινόω,ἐπί,ἀνακοινόω
9064,ἐπανακομίζω,ἐπί,ἀνακομίζω
9065,ἐπανακράζω,ἐπί,ἀνακράζω
9066,ἐπανακυκλέω,ἐπί,ἀνακυκλέω
9067,ἐπανανεάζω,ἐπί,ἀνανεάζω
9068,ἐπαναπλάσσω,ἐπί,ἀναπλάσσω
9069,ἐπαναπληρόω,ἐπί,ἀναπληρόω
9070,ἐπαναπνέω,ἐπί,ἀναπνέω
9071,ἐπαναποδίζω,ἐπί,ἀναποδίζω
9072,ἐπαναπολέω,ἐπί,ἀναπολέω
9073,ἐπανασχίζω,ἐπί,ἀνασχίζω
9074,ἐπανδδιπλόω,ἐπί,ἀναδιπλόομαι
9075,ἐπανειλέω,ἐπί,ἀνείλω
9076,ἐπανιάομαι,ἐπί,ἀνιάομαι
9077,ἐπανιάομαι,ἐπί,ἀνιάω
9078,ἐπανθρακίζω,ἐπί,ἀνθρακίζω
9079,ἐπανθρακόομαι,ἐπί,ἀνθρακόω
9080,ἐπαποικίζω,ἐπί,ἀποικίζω
9081,ἐπαπολογέομαι,ἐπί,ἀπολογέομαι
9082,ἐπαπορέω,ἐπί,ἀπορέω
9083,ἐπαπορέω,ἐπί,ἀπορρέω
9084,ἐπαποσφάζω,ἐπί,ἀποσφάζω
9085,ἐπαθρέω,ἐπί,ἀθρέω
9086,ἐπαργυρόομαι,ἐπί,ἀργυρόω
9087,ἐπαριθμέω,ἐπί,ἀριθμέω
9088,ἐπαρνέομαι,ἐπί,ἀρνέομαι
9089,ἐπαρτίζω,ἐπί,ἀρτίζω
9090,ἐπασπιδόομαι,ἐπί,ἀσπιδόομαι
9091,ἐπασπιδόομαι,ἐπί,ἀσπιδόω
9092,ἐπατενίζω,ἐπί,ἀτενίζω
9093,ἐπατρεμέω,ἐπί,ἀτρεμέω
9094,ἐπαυτομολέω,ἐπί,αὐτομολέω
9095,ἐπαυχμέω,ἐπί,αὐχμέω
9096,ἐπεξαπατάω,ἐπί,ἐξαπατάω
9097,ἐπεξαρκέω,ἐπί,ἐξαρκέω
9098,ἐπεξαρτίζω,ἐπί,ἐξαρτίζω
9099,ἐπεξετάζω,ἐπί,ἐξετάζω
9100,ἐπεξοιωνίζομαι,ἐπί,ἐξοιωνίζομαι
9101,ἐπεξορκίζω,ἐπί,ἐξορκίζω
9102,ἐπεξορύσσω,ἐπί,ἐξορύσσω
9103,ἐπεγγυάω,ἐπί,ἐγγυάω
9104,ἐπεγκαλέω,ἐπί,ἐγκαλέω
9105,ἐπεγκανάσσω,ἐπί,ἐγκανάσσω
9106,ἐπεγκλάω,ἐπί,ἐνικλάω
9107,ἐπεγκυκλέω,ἐπί,ἐγκυκλέομαι
9108,ἐπειλέω,ἐπί,εἴλω
9109,ἐπειρωνεύομαι,ἐπί,εἰρωνεύομαι
9110,ἐπεισβιάζομαι,ἐπί,εἰσβιάζομαι
9111,ἐπεισφοιτάω,ἐπί,εἰσφοιτάω
9112,ἐπεισφορέω,ἐπί,εἰσφορέω
9113,ἐπεισηγέομαι,ἐπί,εἰσηγέομαι
9114,ἐπεισκαλέω,ἐπί,εἰσκαλέω
9115,ἐπεισκομίζω,ἐπί,εἰσκομίζω
9116,ἐπεισπνέω,ἐπί,εἰσπνέω
9117,ἐπεισχέω,ἐπί,εἰσχέω
9118,ἐπεκβοάω,ἐπί,ἐκβοάω
9119,ἐπεκδικέω,ἐπί,ἐκδικέω
9120,ἐπελαφρύνω,ἐπί,ἐλαφρύνω
9121,ἐπελευθεριάζω,ἐπί,ἐλευθεριάζω
9122,ἐπεννοέω,ἐπί,ἐννοέω
9123,ἐπενθυμέομαι,ἐπί,ἐνθυμέομαι
9124,ἐπεντρυφάω,ἐπί,ἐντρυφάω
9125,ἐπεθίζομαι,ἐπί,ἐθίζω
9126,ἐπευάζω,ἐπί,εὐάζω
9127,ἐπευδοκέω,ἐπί,εὐδοκέω
9128,ἐπευλαβέομαι,ἐπί,εὐλαβέομαι
9129,ἐπευλογέω,ἐπί,εὐλογέω
9130,ἐπευνάζω,ἐπί,εὐνάζω
9131,ἐπευθυμέω,ἐπί,εὐθυμέω
9132,ἐπευσχημονέω,ἐπί,εὐσχημονέω
9133,ἐπευωχέομαι,ἐπί,εὐωχέω
9134,ἐπηρεμέω,ἐπί,ἠρεμέω
9135,ἐπησυχάζω,ἐπί,ἡσυχάζω
9136,ἐπιάομαι,ἐπί,ἰάομαι
9137,ἐπιβαπτίζω,ἐπί,βαπτίζω
9138,ἐπιβεβαιόω,ἐπί,βεβαιόω
9139,ἐπιβιάζομαι,ἐπί,βιάζω
9140,ἐπιβλασφημέω,ἐπί,βλασφημέω
9141,ἐπιβριμάομαι,ἐπί,βριμάομαι
9142,ἐπιβρομέω,ἐπί,βρομέω
9143,ἐπιβροχέω,ἐπί,βρόχω
9144,ἐπιβρυχάομαι,ἐπί,βρυχάομαι
9145,ἐπιβρωμάομαι,ἐπί,βρωμάομαι
9146,ἐπιξανθίζω,ἐπί,ξανθίζω
9147,ἐπιξέω,ἐπί,ξέω
9148,ἐπιξέω,ἐπί,ἵκω
9149,ἐπιξυράω,ἐπί,ξυρέω
9150,ἐπιδαπανάω,ἐπί,δαπανάω
9151,ἐπιδεξιόομαι,ἐπί,δεξιόομαι
9152,ἐπιδεινοπαθέω,ἐπί,δεινοπαθέω
9153,ἐπιδελεάζομαι,ἐπί,δελεάζω
9154,ἐπιδημηγορέω,ἐπί,δημηγορέω
9155,ἐπιδημιουργέω,ἐπί,δημιουργέω
9156,ἐπιδιακινδυνεύω,ἐπί,διακινδυνεύω
9157,ἐπιδιακλύζω,ἐπί,διακλύζω
9158,ἐπιδιακονέω,ἐπί,διακονέω
9159,ἐπιδιαλλάσσω,ἐπί,διαλλάσσω
9160,ἐπιδιανοέομαι,ἐπί,διανοέομαι
9161,ἐπιδιαπλέω,ἐπί,διαπλέω
9162,ἐπιδιαρθρόω,ἐπί,διαρθρόω
9163,ἐπιδιαρρέω,ἐπί,διαρρέω
9164,ἐπιδιασαφέω,ἐπί,διασαφέω
9165,ἐπιδιασκευάζω,ἐπί,διασκευάζω
9166,ἐπιδιασκοπέω,ἐπί,διασκοπέω
9167,ἐπιδιασχίζω,ἐπί,διασχίζω
9168,ἐπιδιηγέομαι,ἐπί,διηγέομαι
9169,ἐπιδικέω,ἐπί,δικέω
9170,ἐπιδιπλασιάζω,ἐπί,διπλασιάζω
9171,ἐπιδιπλόω,ἐπί,διπλάζω
9172,ἐπιδιπλόω,ἐπί,διπλόω
9173,ἐπιδισκεύω,ἐπί,δισκεύω
9174,ἐπιδιστάζω,ἐπί,διστάζω
9175,ἐπιδοξάζω,ἐπί,δοξάζω
9176,ἐπιδοκέω,ἐπί,δοκάω
9177,ἐπιδοκέω,ἐπί,δοκέω
9178,ἐπιδονέω,ἐπί,δονέω
9179,ἐπιδουλεύω,ἐπί,δουλεύω
9180,ἐπιδράω,ἐπί,δράω
9181,ἐπιδυσφημέω,ἐπί,δυσφημέω
9182,ἐπιδωμάω,ἐπί,δωμάω
9183,ἐπιδωρέομαι,ἐπί,δωρέω
9184,ἐπιφαιδρύνω,ἐπί,φαιδρύνω
9185,ἐπιφαρμάσσω,ἐπί,φαρμάσσω
9186,ἐπιφαυλίζω,ἐπί,φαυλίζω
9187,ἐπιφιλοτιμέομαι,ἐπί,φιλοτιμέομαι
9188,ἐπιφλεύω,ἐπί,φλεύω
9189,ἐπιφοινίσσω,ἐπί,φοινίσσω
9190,ἐπιφονεύω,ἐπί,φονεύω
9191,ἐπιφορτίζω,ἐπί,φορτίζω
9192,ἐπιφυλάσσω,ἐπί,φυλάσσω
9193,ἐπιφυλάσσω,ἐπί,φυλάζω
9194,ἐπιφωτίζω,ἐπί,φωτίζω
9195,ἐπιγανόω,ἐπί,γανάω
9196,ἐπιγανόω,ἐπί,γανόω
9197,ἐπιγεισόω,ἐπί,γεισόω
9198,ἐπιγειτνιάω,ἐπί,γειτνιάω
9199,ἐπιγεμίζω,ἐπί,γεμίζω
9200,ἐπιγεννάω,ἐπί,γεννάω
9201,ἐπιγεύομαι,ἐπί,γεύω
9202,ἐπιγεωργέω,ἐπί,γεωργέω
9203,ἐπιγογγύζω,ἐπί,γογγύζω
9204,ἐπιγομφόω,ἐπί,γομφόω
9205,ἐπιγυμνάζω,ἐπί,γυμνάζω
9206,ἐπιγυμνόω,ἐπί,γυμνάζω
9207,ἐπιγυμνόω,ἐπί,γυμνόω
9208,ἐπικαγχάζω,ἐπί,καγχάζω
9209,ἐπικαγχαλάω,ἐπί,καγχαλάω
9210,ἐπικαινίζω,ἐπί,καινίζω
9211,ἐπικαινουργέω,ἐπί,καινουργέω
9212,ἐπικαλλύνω,ἐπί,καλλύνω
9213,ἐπικαθηλόω,ἐπί,καθηλόω
9214,ἐπικαθικνέομαι,ἐπί,καθικνέομαι
9215,ἐπικαθοράω,ἐπί,καθοράω
9216,ἐπικαρπίζομαι,ἐπί,καρπίζω
9217,ἐπικαταδέω,ἐπί,καταδέω
9218,ἐπικαταιγίζω,ἐπί,καταιγίζω
9219,ἐπικατακλάω,ἐπί,κατακλάω
9220,ἐπικατακλάω,ἐπί,κατακλαίω
9221,ἐπικατακοιμίζομαι,ἐπί,κατακοιμίζω
9222,ἐπικατακολουθέω,ἐπί,κατακολουθέω
9223,ἐπικαταμωκάομαι,ἐπί,καταμωκάομαι
9224,ἐπικαταπάσσω,ἐπί,καταπάσσω
9225,ἐπικαταπηδάω,ἐπί,καταπηδάω
9226,ἐπικαταπλάσσω,ἐπί,καταπλάσσω
9227,ἐπικαταπλάσσω,ἐπί,καταπλήσσω
9228,ἐπικαταπλέω,ἐπί,καταπλέω
9229,ἐπικαταπνέω,ἐπί,καταπνέω
9230,ἐπικαταθέω,ἐπί,καταθέω
9231,ἐπικαταθέω,ἐπί,κατατίθημι
9232,ἐπικαταράομαι,ἐπί,καταράομαι
9233,ἐπικατασκευάζω,ἐπί,κατασκευάζω
9234,ἐπικατασκοπέω,ἐπί,κατασκοπέω
9235,ἐπικατασπάω,ἐπί,κατασπάω
9236,ἐπικαταχέω,ἐπί,καταχεύω
9237,ἐπικαταχέω,ἐπί,κατηχέω
9238,ἐπικαταψάω,ἐπί,καταψάω
9239,ἐπικατεργάζομαι,ἐπί,κατεργάζομαι
9240,ἐπικατοικέω,ἐπί,κατοικέω
9241,ἐπικατορθόω,ἐπί,κατορθόω
9242,ἐπικατορύσσομαι,ἐπί,κατορύσσω
9243,ἐπικαχλάζω,ἐπί,καχλάζω
9244,ἐπικεντρόομαι,ἐπί,κεντρόω
9245,ἐπικηδεύω,ἐπί,κηδεύω
9246,ἐπικηρόω,ἐπί,κηρόομαι
9247,ἐπικινέω,ἐπί,κινέω
9248,ἐπικιρνάω,ἐπί,κιρνάω
9249,ἐπικλάζω,ἐπί,κλάζω
9250,ἐπικλονέω,ἐπί,κλονέω
9251,ἐπικοιμίζω,ἐπί,κοιμίζω
9252,ἐπικοιτάζομαι,ἐπί,κοιτάζω
9253,ἐπικοιτέω,ἐπί,κοιτέω
9254,ἐπικολπόω,ἐπί,κολπόω
9255,ἐπικομάω,ἐπί,κομάω
9256,ἐπικομίζω,ἐπί,κομίζω
9257,ἐπικομμόω,ἐπί,κομμόω
9258,ἐπικομψεύω,ἐπί,κομψεύω
9259,ἐπικονέω,ἐπί,κονέω
9260,ἐπικονιάω,ἐπί,κονιάω
9261,ἐπικοπρίζω,ἐπί,κοπρίζω
9262,ἐπικοτέω,ἐπί,κοτέω
9263,ἐπικοτταβίζω,ἐπί,κοτταβίζω
9264,ἐπικραδάω,ἐπί,κραδάω
9265,ἐπικρατύνω,ἐπί,κρατύνω
9266,ἐπικραυγάζω,ἐπί,κραυγάζω
9267,ἐπικροταλίζω,ἐπί,κροταλίζω
9268,ἐπικτίζω,ἐπί,κτίζω
9269,ἐπικυδιάω,ἐπί,κυδιάω
9270,ἐπικυέω,ἐπί,κυέω
9271,ἐπικυκλόω,ἐπί,κυκλόω
9272,ἐπικυλινδέω,ἐπί,κυλινδέω
9273,ἐπικυνέω,ἐπί,κυνάω
9274,ἐπικυνέω,ἐπί,κυνέω
9275,ἐπιλαφύσσω,ἐπί,λαφύσσω
9276,ἐπιλαλέω,ἐπί,λαλέω
9277,ἐπιλιπαρέω,ἐπί,λιπαρέω
9278,ἐπιλιχνεύω,ἐπί,λιχνεύω
9279,ἐπιλλόω,ἐπί,λάω
9280,ἐπιλοιδορέω,ἐπί,λοιδορέω
9281,ἐπιλύζω,ἐπί,λύζω
9282,ἐπιμαιμάω,ἐπί,μαιμάω
9283,ἐπιμαντεύομαι,ἐπί,μαντεύομαι
9284,ἐπιμασάομαι,ἐπί,μασάομαι
9285,ἐπιμαστεύω,ἐπί,μαστεύω
9286,ἐπιμειλίσσομαι,ἐπί,μειλίσσω
9287,ἐπιμελῳδέω,ἐπί,μελῳδέω
9288,ἐπιμερίζω,ἐπί,μερίζω
9289,ἐπιμεσόω,ἐπί,μεσόω
9290,ἐπιμεταλλάσσω,ἐπί,μεταλλάσσω
9291,ἐπιμηκύνω,ἐπί,μηκύνω
9292,ἐπιμητιάω,ἐπί,μητιάω
9293,ἐπιμιμέομαι,ἐπί,μιμέομαι
9294,ἐπιμνημονεύω,ἐπί,μνημονεύω
9295,ἐπιμοιράομαι,ἐπί,μοιράω
9296,ἐπιμοιχεύω,ἐπί,μοιχεύω
9297,ἐπιμολύνω,ἐπί,μολύνω
9298,ἐπιμορφάζω,ἐπί,μορφάζω
9299,ἐπιμορφόω,ἐπί,μορφάω
9300,ἐπιμορφόω,ἐπί,μορφάζω
9301,ἐπιμορφόω,ἐπί,μορφόω
9302,ἐπιμοχλεύω,ἐπί,μοχλεύω
9303,ἐπιμοχθέω,ἐπί,μοχθέω
9304,ἐπιμυκτηρίζω,ἐπί,μυκτηρίζω
9305,ἐπιμυθεύομαι,ἐπί,μυθεύω
9306,ἐπιμυρίζω,ἐπί,μυρίζω
9307,ἐπιμυχθίζω,ἐπί,μυχθίζω
9308,ἐπιμωκάομαι,ἐπί,μωκάομαι
9309,ἐπιμωμάομαι,ἐπί,μωμάομαι
9310,ἐπινάσσω,ἐπί,νάσσω
9311,ἐπινάσσω,ἐπί,ναίω
9312,ἐπινάω,ἐπί,νάω
9313,ἐπιναυπηγέω,ἐπί,ναυπηγέω
9314,ἐπινεάζω,ἐπί,νεάζω
9315,ἐπινεανιεύομαι,ἐπί,νεανιεύομαι
9316,ἐπινεμεσάω,ἐπί,νεμεσάω
9317,ἐπινεόω,ἐπί,νεάω
9318,ἐπινεόω,ἐπί,νεάζω
9319,ἐπινεόω,ἐπί,νεόω
9320,ἐπινομοθετέω,ἐπί,νομοθετέω
9321,ἐπινοσέω,ἐπί,νοσέω
9322,ἐπινοτίζω,ἐπί,νοτίζω
9323,ἐπινυκτερεύω,ἐπί,νυκτερεύω
9324,ἐπιπαφλάζω,ἐπί,παφλάζω
9325,ἐπιπαίζω,ἐπί,παίζω
9326,ἐπιπακτόω,ἐπί,πακτόω
9327,ἐπιπαλαμάομαι,ἐπί,παλαμάομαι
9328,ἐπιπαροξύνω,ἐπί,παροξύνω
9329,ἐπιπαροινέω,ἐπί,παροινέω
9330,ἐπιπαρορμάω,ἐπί,παρορμάω
9331,ἐπιπαρρησιάζομαι,ἐπί,παρρησιάζομαι
9332,ἐπιπαταγέω,ἐπί,πατάσσω
9333,ἐπιπαταγέω,ἐπί,παταγέω
9334,ἐπιπαχύνω,ἐπί,παχύνω
9335,ἐπιπέσσω,ἐπί,πέσσω
9336,ἐπιπεδάω,ἐπί,πεδάω
9337,ἐπιπειράομαι,ἐπί,πειράω
9338,ἐπιπλανάομαι,ἐπί,πλανάω
9339,ἐπιπλατύνω,ἐπί,πλατύνω
9340,ἐπιπληθύνω,ἐπί,πληθύνω
9341,ἐπιποιέω,ἐπί,ποιέω
9342,ἐπιπολίζω,ἐπί,πολίζω
9343,ἐπιπορπάομαι,ἐπί,πορπάω
9344,ἐπιπορθμεύομαι,ἐπί,πορθμεύω
9345,ἐπιπορσύνω,ἐπί,πορσύνω
9346,ἐπιποτίζω,ἐπί,ποτίζω
9347,ἐπιπροθέω,ἐπί,προθέω
9348,ἐπιπροθέω,ἐπί,προτίθημι
9349,ἐπιπτήσσω,ἐπί,πτήσσω
9350,ἐπιπτίσσομαι,ἐπί,πτίσσω
9351,ἐπιπυκνόομαι,ἐπί,πυκνόω
9352,ἐπιπυρέσσω,ἐπί,πυρέσσω
9353,ἐπιπωλέω,ἐπί,πωλέω
9354,ἐπιπωρόομαι,ἐπί,πωρόω
9355,ἐπιθαμβέω,ἐπί,θαμβέω
9356,ἐπιθεάομαι,ἐπί,θεάομαι
9357,ἐπιθεωρέω,ἐπί,θεωρέω
9358,ἐπιθηλέω,ἐπί,θηλέω
9359,ἐπιθράσσω,ἐπί,θράσσω
9360,ἐπιθρυλέω,ἐπί,θρυλέω
9361,ἐπιρραντίζω,ἐπί,ῥαντίζω
9362,ἐπιρραπίζω,ἐπί,ῥαπίζω
9363,ἐπιρρευματίζομαι,ἐπί,ῥευματίζομαι
9364,ἐπιρριγέω,ἐπί,ῥιγέω
9365,ἐπιρριπίζω,ἐπί,ῥιπίζω
9366,ἐπιρροιβδέω,ἐπί,ῥοιβδέω
9367,ἐπιρρομβέω,ἐπί,ῥομβέω
9368,ἐπιρρυφέω,ἐπί,ῥύπτω
9369,ἐπισαλεύω,ἐπί,σαλεύω
9370,ἐπισαλπίζω,ἐπί,σαλπίζω
9371,ἐπισαρκάζω,ἐπί,σαρκάζω
9372,ἐπισεμνολογέω,ἐπί,σεμνολογέω
9373,ἐπισεμνύνομαι,ἐπί,σεμνύνω
9374,ἐπισφακελίζω,ἐπί,σφακελίζω
9375,ἐπισφετερίζομαι,ἐπί,σφετερίζω
9376,ἐπισφοδρύνω,ἐπί,σφοδρύνομαι
9377,ἐπισφύζω,ἐπί,σφύζω
9378,ἐπισιωπάω,ἐπί,σιωπάω
9379,ἐπισκάζω,ἐπί,σκάζω
9380,ἐπισκαρδαμύσσω,ἐπί,σκαρδαμύσσω
9381,ἐπισκεπάζω,ἐπί,σκεπάζω
9382,ἐπισκιάω,ἐπί,σκιάω
9383,ἐπισκιρρόομαι,ἐπί,σκιρρόω
9384,ἐπισκιρτάω,ἐπί,σκιρτάω
9385,ἐπισκληρύνομαι,ἐπί,σκληρύνω
9386,ἐπισκοπεύω,ἐπί,σκοπεύω
9387,ἐπισκορπίζω,ἐπί,σκορπίζω
9388,ἐπισκοτάζω,ἐπί,σκοτάζω
9389,ἐπισκοτίζω,ἐπί,σκοτίζω
9390,ἐπισμάω,ἐπί,σμάω
9391,ἐπισμαραγέω,ἐπί,σμαραγέω
9392,ἐπισοβέω,ἐπί,σοβέω
9393,ἐπισοφίζομαι,ἐπί,σοφίζω
9394,ἐπισπιλόω,ἐπί,σπιλόω
9395,ἐπισπλαγχνίζομαι,ἐπί,σπλαγχνίζομαι
9396,ἐπιστάζω,ἐπί,στάζω
9397,ἐπιστασιάζω,ἐπί,στασιάζω
9398,ἐπιστατεύω,ἐπί,οστατεύω
9399,ἐπιστεφανόω,ἐπί,στεφανόω
9400,ἐπιστεγάζω,ἐπί,στεγάζω
9401,ἐπιστίζω,ἐπί,στίζω
9402,ἐπιστοιβάζω,ἐπί,στοιβάζω
9403,ἐπιστοιχειόω,ἐπί,στοιχειόω
9404,ἐπιστοματίζω,ἐπί,στοματίζω
9405,ἐπιστομόω,ἐπί,στομόω
9406,ἐπιστρατάομαι,ἐπί,στρατάω
9407,ἐπιστρατηγέω,ἐπί,στρατηγέω
9408,ἐπιστρατοπεδεύω,ἐπί,στρατοπεδεύω
9409,ἐπισυγκροτέω,ἐπί,συγκροτέω
9410,ἐπισυγχέω,ἐπί,συγχύνω
9411,ἐπισυλλογίζομαι,ἐπί,συλλογίζομαι
9412,ἐπισυναινέω,ἐπί,συναινέω
9413,ἐπισυναντάω,ἐπί,συναντάω
9414,ἐπισυναθροίζω,ἐπί,συναθροίζω
9415,ἐπισυνδέω,ἐπί,συνδέομαι
9416,ἐπισυνδέω,ἐπί,συνδέω
9417,ἐπισυνεργέω,ἐπί,συνεργέω
9418,ἐπισυννέω,ἐπί,συννέω
9419,ἐπισυνοικίζω,ἐπί,συνοικίζω
9420,ἐπισυντάσσω,ἐπί,συντάσσω
9421,ἐπισυντελέω,ἐπί,συντελέω
9422,ἐπισυνωθέω,ἐπί,συνωθέω
9423,ἐπισυρίζω,ἐπί,συρίζω
9424,ἐπισυρρέω,ἐπί,συρρέω
9425,ἐπισωρεύω,ἐπί,σωρεύω
9426,ἐπισχάζω,ἐπί,σχάζω
9427,ἐπισχετλιάζω,ἐπί,σχετλιάζω
9428,ἐπισχηματίζω,ἐπί,σχηματίζω
9429,ἐπισχίζω,ἐπί,σχίζω
9430,ἐπιταφέω,ἐπί,θάπτω
9431,ἐπιτερατεύομαι,ἐπί,τερατεύομαι
9432,ἐπιτεχνάζω,ἐπί,τεχνάζω
9433,ἐπιτεχνολογέω,ἐπί,τεχνολογέω
9434,ἐπιτοξεύω,ἐπί,τοξεύω
9435,ἐπιτοκίζω,ἐπί,τοκίζω
9436,ἐπιτοπίζω,ἐπί,τοπίζω
9437,ἐπιτραγηματίζω,ἐπί,τραγηματίζω
9438,ἐπιτρομέω,ἐπί,τρομέω
9439,ἐπιτροπέω,ἐπί,τροπέω
9440,ἐπιτροπεύω,ἐπί,τροπεύω
9441,ἐπιτροχάω,ἐπί,τροχάω
9442,ἐπιτροχάζω,ἐπί,τροχάζω
9443,ἐπιτροχίζω,ἐπί,τροχίζω
9444,ἐπιτρυφάω,ἐπί,τρυφάω
9445,ἐπιτρυπάω,ἐπί,τρυπάω
9446,ἐπιτρωπάω,ἐπί,τρωπάω
9447,ἐπιτυφλόω,ἐπί,τυφλόω
9448,ἐπιτυλίσσω,ἐπί,τυλίσσω
9449,ἐπιτυραννέω,ἐπί,τυραννεύω
9450,ἐπιτωθάζω,ἐπί,τωθάζω
9451,ἐπιχασμάομαι,ἐπί,χασμάω
9452,ἐπιχαυνόω,ἐπί,χαυνόω
9453,ἐπιχειρίζω,ἐπί,χειρίζω
9454,ἐπιχειρονομέω,ἐπί,χειρονομέω
9455,ἐπιχηρεύω,ἐπί,χηρεύω
9456,ἐπιχνοάω,ἐπί,χνοάω
9457,ἐπιχολόομαι,ἐπί,χολόω
9458,ἐπιχορτάζω,ἐπί,χορτάζω
9459,ἐπιχρηματίζω,ἐπί,χρηματίζω
9460,ἐπιχρησιμεύω,ἐπί,χρησιμεύω
9461,ἐπιχρησμῳδέω,ἐπί,χρησμῳδέω
9462,ἐπιχρονίζω,ἐπί,χρονίζω
9463,ἐπιχωνεύω,ἐπί,χοανεύω
9464,ἐπιχωνεύω,ἐπί,χωνεύω
9465,ἐπιψάω,ἐπί,ψάω
9466,ἐπιψακάζω,ἐπί,ψακάζω
9467,ἐπιψελλίζω,ἐπί,ψελλίζω
9468,ἐπιψιθυρίζω,ἐπί,ψιθυρίζω
9469,ἐπιψοφέω,ἐπί,ψοφέω
9470,ἐπιψωμίζω,ἐπί,ψωμίζω
9471,ἐπογμεύω,ἐπί,ὀγμεύω
9472,ἐποικίζω,ἐπί,οἰκίζω
9473,ἐποικονομέομαι,ἐπί,οἰκονομέω
9474,ἐποικουρέω,ἐπί,οἰκουρέω
9475,ἐποιωνίζομαι,ἐπί,οἰωνίζομαι
9476,ἐποκλάζω,ἐπί,ὀκλάζω
9477,ἐπολβίζω,ἐπί,ὀλβίζω
9478,ἐποπάζω,ἐπί,ὀπάζω
9479,ἐποργάω,ἐπί,ὀργάω
9480,ἐποργίζομαι,ἐπί,ὀργίζω
9481,ἐποργιάζω,ἐπί,ὀργιάζω
9482,ἐποριγνάομαι,ἐπί,ὀριγνάομαι
9483,ἐπορθρεύω,ἐπί,ὀρθρεύω
9484,ἐποστρακίζω,ἐπί,ὀστρακίζω
9485,ἐπουλόω,ἐπί,οὐλόω
9486,ἐπουρέω,ἐπί,οὐρέω
9487,ἐποχεύω,ἐπί,ὀχεύω
9488,ἐποχλίζομαι,ἐπί,ὀχλίζω
9489,ἐποχμάζω,ἐπί,ὀχμάζω
9490,ἐποψάομαι,ἐπί,ὀψάομαι
9491,ἐπωριάζω,ἐπί,ὡριάζω
9492,ἐστεκνόομαι,εἰς,τεκνόω
9493,ἐσχατίζω,εἰς,χατίζω
9494,εἰσαφύσσω,εἰς,ἀφύσσω
9495,εἰσανδρόω,εἰς,ἀνδρόω
9496,εἰσαντλέω,εἰς,ἀντλέω
9497,εἰσαρπάζω,εἰς,ἁρπάζω
9498,εἰσαρτίζω,εἰς,ἀρτίζω
9499,εἰσδανείζω,εἰς,δανείζω
9500,εἰσεάω,εἰς,ἐάω
9501,εἰσεγγίζω,εἰς,ἐγγίζω
9502,εἰσεμπορεύομαι,εἰς,ἐμπορεύομαι
9503,εἰσεπιδημέω,εἰς,ἐπιδημέω
9504,εἰσευπορέω,εἰς,εὐπορέω
9505,εἰσφλάω,εἰς,φλάω
9506,εἰσφράσσω,εἰς,φράσσω
9507,εἰσφράσσω,εἰς,φράζω
9508,εἰσιππεύω,εἰς,ἱππεύω
9509,εἰσκαθοράω,εἰς,καθοράω
9510,εἰσκαταδύνω,εἰς,καταδύω
9511,εἰσκλάω,εἰς,κλάω
9512,εἰσκλάω,εἰς,κλαίω
9513,εἰσκλύζω,εἰς,κλύζω
9514,εἰσκνάω,εἰς,κνάω
9515,εἰσκολυμβάω,εἰς,κολυμβάω
9516,εἰσκτάομαι,εἰς,κτάομαι
9517,εἰσκωμάζω,εἰς,κωμάζω
9518,εἰσμαρτυρέω,εἰς,μαρτύρομαι
9519,εἰσμαρτυρέω,εἰς,μαρτυρέω
9520,εἰσματέομαι,εἰς,ματάω
9521,εἰσματέομαι,εἰς,ματέω
9522,εἰσμετρέω,εἰς,μετρέω
9523,εἰσοδεύω,εἰς,ὁδεύω
9524,εἰσοδιάζω,εἰς,ὁδιάζω
9525,εἰσοδοιπορέω,εἰς,ὁδοιπορέω
9526,εἰσομιλέω,εἰς,ὁμιλέω
9527,εἰσοπτρίζω,εἰς,ὀπτρίζω
9528,εἰσοχετεύω,εἰς,ὀχετεύω
9529,εἰσπληρόω,εἰς,πληρόω
9530,εἰσπορίζω,εἰς,πορίζω
9531,εἰσθεωρέω,εἰς,θεωρέω
9532,εἰσρήσσω,εἰς,ῥήγνυμι
9533,εἰσσπάομαι,εἰς,σπάω
9534,εἰστελέω,εἰς,τέλλω
9535,εἰστελέω,εἰς,τελέω
9536,εἰστελέω,εἰς,τελειόω
9537,εἰστρυπάω,εἰς,τρυπάω
9538,εἰσωθίζομαι,εἰς,ὠθίζομαι
9539,εἰσχράομαι,εἰς,χράομαι
9540,εἰσχράομαι,εἰς,χράω
9541,εἰσχωρέω,εἰς,χωρέω
9542,καθαμαξεύω,κατά,ἁμαξεύω
9543,καθαπλόω,κατά,ἁπλόω
9544,καθελκόομαι,κατά,ἑλκόω
9545,καθεστιάω,κατά,ἑστιάω
9546,καθημερόω,κατά,ἡμερόω
9547,καθησυχάζω,κατά,ἡσυχάζω
9548,καθιπποκρατέω,κατά,ἱπποκρατέω
9549,καθιππομαχέω,κατά,ἱππομαχέω
9550,καθιπποτροφέω,κατά,ἱπποτροφέω
9551,καθιστιάω,κατά,ἑστιάω
9552,καθιστορέω,κατά,ἱστορέω
9553,καθοδοιπορέω,κατά,ὁδοιπορέω
9554,καθομηρεύω,κατά,ὁμηρεύω
9555,καθομοιόω,κατά,ὁμοιάζω
9556,καθομοιόω,κατά,ὁμοιόω
9557,καθορίζω,κατά,ὁρίζω
9558,καθυλακτέω,κατά,ὑλακτέω
9559,καθυλίζω,κατά,ὑλίζω
9560,καθυμνέω,κατά,ὑμνέω
9561,καθυπονοέω,κατά,ὑπονοέω
9562,καθυποπτεύω,κατά,ὑποπτεύω
9563,καθυποτάσσω,κατά,ὑποτάσσω
9564,καθυποτοπέομαι,κατά,ὑποτοπέω
9565,καθυπουργέω,κατά,ὑπουργέω
9566,καθυστερίζω,κατά,ὑστερίζω
9567,κασσίζω,κατά,σίζω
9568,κασωρεύω,κατά,σωρεύω
9569,καταβαπτίζω,κατά,βαπτίζω
9570,καταβαρβαρόω,κατά,βαρβαρόομαι
9571,καταβαρύνω,κατά,βαρύνω
9572,καταβασανίζω,κατά,βασανίζω
9573,καταβατεύω,κατά,βατεύω
9574,καταβινέω,κατά,βινέω
9575,καταβλακεύω,κατά,βλακεύω
9576,καταβομβέω,κατά,βομβέω
9577,καταβουκολέω,κατά,βουκολέω
9578,καταβραδύνω,κατά,βραδύνω
9579,καταβρίζω,κατά,βρίζω
9580,καταβριμάομαι,κατά,βριμάομαι
9581,καταβροντάω,κατά,βροντάω
9582,καταβροτόω,κατά,ἀβροτάζω
9583,καταβροχίζω,κατά,βροχίζω
9584,καταβυθίζω,κατά,βυθίζω
9585,καταξυράω,κατά,ξυρέω
9586,καταδειπνέω,κατά,δειπνέω
9587,καταδεσμέω,κατά,δεσμεύω
9588,καταδεσμεύω,κατά,δεσμεύω
9589,καταδηϊόω,κατά,δηιόω
9590,καταδηλέομαι,κατά,ἀδηλέω
9591,καταδηλέομαι,κατά,δηλέομαι
9592,καταδημοκοπέω,κατά,δημοκοπέω
9593,καταδιφρεύω,κατά,διφρεύω
9594,καταδολεσχέω,κατά,ἀδολεσχέω
9595,καταδουλεύομαι,κατά,δουλεύω
9596,καταδράσσομαι,κατά,δράσσομαι
9597,καταδροσίζω,κατά,δροσίζω
9598,καταδυσωπέω,κατά,δυσωπέω
9599,καταφανίζω,κατά,ἀφανίζω
9600,καταφανίζω,κατά,φανίζω
9601,καταφαντάζομαι,κατά,φαντάζομαι
9602,καταφιλονεικέω,κατά,φιλονεικέω
9603,καταφιλοσοφέω,κατά,φιλοσοφέω
9604,καταφιμόω,κατά,φιμόω
9605,καταφλάω,κατά,φλάω
9606,καταφλογίζω,κατά,φλογίζω
9607,καταφλυαρέω,κατά,φλυαρέω
9608,καταφοινίσσω,κατά,φοινίσσω
9609,καταφορτίζω,κατά,φορτίζω
9610,καταφρίσσω,κατά,ἀφρίζω
9611,καταφρίσσω,κατά,φρίσσω
9612,καταφυλάσσω,κατά,φυλάσσω
9613,καταφυλάσσω,κατά,φυλάζω
9614,καταφυσάω,κατά,φυσάω
9615,καταγαπάω,κατά,ἀγαπάω
9616,καταγεμίζω,κατά,γεμίζω
9617,καταγεύομαι,κατά,γεύω
9618,καταγεωμετρέω,κατά,γεωμετρέω
9619,καταγεωργέω,κατά,γεωργέω
9620,καταγνοέω,κατά,ἀγνοέω
9621,καταγνοέω,κατά,γνοέω
9622,καταγογγύζω,κατά,γογγύζω
9623,καταγομφόω,κατά,γομφόω
9624,καταγυιόω,κατά,γυιόω
9625,καταγυψόω,κατά,γυψόω
9626,καταιχμάζω,κατά,αἰχμάζω
9627,κατακαλλύνω,κατά,καλλύνω
9628,κατακενόω,κατά,κενόω
9629,κατακεντέω,κατά,κεντέω
9630,κατακεντρόομαι,κατά,κεντρόω
9631,κατακεραυνόω,κατά,κεραυνόω
9632,κατακερκίζω,κατά,κερκίζω
9633,κατακηλιδόω,κατά,κηλιδόω
9634,κατακινέω,κατά,κινέω
9635,κατακληροδοτέω,κατά,κληροδοτέω
9636,κατακληρουχέω,κατά,κληρουχέω
9637,κατακνώσσω,κατά,κνώσσω
9638,κατακοιρανέω,κατά,κοιρανέω
9639,κατακολλάω,κατά,κολλάω
9640,κατακομάω,κατά,κομάω
9641,κατακομψεύομαι,κατά,κομψεύω
9642,κατακορέω,κατά,κορέω
9643,κατακοτταβίζω,κατά,κοτταβίζω
9644,κατακραιπαλάω,κατά,κραιπαλάω
9645,κατακραυγάζω,κατά,κραυγάζω
9646,κατακρεουργέω,κατά,κρεουργέω
9647,κατακριβόω,κατά,ἀκριβόω
9648,κατακροάομαι,κατά,ἀκροάομαι
9649,κατακροταλίζω,κατά,κροταλίζω
9650,κατακροτέω,κατά,κροτέω
9651,κατακρουνίζω,κατά,κρουνίζω
9652,κατακτεατίζομαι,κατά,κτεατίζω
9653,κατακτενίζω,κατά,κτενίζω
9654,κατακτυπέω,κατά,κτυπέω
9655,κατακυβιστάω,κατά,κυβιστάω
9656,κατακυκάω,κατά,κυκάω
9657,κατακυλινδέω,κατά,κυλινδέω
9658,κατακωμῳδέω,κατά,κωμῳδέω
9659,καταλακτίζω,κατά,λακτίζω
9660,καταλαλάζω,κατά,ἀλαλάζω
9661,καταλαμπρύνω,κατά,λαμπρύνω
9662,καταλεπτύνω,κατά,λεπτύνω
9663,καταλευκόω,κατά,λευκόω
9664,καταλγύνω,κατά,ἀλγύνω
9665,καταληρέω,κατά,ληρέω
9666,καταλιθοβολέω,κατά,λιθοβολέω
9667,καταλιχμάομαι,κατά,λιχμάω
9668,καταλιχμάσσω,κατά,λιχμάζω
9669,καταλιχμάζομαι,κατά,λιχμάζω
9670,καταλοιδορέω,κατά,λοιδορέω
9671,καταλυγίζω,κατά,λυγίζω
9672,καταμάσσω,κατά,μάσσω
9673,καταμάσσω,κατά,μαίομαι
9674,καταμαξεύω,κατά,ἁμαξεύω
9675,καταμαγγανεύω,κατά,μαγγανεύω
9676,καταμαλθάσσω,κατά,μαλθάσσω
9677,καταμαλθακίζομαι,κατά,μαλθακίζομαι
9678,καταμασάομαι,κατά,μασάομαι
9679,καταμαστίζω,κατά,μαστίζω
9680,καταμαστιγόω,κατά,μαστιγόω
9681,καταμεγαλαυχέομαι,κατά,μεγαλαυχέω
9682,καταμειδιάω,κατά,μειδιάω
9683,καταμειλίσσομαι,κατά,μειλίσσω
9684,καταμελετάω,κατά,μελετάω
9685,καταμηκύνω,κατά,μηκύνω
9686,καταμηρίζω,κατά,μηρίζω
9687,καταμηχανάομαι,κατά,ἀμηχανέω
9688,καταμηχανάομαι,κατά,μηχανάομαι
9689,καταμιαιφονέομαι,κατά,μιαιφονέω
9690,καταμιμέομαι,κατά,μιμέομαι
9691,καταμισθοδοτέω,κατά,μισθοδοτέω
9692,καταμνημονεύω,κατά,μνημονεύω
9693,καταμοιχεύω,κατά,μοιχεύω
9694,καταμολύνω,κατά,μολύνω
9695,καταμονομαχέω,κατά,μονομαχέω
9696,καταμουσίζω,κατά,μουσίζω
9697,καταμουσόω,κατά,μουσόομαι
9698,καταμπυκόω,κατά,ἀμπυκάζω
9699,καταμυκτηρίζω,κατά,μυκτηρίζω
9700,καταμυθολογέω,κατά,μυθολογέω
9701,καταναγραφέω,κατά,ἀναγράφω
9702,καταναιδεύομαι,κατά,ἀναιδεύομαι
9703,καταναισιμόω,κατά,ἀναισιμόω
9704,κατανδραποδίζω,κατά,ἀνδραποδίζω
9705,κατανδρίζομαι,κατά,ἀνδρίζω
9706,κατανδρίζω,κατά,ἀνδρίζω
9707,κατανεανιεύομαι,κατά,νεανιεύομαι
9708,κατανεκρόω,κατά,νεκρόω
9709,κατανίσσομαι,κατά,νίσσομαι
9710,κατανίσσομαι,κατά,νίζω
9711,κατανίζω,κατά,νίζω
9712,κατανιάω,κατά,ἀνιάω
9713,κατανιάζω,κατά,ἀνιάζω
9714,κατανικάω,κατά,νικάω
9715,κατανομίζω,κατά,νομίζω
9716,κατανομοθετέω,κατά,νομοθετέω
9717,κατανοσφίζομαι,κατά,νοσφίζομαι
9718,κατανοστέω,κατά,νοστέω
9719,κατανθίζομαι,κατά,ἀνθίζω
9720,κατανθρωπίζω,κατά,ἀνθρωπίζω
9721,καταντιβολέω,κατά,ἀντιβολέω
9722,κατανυστάζω,κατά,νυστάζω
9723,κατανωτίζομαι,κατά,νωτίζω
9724,καταπαγκρατιάζω,κατά,παγκρατιάζω
9725,καταπαιδεραστέω,κατά,παιδεραστέω
9726,καταπαιδεύω,κατά,παιδεύω
9727,καταπαλαιόομαι,κατά,παλαιόω
9728,καταπαννυχίζω,κατά,παννυχίζω
9729,καταπασσαλεύω,κατά,πασσαλεύω
9730,καταπελεκάω,κατά,πελεκάω
9731,καταπελεμίζω,κατά,πελεμίζω
9732,καταπεραιόω,κατά,περαιόω
9733,καταπερονάω,κατά,περονάω
9734,καταπερπερεύομαι,κατά,περπερεύομαι
9735,καταπεζεύω,κατά,πεζεύω
9736,καταπεζομαχέω,κατά,πεζομαχέω
9737,καταπηγάζω,κατά,πηγάζω
9738,καταπιλέω,κατά,πιλέω
9739,καταπιστόομαι,κατά,πιστόω
9740,καταπλανάω,κατά,πλανάω
9741,καταπλατύνω,κατά,πλατύνω
9742,καταπλεονεκτέω,κατά,πλεονεκτέω
9743,καταπλίσσομαι,κατά,πλίσσομαι
9744,καταποδίζω,κατά,ποδίζω
9745,καταποιέω,κατά,ποιέω
9746,καταπολεύω,κατά,πολεύω
9747,καταπομπεύω,κατά,πομπεύω
9748,καταπορέω,κατά,ἀπορέω
9749,καταπορέω,κατά,ἀπορρέω
9750,καταπορεύομαι,κατά,πορεύω
9751,καταπορίζω,κατά,ἀφορίζω
9752,καταπορίζω,κατά,πορίζω
9753,καταπορθέω,κατά,πορθέω
9754,καταποτάομαι,κατά,ποτάομαι
9755,καταπρεσβεύω,κατά,πρεσβεύω
9756,καταπρηνίζω,κατά,πρηνίζω
9757,καταπρονομεύω,κατά,προνομεύω
9758,καταπροθυμέομαι,κατά,προθυμέομαι
9759,καταπροτερέω,κατά,προσερέω
9760,καταπροτερέω,κατά,προτερέω
9761,καταπροχέω,κατά,προχέω
9762,καταπτίσσω,κατά,πτίσσω
9763,καταπτοέω,κατά,πτοέω
9764,καταπυκάζω,κατά,πυκάζω
9765,καταπυκτεύω,κατά,πυκτεύω
9766,καταπυρόω,κατά,πυρόω
9767,καταπυρπολέω,κατά,πυρπολέω
9768,καταπωλέω,κατά,πωλέω
9769,καταπωμάζω,κατά,πωμάζω
9770,καταθαλαττόω,κατά,θαλασσόω
9771,καταθαρσέω,κατά,θαρσέω
9772,καταθεμελιόω,κατά,θεμελιόω
9773,καταθλάω,κατά,θλάω
9774,καταθοινάω,κατά,θοινάω
9775,καταθρασύνομαι,κατά,θρασύνω
9776,καταθρέω,κατά,ἀθρέω
9777,καταθρέω,κατά,θρέω
9778,καταθροέω,κατά,θροέω
9779,καταθρυλέω,κατά,θρυλέω
9780,καταθυμοβορέω,κατά,θυμοβορέω
9781,καταθωπεύω,κατά,θωπεύω
9782,καταραχίζω,κατά,ῥαχίζω
9783,καταριστάω,κατά,ἀριστάω
9784,καταρραντίζω,κατά,ῥαντίζω
9785,καταρραχίζω,κατά,ῥαχίζω
9786,καταρρᾳστωνεύω,κατά,ῥᾳστωνεύω
9787,καταρρητορεύω,κατά,ῥητορεύω
9788,καταρριγέω,κατά,ῥιγέω
9789,καταρριπτάζω,κατά,ῥιπτάζω
9790,καταρροιβδέω,κατά,ῥοιβδέω
9791,καταρροιζέω,κατά,ῥοιζέω
9792,καταρρυπόω,κατά,ῥυπάω
9793,καταρρυθμίζω,κατά,ῥυθμίζω
9794,κατασφαλίζομαι,κατά,ἀσφαλίζομαι
9795,κατασφηκόω,κατά,σφηκόω
9796,κατασφραγίζω,κατά,σφραγίζω
9797,κατασημειόομαι,κατά,σημειόω
9798,κατασιδηρόω,κατά,σιδηρόω
9799,κατασιγάζω,κατά,σιγάζω
9800,κατασκαριφάω,κατά,σκαριφάομαι
9801,κατασκελετεύω,κατά,σκελετεύω
9802,κατασκεπάζω,κατά,σκεπάζω
9803,κατασκιάω,κατά,σκιάω
9804,κατασκιρόομαι,κατά,σκιρόω
9805,κατασκιρτάω,κατά,σκιρτάω
9806,κατασκορπίζω,κατά,σκορπίζω
9807,κατασκοτίζω,κατά,σκοτίζω
9808,κατασκυθρωπάζω,κατά,σκυθρωπάζω
9809,κατασμικρύνω,κατά,σμικρύνω
9810,κατασοβέω,κατά,σοβέω
9811,κατασοφιστεύω,κατά,σοφιστεύω
9812,κατασπαθάω,κατά,σπαθάω
9813,κατασπαργανόω,κατά,σπαργανόω
9814,κατασπειράω,κατά,σπειράομαι
9815,κατασταλάω,κατά,σταλάω
9816,κατασταθμεύω,κατά,σταθμεύω
9817,καταστενάζω,κατά,στενάζω
9818,καταστενοχωρέω,κατά,στενοχωρέω
9819,καταστερέω,κατά,στερέω
9820,καταστερέω,κατά,στερεόω
9821,καταστερεόω,κατά,στερεόω
9822,καταστηλόω,κατά,στηλόω
9823,καταστηρίζω,κατά,στηρίζω
9824,καταστοιβάζω,κατά,στοιβάζω
9825,καταστοιχειόομαι,κατά,στοιχειόω
9826,καταστοιχίζω,κατά,στοιχίζω
9827,καταστολίζω,κατά,στολίζω
9828,καταστομίζω,κατά,στομίζω
9829,καταστοχάζομαι,κατά,στοχάζομαι
9830,καταστοχέω,κατά,ἀστοχέω
9831,καταστρατεύω,κατά,στρατεύω
9832,καταστρατηγέω,κατά,στρατηγέω
9833,καταστρεβλόω,κατά,στρεβλόω
9834,καταστυγνάζω,κατά,στυγνάζω
9835,καταστυγνόομαι,κατά,στυγνόω
9836,κατασυκοφαντέω,κατά,συκοφαντέω
9837,κατασυλλογίζομαι,κατά,συλλογίζομαι
9838,κατασυρίζω,κατά,συρίζω
9839,κατασωρεύω,κατά,σωρεύω
9840,κατασωτεύομαι,κατά,ἀσωτεύομαι
9841,κατασχάω,κατά,σχάζω
9842,κατασχάζω,κατά,σχάζω
9843,κατασχεδιάζω,κατά,σχεδιάζω
9844,κατασχετλιάζω,κατά,σχετλιάζω
9845,κατασχημονέω,κατά,ἀσχημονέω
9846,κατασχολέομαι,κατά,ἀσχολέω
9847,καταταινιόω,κατά,ταινιόω
9848,καταταράσσω,κατά,ταράσσω
9849,καταταρταρόω,κατά,ταρταρόω
9850,κατατειχίζω,κατά,τειχίζω
9851,κατατελέω,κατά,τέλλω
9852,κατατελέω,κατά,τελέω
9853,κατατελέω,κατά,τελειόω
9854,κατατελευτάω,κατά,τελευτάω
9855,κατατιμωρέω,κατά,τιμωρέω
9856,κατατλάω,κατά,τλάω
9857,κατατολμάω,κατά,τολμάω
9858,κατατορνεύω,κατά,τορνεύω
9859,κατατραγῳδέω,κατά,τραγῳδέω
9860,κατατριακοντουτίζω,κατά,τριακοντουτίζω
9861,κατατροπόω,κατά,τροπόω
9862,κατατροχάζω,κατά,τροχάζω
9863,κατατροχίζω,κατά,τροχίζω
9864,κατατρυφάω,κατά,τρυφάω
9865,κατατρυπάω,κατά,τρυπάω
9866,κατατυμβοχοέω,κατά,τυμβοχοέω
9867,κατατυραννέω,κατά,τυραννεύω
9868,κατατωθάζω,κατά,τωθάζω
9869,καταυθαδίζω,κατά,αὐθαδίζω
9870,καταχαλκεύω,κατά,χαλκεύω
9871,καταχαράσσω,κατά,χαράσσω
9872,καταχασμάομαι,κατά,χασμάω
9873,καταχειρίζομαι,κατά,χειρίζω
9874,καταχειρόομαι,κατά,χειρόω
9875,καταχιονίζω,κατά,χιονίζω
9876,καταχλαινόω,κατά,χλαινόω
9877,καταχλευάζω,κατά,χλευάζω
9878,καταχλιδάω,κατά,χλιδάω
9879,καταχθίζομαι,κατά,ἀχθίζω
9880,καταχρηματίζω,κατά,χρηματίζω
9881,καταχυτρίζω,κατά,χυτρίζω
9882,καταχωρέω,κατά,χωρέω
9883,καταψακάζω,κατά,ψακάζω
9884,καταψελλίζομαι,κατά,ψελλίζω
9885,καταψηλαφάω,κατά,ψηλαφάω
9886,καταψιλόω,κατά,ψιλόω
9887,καταψιθυρίζω,κατά,ψιθυρίζω
9888,καταψοφέω,κατά,ψοφέω
9889,καταζευγοτροφέω,κατά,ζευγοτροφέω
9890,καταζηλόω,κατά,ζηλόω
9891,καταζητέω,κατά,ζητέω
9892,καταζοφόω,κατά,ζοφόω
9893,καταζωμεύω,κατά,ζωμεύω
9894,κατεξεράω,κατά,ἐξεράω
9895,κατεξετάζω,κατά,ἐξετάζω
9896,κατεξευμαρίζω,κατά,ἐξευμαρίζω
9897,κατεδαφίζω,κατά,ἐδαφίζω
9898,κατεικονίζω,κατά,εἰκονίζω
9899,κατειλυσπάομαι,κατά,εἰλυσπάομαι
9900,κατεμέω,κατά,ἐμέω
9901,κατεμφορέομαι,κατά,ἐμφορέω
9902,κατεμπορεύομαι,κατά,ἐμπορεύομαι
9903,κατενεχυράζω,κατά,ἐνεχυράζω
9904,κατεντρυφάω,κατά,ἐντρυφάω
9905,κατεπαμύνω,κατά,ἐπαμύνω
9906,κατεπιδέω,κατά,ἐπιδέω
9907,κατεπιχειρέω,κατά,ἐπιχειρέω
9908,κατεποικοδομέω,κατά,ἐποικοδομέω
9909,κατεθίζω,κατά,ἐθίζω
9910,κατεράω,κατά,ἐράω
9911,κατερέω,κατά,ἐρῶ
9912,κατερευνάω,κατά,ἐρευνάω
9913,κατεργολαβέω,κατά,ἐργολαβέω
9914,κατερημόω,κατά,ἐρημάζω
9915,κατερημόω,κατά,ἐρημόω
9916,κατερυθριάω,κατά,ἐρυθριάω
9917,κατεύω,κατά,εὕω
9918,κατευδαιμονίζω,κατά,εὐδαιμονίζω
9919,κατευδοκέω,κατά,εὐδοκέω
9920,κατευδοκιμέω,κατά,εὐδοκιμέω
9921,κατευεργετέω,κατά,εὐεργετέω
9922,κατευκαιρέω,κατά,εὐκαιρέω
9923,κατευκηλέω,κατά,παρευκηλέω
9924,κατευλογέω,κατά,εὐλογέω
9925,κατευμαρίζω,κατά,εὐμαρίζω
9926,κατευοδόω,κατά,εὐοδόω
9927,κατευπαθέω,κατά,εὐπαθέω
9928,κατευποιέω,κατά,εὐποιέω
9929,κατευπορέω,κατά,εὐπορέω
9930,κατευρύνω,κατά,εὐρύνω
9931,κατευτελίζω,κατά,εὐτελίζω
9932,κατευωχέομαι,κατά,εὐωχέω
9933,κατηβολέω,κατά,ἠβολέω
9934,κατηγορέω,κατά,ἠγορέω
9935,κατικμάζω,κατά,ἰκμάζω
9936,κατματέομαι,κατά,ματάω
9937,κατματέομαι,κατά,ματέω
9938,κατοδυνάω,κατά,ὀδυνάω
9939,κατοφρυόομαι,κατά,ὀφρυόομαι
9940,κατοιδέω,κατά,οἰδέω
9941,κατοινόομαι,κατά,οἰνόω
9942,κατοιωνίζομαι,κατά,οἰωνίζομαι
9943,κατοιχνέω,κατά,οἰχνέω
9944,κατοκλάζω,κατά,ὀκλάζω
9945,κατολιγωρέω,κατά,ὀλιγωρέω
9946,κατονειδίζω,κατά,ὀνειδίζω
9947,κατονεύομαι,κατά,ὀνεύω
9948,κατονομάζω,κατά,ὀνομάζω
9949,κατοπτάω,κατά,ὀπτάω
9950,κατοργάω,κατά,ὀργάω
9951,κατοργόω,κατά,ὀργάω
9952,κατοργόω,κατά,ὀργάζω
9953,κατουρέω,κατά,οὐρέω
9954,κατουτάω,κατά,οὐτάω
9955,κατοχεύω,κατά,ὀχεύω
9956,κατοχμάζω,κατά,ὀχμάζω
9957,κατοχυρόω,κατά,ὀχυρόω
9958,κατωχράω,κατά,ὠχράω
9959,κατωχριάω,κατά,ὠχριάω
9960,μεθεδράζω,μετά,ἑδράζω
9961,μεθερμηνεύω,μετά,ἑρμηνεύω
9962,μεθερπύζω,μετά,ἑρπύζω
9963,μεθιππεύω,μετά,ἱππεύω
9964,μεθιστάω,μετά,ἱστάω
9965,μεθορκόω,μετά,ὁρκόω
9966,μεθυποδέομαι,μετά,ὑποδέω
9967,μεταβασανίζω,μετά,βασανίζω
9968,μεταβιάζομαι,μετά,βιάζω
9969,μεταβιόω,μετά,βιάω
9970,μεταβιόω,μετά,βιάζω
9971,μεταβιόω,μετά,βιόω
9972,μεταδειπνέω,μετά,δειπνέω
9973,μεταδιατάσσω,μετά,διατάσσω
9974,μεταδιοικέω,μετά,διοικέω
9975,μεταδιορθόω,μετά,διορθόω
9976,μεταδουλόω,μετά,δουλόω
9977,μεταφημίζω,μετά,φημίζω
9978,μεταφοιτάω,μετά,φοιτάω
9979,μεταφρίσσω,μετά,ἀφρίζω
9980,μεταφρίσσω,μετά,φρίσσω
9981,μεταφυτεύω,μετά,φυτεύω
9982,μεταφωτίζομαι,μετά,φωτίζω
9983,μεταγεννάω,μετά,γεννάω
9984,μεταιωρέομαι,μετά,αἰωρέω
9985,μετακαθίζω,μετά,καθίζω
9986,μετακαθοπλίζω,μετά,καθοπλίζω
9987,μετακατασκευάζω,μετά,κατασκευάζω
9988,μετακαταχέω,μετά,καταχεύω
9989,μετακαταχέω,μετά,κατηχέω
9990,μετακενόω,μετά,κενόω
9991,μετακεντρίζω,μετά,κεντρίζω
9992,μετακιρνάω,μετά,κιρνάω
9993,μετακληρουχέω,μετά,κληρουχέω
9994,μετακλύζω,μετά,κλύζω
9995,μετακοιμάομαι,μετά,κοιμάω
9996,μετακολουθέω,μετά,ἀκολουθέω
9997,μετακολουθέω,μετά,κολούω
9998,μετακοσμέω,μετά,ἀκοσμέω
9999,μετακοσμέω,μετά,κοσμέω
10000,μετακτίζω,μετά,κτίζω
10001,μετακυκλέομαι,μετά,κυκλέω
10002,μεταλγέω,μετά,ἀλγέω
10003,μεταλλοιόω,μετά,ἀλλοιόω
10004,μεταλογίζομαι,μετά,λογίζομαι
10005,μεταλωφέω,μετά,λωφάω
10006,μεταμισθόω,μετά,μισθόω
10007,μεταμοσχεύω,μετά,μοσχεύω
10008,μεταμυθεύομαι,μετά,μυθεύω
10009,μετανέομαι,μετά,νέομαι
10010,μετανέομαι,μετά,νέω
10011,μετανθέω,μετά,ἀνατίθημι
10012,μετανθέω,μετά,ἀνθέω
10013,μεταπαιδαγωγέω,μετά,παιδαγωγέω
10014,μεταπαιφάσσομαι,μετά,παιφάσσω
10015,μεταπαραλλάσσω,μετά,παραλλάσσω
10016,μεταπειράομαι,μετά,πειράω
10017,μεταπεσσεύω,μετά,ἀποσεύω
10018,μεταπεσσεύω,μετά,πεσσεύω
10019,μεταπλέω,μετά,πλέω
10020,μεταπνέω,μετά,ἀπονέω
10021,μεταπνέω,μετά,πνέω
10022,μεταπτοιέω,μετά,πτοέω
10023,μεταπωλέω,μετά,πωλέω
10024,μεταρδεύω,μετά,ἀρδεύω
10025,μεταρριπίζω,μετά,ῥιπίζω
10026,μεταρριζόω,μετά,ῥιζόω
10027,μεταρρυθμέω,μετά,ἀρρυθμέω
10028,μετασκευωρέομαι,μετά,σκευωρέομαι
10029,μετασκηνόω,μετά,σκηνάω
10030,μετασκηνόω,μετά,σκηνόω
10031,μετασοβέω,μετά,σοβέω
10032,μεταστοιχειόω,μετά,στοιχειόω
10033,μεταστρατεύομαι,μετά,στρατεύω
10034,μεταστρωφάω,μετά,στρωφάω
10035,μεταστυφελίζω,μετά,στυφελίζω
10036,μετασυνεθίζομαι,μετά,συνεθίζω
10037,μετασυντάσσω,μετά,συντάσσω
10038,μετασυσχηματίζομαι,μετά,συσχηματίζω
10039,μετατροπεύω,μετά,τροπεύω
10040,μετατρωπάομαι,μετά,τρωπάω
10041,μετατρωχάω,μετά,τρωχάω
10042,μετατυπόω,μετά,τυπόω
10043,μεταχάζομαι,μετά,χάζω
10044,μεταχαράσσω,μετά,χαράσσω
10045,μεταχέω,μετά,ἀχέω
10046,μεταχέω,μετά,ἠχέω
10047,μεταχέω,μετά,χέω
10048,μεταχειμάζω,μετά,χειμάζω
10049,μεταχειρέομαι,μετά,χειρέω
10050,μεταχειρόομαι,μετά,χειρόω
10051,μεταχειρόω,μετά,χειρόω
10052,μεταχεύομαι,μετά,χέω
10053,μεταχρηματίζω,μετά,χρηματίζω
10054,μεταψηφίζω,μετά,ψηφίζω
10055,μετεξαντλέω,μετά,ἐξαντλέω
10056,μετεξεράω,μετά,ἐξεράω
10057,μετεγχέω,μετά,ἐγχέω
10058,μετεισδύνω,μετά,εἰσδύνω
10059,μετεκβιβάζω,μετά,ἐκβιβάζω
10060,μετεκπνέω,μετά,ἐκπνέω
10061,μετελαύνω,μετά,ἐλαύνω
10062,μετεμψυχόομαι,μετά,ἐμψυχόω
10063,μετεπιδέω,μετά,ἐπιδέω
10064,μετευθύνω,μετά,εὐθύνω
10065,μετοιακίζομαι,μετά,οἰακίζω
10066,μετοικονομέω,μετά,οἰκονομέω
10067,μετοιωνίζομαι,μετά,οἰωνίζομαι
10068,μετοπωρίζω,μετά,ὀπωρίζω
10069,μετοχμάζω,μετά,ὀχμάζω
10070,παραβαπτίζω,παρά,βαπτίζω
10071,παραβαρβαρίζω,παρά,βαρβαρίζω
10072,παραβασιλεύω,παρά,βασιλεύω
10073,παραβιβάζω,παρά,βιβάζω
10074,παραβλύζω,παρά,βλύζω
10075,παραβοάω,παρά,βοάω
10076,παραβουκολέω,παρά,βουκολέω
10077,παραβουλεύομαι,παρά,βουλεύω
10078,παραβραβεύω,παρά,βραβεύω
10079,παραξυράω,παρά,ξυρέω
10080,παραδέω,παρά,δέω
10081,παραδέω,παρά,δεῖ
10082,παραδειπνίζω,παρά,δειπνίζω
10083,παραδιαιτάομαι,παρά,διαιτάω
10084,παραδιατυπόω,παρά,διατυπόω
10085,παραδιηθέω,παρά,διηθέω
10086,παραδινέω,παρά,δινεύω
10087,παραδιοικέω,παρά,διοικέω
10088,παραδιορθόω,παρά,διορθόω
10089,παραδοξάζω,παρά,δοξάζω
10090,παραδολεσχέω,παρά,ἀδολεσχέω
10091,παραφάσσω,παρά,ἀφάσσω
10092,παραφηλόω,παρά,φηλόω
10093,παραφλυαρέω,παρά,φλυαρέω
10094,παραφομοιόω,παρά,ἀφομοιόω
10095,παραφορτίζομαι,παρά,φορτίζω
10096,παραφράζω,παρά,φράζω
10097,παραφρίζω,παρά,ἀφρίζω
10098,παραφρυκτωρέω,παρά,φρυκτωρέω
10099,παραφρυκτωρεύομαι,παρά,φρυκτωρεύω
10100,παραφυσάω,παρά,φυσάω
10101,παραφωνέω,παρά,φωνέω
10102,παραγκαλίζομαι,παρά,ἀγκαλίζομαι
10103,παραγκιστρόομαι,παρά,ἀγκιστρόομαι
10104,παραγοράζω,παρά,ἀγοράζω
10105,παραγορέομαι,παρά,ἀγοράομαι
10106,παραγραμματεύω,παρά,γραμματεύω
10107,παραγρυπνέω,παρά,ἀγρυπνέω
10108,παραιολίζω,παρά,αἰολίζω
10109,παρακακόω,παρά,κακόω
10110,παρακαλλύνω,παρά,καλλύνω
10111,παρακατασκευάζω,παρά,κατασκευάζω
10112,παρακαταχράομαι,παρά,καταχράομαι
10113,παρακαταχράομαι,παρά,καταχράω
10114,παρακαυλίζω,παρά,καυλίζω
10115,παρακενόω,παρά,κενόω
10116,παρακεντέω,παρά,κεντέω
10117,παρακλάομαι,παρά,κλάω
10118,παρακλάομαι,παρά,κλαίω
10119,παρακληρόω,παρά,κληρόω
10120,παρακλύζω,παρά,κλύζω
10121,παρακνάομαι,παρά,κνάω
10122,παρακοιμάομαι,παρά,κοιμάω
10123,παρακοιμίζω,παρά,κοιμίζω
10124,παρακολλάω,παρά,κολλάω
10125,παρακολυμβάω,παρά,κολυμβάω
10126,παρακορέω,παρά,κορέω
10127,παρακοτέω,παρά,κοτέω
10128,παρακουφίζω,παρά,κουφίζω
10129,παρακρατέω,παρά,κρατέω
10130,παρακροάομαι,παρά,ἀκροάομαι
10131,παρακροκίζω,παρά,κροκίζω
10132,παρακυέω,παρά,κυέω
10133,παρακυρόω,παρά,ἀκυρόω
10134,παρακυρόω,παρά,κυρόω
10135,παρακωμῳδέω,παρά,κωμῳδέω
10136,παραλαλέω,παρά,λαλέω
10137,παραλιθάζω,παρά,λιθάζω
10138,παραλληγορέω,παρά,ἀλληγορέω
10139,παραλοχίζω,παρά,λοχίζω
10140,παραλυτρόομαι,παρά,λυτρόω
10141,παραμαξεύω,παρά,ἁμαξεύω
10142,παραμβλύνω,παρά,ἀμβλύνω
10143,παραμηχανάομαι,παρά,ἀμηχανέω
10144,παραμηχανάομαι,παρά,μηχανάομαι
10145,παραμιλλάομαι,παρά,ἁμιλλάομαι
10146,παραμιμέομαι,παρά,μιμέομαι
10147,παραμισθόομαι,παρά,μισθόω
10148,παραμολύνω,παρά,μολύνω
10149,παραμύσσω,παρά,ἀμύσσω
10150,παραμύσσω,παρά,μύσσω
10151,παραμύσσω,παρά,μύζω
10152,παραναγκάζω,παρά,ἀναγκάζω
10153,παρανδρόομαι,παρά,ἀνδρόω
10154,παρανέομαι,παρά,νέομαι
10155,παρανέομαι,παρά,νέω
10156,παρανέω,παρά,νέω
10157,παρανέω,παρά,νεόω
10158,παρανεύω,παρά,νεύω
10159,παρανευρίζομαι,παρά,νευρίζω
10160,παρανοσφίζομαι,παρά,νοσφίζομαι
10161,παρανθέω,παρά,ἀνατίθημι
10162,παρανθέω,παρά,ἀνθέω
10163,παρανύσσω,παρά,ἀνύω
10164,παρανύσσω,παρά,νύσσω
10165,παρανυμφεύω,παρά,νυμφεύω
10166,παραπάσσω,παρά,πάσσω
10167,παραπάσσω,παρά,πατέομαι
10168,παραπαίζω,παρά,παίζω
10169,παραπειράομαι,παρά,πειράω
10170,παραπελεκάομαι,παρά,πελεκάω
10171,παραπεριπατέω,παρά,περιπατέω
10172,παραπηρόομαι,παρά,πηρόω
10173,παραπιστεύω,παρά,πιστεύω
10174,παραπλαγιάζω,παρά,πλαγιάζω
10175,παραπλανάομαι,παρά,πλανάω
10176,παραπληρόω,παρά,πληρόω
10177,παραπομπεύω,παρά,πομπεύω
10178,παραπορθμεύω,παρά,πορθμεύω
10179,παραπροσποιέομαι,παρά,προσποιέω
10180,παραπροχέομαι,παρά,προχέω
10181,παραπρυτανεύω,παρά,πρυτανεύω
10182,παραπτερυγίζω,παρά,πτερυγίζω
10183,παραπωλέω,παρά,πωλέω
10184,παραπωμάζω,παρά,πωμάζω
10185,παραθεμιστεύω,παρά,θεμιστεύω
10186,παραθερίζω,παρά,ἀθερίζω
10187,παραθερίζω,παρά,θερίζω
10188,παραθηλάζω,παρά,θηλάζω
10189,παραθηλύνω,παρά,θηλύνω
10190,παραθητεύω,παρά,θητεύω
10191,παραθρέω,παρά,ἀθρέω
10192,παραθρέω,παρά,θρέω
10193,παραθρίζω,παρά,θερίζω
10194,παραθρίζω,παρά,θρίζω
10195,παραθυμιάω,παρά,θυμιάω
10196,παραριγόω,παρά,ῥιγόω
10197,παραριθμέω,παρά,ἀριθμέω
10198,παραρθρόω,παρά,ἀρθρόω
10199,παραρριγόω,παρά,ῥιγόω
10200,παραρρινάω,παρά,ῥινάω
10201,παραρροιζέομαι,παρά,ῥοιζέω
10202,παραρρυπόω,παρά,ῥυπάω
10203,παραρτίζομαι,παρά,ἀρτίζω
10204,παρασαλεύω,παρά,σαλεύω
10205,παρασαρόω,παρά,σαρόω
10206,παρασεύω,παρά,σεύω
10207,παρασφάζω,παρά,σφάζω
10208,παρασφραγίζω,παρά,σφραγίζω
10209,παρασημειόομαι,παρά,σημειόω
10210,παρασκιάζω,παρά,σκιάζω
10211,παρασπειράομαι,παρά,σπειράομαι
10212,παραστάζω,παρά,στάζω
10213,παρασταυρόω,παρά,σταυρόω
10214,παραστεγάζω,παρά,στεγάζω
10215,παραστίζω,παρά,στίζω
10216,παραστοχάζομαι,παρά,στοχάζομαι
10217,παραστρατεύομαι,παρά,στρατεύω
10218,παραστρωφάω,παρά,στρωφάω
10219,παρασυγχέω,παρά,συγχύνω
10220,παρασυγχωρέω,παρά,συγχωρέω
10221,παρασυκοφαντέω,παρά,συκοφαντέω
10222,παρασυρίζω,παρά,συρίζω
10223,παρασωρεύω,παρά,σωρεύω
10224,παρασχάζω,παρά,σχάζω
10225,παρασχεδιάζω,παρά,σχεδιάζω
10226,παρασχηματίζω,παρά,σχηματίζω
10227,παρασχοινίζω,παρά,σχοινίζω
10228,παραταράσσω,παρά,ταράσσω
10229,παρατειχίζω,παρά,τειχίζω
10230,παρατελευτάω,παρά,τελευτάω
10231,παρατελωνέομαι,παρά,τελωνέω
10232,παρατεχνάομαι,παρά,τεχνάομαι
10233,παρατεχνολογέω,παρά,τεχνολογέω
10234,παρατιμάω,παρά,ἀτιμάω
10235,παρατιμάω,παρά,τιμάω
10236,παρατμίζω,παρά,ἀτμίζω
10237,παρατολμάω,παρά,τολμάω
10238,παρατραγῳδέω,παρά,τραγῳδέω
10239,παρατρύζω,παρά,τρύζω
10240,παρατρυγάω,παρά,τρυγάω
10241,παρατυπόομαι,παρά,τυπόω
10242,παραυλέω,παρά,αὐλέω
10243,παραυχενίζω,παρά,αὐχενίζω
10244,παραχάζω,παρά,χάζω
10245,παραχαλκεύω,παρά,χαλκεύω
10246,παραχορηγέω,παρά,χορηγέω
10247,παραχωρίζω,παρά,χωρίζω
10248,παραψάω,παρά,ψάω
10249,παραψηφίζομαι,παρά,ψηφίζομαι
10250,παραψηφίζομαι,παρά,ψηφίζω
10251,παραψηλαφάω,παρά,ψηλαφάω
10252,παραψοφέω,παρά,ψοφέω
10253,παραζάω,παρά,ζάω
10254,παραζηλόω,παρά,ζηλόω
10255,παραζητέω,παρά,ζητέω
10256,παραζωγραφέω,παρά,ζωγραφέω
10257,παρεάω,παρά,ἐάω
10258,παρεξαιρέω,παρά,ἐξαιρέω
10259,παρεξαρκέω,παρά,ἐξαρκέω
10260,παρεξερέομαι,παρά,ἐξέρομαι
10261,παρεξερέομαι,παρά,ἐξερέω
10262,παρεξηγέομαι,παρά,ἐξηγέομαι
10263,παρεξισόω,παρά,ἐξισόω
10264,παρεξωθέω,παρά,ἐξωθέω
10265,παρεδρήσσω,παρά,ἑδρήσσω
10266,παρεδριάω,παρά,ἑδριάω
10267,παρεγγίζω,παρά,ἐγγίζω
10268,παρεγκελεύομαι,παρά,ἐγκελεύω
10269,παρεγκυκλέω,παρά,ἐγκυκλέομαι
10270,παρεγχέω,παρά,ἐγχέω
10271,παρειλέω,παρά,εἴλω
10272,παρεισβιάζομαι,παρά,εἰσβιάζομαι
10273,παρεισδύνω,παρά,εἰσδύνω
10274,παρεισφρέω,παρά,εἰσφρέω
10275,παρεισκομίζω,παρά,εἰσκομίζω
10276,παρεισκυκλέω,παρά,εἰσκυκλέω
10277,παρεισπορεύομαι,παρά,εἰσπορεύω
10278,παρεισπράσσω,παρά,εἰσπράσσω
10279,παρεισχέω,παρά,εἰσχέω
10280,παρελπίζω,παρά,ἐλπίζω
10281,παρεμπάσσω,παρά,ἐμπάσσω
10282,παρεμπάσσω,παρά,ἐμπάζομαι
10283,παρεμπηδάω,παρά,ἐμπηδάω
10284,παρεμποδίζω,παρά,ἐμποδίζω
10285,παρεμποιέω,παρά,ἐμποιέω
10286,παρεναλλάσσομαι,παρά,ἐναλλάσσω
10287,παρενδημέω,παρά,ἐνδημέω
10288,παρενστάζω,παρά,ἐνστάζω
10289,παρεπιβοηθέω,παρά,ἐπιβοάω
10290,παρεπιβοηθέω,παρά,ἐπιβοηθέω
10291,παρεπιδημέω,παρά,ἐπιδημέω
10292,παρεπινοέω,παρά,ἐπινοέω
10293,παρεπιπάσσω,παρά,ἐπιπάσσω
10294,παρεπισκοπέω,παρά,ἐπισκοπέω
10295,παρεπισπάομαι,παρά,ἐπισπάω
10296,παρεπιχέω,παρά,ἐπιχέω
10297,παρερεθίζω,παρά,ἐρεθίζω
10298,παρεργολαβέω,παρά,ἐργολαβέω
10299,παρερμηνεύω,παρά,ἑρμηνεύω
10300,παρερπύζω,παρά,ἑρπύζω
10301,παρετάζω,παρά,ἐτάζω
10302,παρετοιμάζω,παρά,ἑτοιμάζω
10303,παρευημερέω,παρά,εὐημερέω
10304,παρευλαβέομαι,παρά,εὐλαβέομαι
10305,παρευνάομαι,παρά,εὐνάω
10306,παρευωχέομαι,παρά,εὐωχέω
10307,παρηγέομαι,παρά,ἡγέομαι
10308,παρημερεύω,παρά,ἡμερεύω
10309,παρηθέω,παρά,ἠθέω
10310,παρησυχάζω,παρά,ἡσυχάζω
10311,παρηχέομαι,παρά,ἠχέω
10312,παρισάζομαι,παρά,ἰσάζω
10313,παριστάω,παρά,ἱστάω
10314,παριστορέω,παρά,ἱστορέω
10315,παροδέομαι,παρά,ὁδάω
10316,παροδοποιέω,παρά,ὁδοποιέω
10317,παρογκόομαι,παρά,ὀγκόω
10318,παροιδέω,παρά,οἰδέω
10319,παροινοχοέω,παρά,οἰνοχοέω
10320,παροιστράω,παρά,οἰστράω
10321,παροκλάζω,παρά,ὀκλάζω
10322,παρομολογέω,παρά,ὁμολογέω
10323,παρονειδίζω,παρά,ὀνειδίζω
10324,παρονοματοποιέω,παρά,ὀνοματοποιέω
10325,παροπτάω,παρά,ὀπτάω
10326,παρορέω,παρά,ὁρέω
10327,παρορκέω,παρά,ὁρκέω
10328,παροχεύομαι,παρά,ὀχεύω
10329,παροχλέω,παρά,ὀχλέω
10330,παροψωνέω,παρά,ὀψωνέω
10331,παρυβρίζομαι,παρά,ὑβρίζω
10332,παρυμνέω,παρά,ὑμνέω
10333,παρυπαντάω,παρά,ὑπαντάω
10334,παρυπνόω,παρά,ὑπνάω
10335,παρυπνόω,παρά,ὑπνόω
10336,παρυποδύνω,παρά,ὑποδύω
10337,παρυπονοέω,παρά,ὑπονοέω
10338,πεδαρτάω,μετά,ἀρτάω
10339,πεδοιχνέω,μετά,οἰχνέω
10340,περατόω,περί,ἀτάομαι
10341,περιανθέω,περί,ἰαίνω
10342,περιβιάζομαι,περί,βιάζω
10343,περιβιβάζω,περί,βιβάζω
10344,περιβλύζω,περί,βλύζω
10345,περιβοάω,περί,βοάω
10346,περιβομβέω,περί,βομβέω
10347,περιβρομέω,περί,βρομέω
10348,περιβροντάομαι,περί,βροντάω
10349,περιβυρσόομαι,περί,βυρσόω
10350,περιδαπανάομαι,περί,δαπανάω
10351,περιδειπνέω,περί,δειπνέω
10352,περιδηριάω,περί,δηριάομαι
10353,περιδιαιρέω,περί,διαιρέω
10354,περιδιαρθρόομαι,περί,διαρθρόω
10355,περιδιπλόω,περί,διπλάζω
10356,περιδιπλόω,περί,διπλόω
10357,περιδονέω,περί,δονέω
10358,περίειμι1,περί,εἰμί
10359,περίειμι2,περί,εἶμι
10360,περιφημίζω,περί,φημίζω
10361,περιφιμόω,περί,φιμόω
10362,περιφλογίζω,περί,φλογίζω
10363,περιφοιτάω,περί,φοιτάω
10364,περιφορέω,περί,φορέω
10365,περιφρίσσω,περί,φρίσσω
10366,περιφυλάσσω,περί,φυλάσσω
10367,περιφυλάσσω,περί,φυλάζω
10368,περιφωτίζω,περί,φωτίζω
10369,περιγανόω,περί,γανάω
10370,περιγανόω,περί,γανόω
10371,περιγελάω,περί,γελάω
10372,περιγογγύζω,περί,γογγύζω
10373,περικαγχαλάω,περί,καγχαλάω
10374,περικαθαρίζω,περί,καθαρίζω
10375,περικατακλάω,περί,κατακλάω
10376,περικατακλάω,περί,κατακλαίω
10377,περικατασφάζω,περί,κατασφάζω
10378,περικαταχέω,περί,καταχεύω
10379,περικαταχέω,περί,κατηχέω
10380,περικεντέω,περί,κεντέω
10381,περικινέω,περί,κινέω
10382,περικλάζω,περί,κλάζω
10383,περικλονέω,περί,κλονέω
10384,περικοιμάομαι,περί,κοιμάω
10385,περικολλάω,περί,κολλάω
10386,περικολπίζω,περί,κολπίζω
10387,περικομπέω,περί,κομπέω
10388,περικονιάω,περί,κονιάω
10389,περικορδακίζω,περί,κορδακίζω
10390,περικοσμέω,περί,κοσμέω
10391,περικράζω,περί,κράζω
10392,περικρατέω,περί,κρατέω
10393,περικροτέω,περί,κροτέω
10394,περικτάομαι,περί,κτάομαι
10395,περικτυπέω,περί,κτυπέω
10396,περικυβιστάω,περί,κυβιστάω
10397,περικυκλέω,περί,κυκλέω
10398,περικυρτόομαι,περί,κυρτόω
10399,περιλακίζω,περί,λακίζω
10400,περιλαλέω,περί,λαλέω
10401,περιλιχμάζω,περί,λιχμάζω
10402,περιλιχνεύω,περί,λιχνεύω
10403,περιλυγίζω,περί,λυγίζω
10404,περιλωπίζω,περί,λωπίζω
10405,περιμαστεύω,περί,μαστεύω
10406,περιμηκάομαι,περί,μηκάομαι
10407,περιμοχθέω,περί,μοχθέω
10408,περιμυδάω,περί,μυδάω
10409,περινάω,περί,νάω
10410,περινοτίζω,περί,νοτίζω
10411,περιπάσσω,περί,πάσσω
10412,περιπάσσω,περί,πατέομαι
10413,περιπαιφάσσω,περί,παιφάσσω
10414,περιπαλάσσομαι,περί,παλάσσω
10415,περιπαχνόομαι,περί,παχνόω
10416,περιπηχύνω,περί,πηχύνομαι
10417,περιπιλέω,περί,πιλέω
10418,περιπλαταγέω,περί,πλαταγέω
10419,περιπολάζω,περί,πολάζω
10420,περιπολεύω,περί,πολεύω
10421,περιπολίζω,περί,πολίζω
10422,περιπομπεύω,περί,πομπεύω
10423,περιπονέω,περί,πονέω
10424,περιπορπάομαι,περί,πορπάω
10425,περιπροθέω,περί,προθέω
10426,περιπροθέω,περί,προτίθημι
10427,περιπυκάζω,περί,πυκάζω
10428,περιπωμάζω,περί,πωμάζω
10429,περιθαρσύνω,περί,θαρσύνω
10430,περιθεάομαι,περί,θεάομαι
10431,περιθεόω,περί,θεάομαι
10432,περιθεόω,περί,θεάζω
10433,περιθεόω,περί,θεόω
10434,περιθρυλέω,περί,θρυλέω
10435,περιθυμιάω,περί,θυμιάω
10436,περιρραπίζω,περί,ῥαπίζω
10437,περισαλπίζω,περί,σαλπίζω
10438,περισαρκίζω,περί,σαρκίζω
10439,περισαρκόω,περί,σαρκάω
10440,περισαρκόω,περί,σαρκάζω
10441,περισαρκόω,περί,σαρκόω
10442,περισφηκόω,περί,σφηκόω
10443,περισφριγάω,περί,σφριγάω
10444,περισιδηρόομαι,περί,σιδηρόω
10445,περισκελίζω,περί,σκελίζω
10446,περισκεπάζω,περί,σκεπάζω
10447,περισκιάζομαι,περί,σκιάζω
10448,περισκορπίζω,περί,σκορπίζω
10449,περισκυθίζω,περί,σκυθίζω
10450,περισμάω,περί,σμάω
10451,περισπιλόω,περί,σπιλόω
10452,περισπουδάζω,περί,σπουδάζω
10453,περιστενοχωρέομαι,περί,στενοχωρέω
10454,περιστηλόομαι,περί,στηλόω
10455,περιστηρίζω,περί,στηρίζω
10456,περιστιχάω,περί,στιχάομαι
10457,περιστλεγγίζω,περί,στλεγγίζω
10458,περιστοιχέω,περί,στοιχέω
10459,περιστοναχέω,περί,στοναχέω
10460,περιστροβέω,περί,στροβέω
10461,περιστροφέω,περί,στροφέω
10462,περιστυφελίζομαι,περί,στυφελίζω
10463,περισυγχωρέω,περί,συγχωρέω
10464,περισωρεύω,περί,σωρεύω
10465,περιτεχνάομαι,περί,τεχνάομαι
10466,περιτινάσσω,περί,τινάσσω
10467,περιτορνεύω,περί,τορνεύω
10468,περιτρίζω,περί,τρίζω
10469,περιτροχάζω,περί,τροχάζω
10470,περιτρύζω,περί,τρύζω
10471,περιτρυπάω,περί,τρυπάω
10472,περιτρωχάω,περί,τρωχάω
10473,περιττοπαθέω,περί,τοπέω
10474,περιτυλίσσω,περί,τυλίσσω
10475,περιτυμπανίζομαι,περί,τυμπανίζω
10476,περιτυπόω,περί,τυπόω
10477,περιχαλάω,περί,χαλάω
10478,περιχαλινόω,περί,χαλινόω
10479,περιχαλκόω,περί,χαλκόω
10480,περιχαράσσω,περί,χαράσσω
10481,περιχιλόω,περί,χιλόω
10482,περιχωνεύομαι,περί,χοανεύω
10483,περιχωνεύομαι,περί,χωνεύω
10484,περιψιθυρίζω,περί,ψιθυρίζω
10485,περιψοφέω,περί,ψοφέω
10486,περνάω,περί,νάω
10487,ποταυλέω,πρός,αὐλέω
10488,ποτιδεύομαι,πρός,δεύω
10489,ποτιπορεύομαι,πρός,πορεύω
10490,ποτιστάζω,πρός,στάζω
10491,προβαδίζω,πρό,βαδίζω
10492,προβαρύνω,πρό,βαρύνω
10493,προβασιλεύω,πρό,βασιλεύω
10494,προβαστάζω,πρό,βαστάζω
10495,προβεβαιόω,πρό,βεβαιόω
10496,προξενίζω,πρό,ξενίζω
10497,προξενόομαι,πρό,ξενόω
10498,προξυράω,πρό,ξυρέω
10499,προδεξιόομαι,πρό,δεξιόομαι
10500,προδειπνέω,πρό,δειπνέω
10501,προδεσμέω,πρό,δεσμεύω
10502,προδημαγωγέω,πρό,δημαγωγέω
10503,προδημιουργέω,πρό,δημιουργέω
10504,προδιαβεβαιόω,πρό,διαβεβαιόομαι
10505,προδιαβιβάζω,πρό,διαβιβάζω
10506,προδιαγωνίζομαι,πρό,διαγωνίζομαι
10507,προδιαιρέω,πρό,διαιρέω
10508,προδιαιτάω,πρό,διαιτάω
10509,προδιακινέω,πρό,διακινέω
10510,προδιακλύζομαι,πρό,διακλύζω
10511,προδιακονέομαι,πρό,διακονέω
10512,προδιαλλάσσω,πρό,διαλλάσσω
10513,προδιαλογίζομαι,πρό,διαλογίζομαι
10514,προδιανοέομαι,πρό,διανοέομαι
10515,προδιαντλέομαι,πρό,διαντλέω
10516,προδιαπλάσσω,πρό,διαπλάσσω
10517,προδιαπλάσσω,πρό,διαπλήσσω
10518,προδιαπλέω,πρό,διαπλέω
10519,προδιαπονέομαι,πρό,διαπονέω
10520,προδιαπορέομαι,πρό,διαπορέω
10521,προδιαριθμέομαι,πρό,διαριθμέω
10522,προδιαρπάζω,πρό,διαρπάζω
10523,προδιαρθρόω,πρό,διαρθρόω
10524,προδιασαφέω,πρό,διασαφέω
10525,προδιασαφηνίζω,πρό,διασαφηνίζω
10526,προδιασαλεύω,πρό,διασαλεύω
10527,προδιασκοπέω,πρό,διασκοπέω
10528,προδιατάσσομαι,πρό,διατάσσω
10529,προδιαττάω,πρό,διαττάω
10530,προδιατυπόω,πρό,διατυπόω
10531,προδιεορτάζω,πρό,διεορτάζω
10532,προδιευκρινέω,πρό,διευκρινέω
10533,προδιηθέω,πρό,διηθέω
10534,προδικάζω,πρό,δικάζω
10535,προδικέω,πρό,δικέω
10536,προδιοδεύω,πρό,διοδεύω
10537,προδιορθόομαι,πρό,διορθόω
10538,προδιυλίζω,πρό,διυλίζω
10539,προδοκιμάζω,πρό,δοκιμάζω
10540,προδουλόω,πρό,δουλόω
10541,προδουπέω,πρό,δουπέω
10542,προδύνω,πρό,δύναμαι
10543,προδύνω,πρό,δύω
10544,προδυστυχέω,πρό,δυστυχέω
10545,προδυσωπέω,πρό,δυσωπέω
10546,προδωρέομαι,πρό,δωρέω
10547,προφατίζω,πρό,φατίζω
10548,προφημίζω,πρό,φημίζω
10549,προφοιβάομαι,πρό,φοιβάω
10550,προφοινίσσω,πρό,φοινίσσω
10551,προφοιτάω,πρό,φοιτάω
10552,προφροντίζω,πρό,φροντίζω
10553,προγαμέω,πρό,γαμέω
10554,προγανόω,πρό,γανάω
10555,προγανόω,πρό,γανόω
10556,προγελάω,πρό,γελάω
10557,προγεννάω,πρό,γεννάω
10558,προγεύω,πρό,γεύω
10559,προγεωμετρέω,πρό,γεωμετρέω
10560,προγεωργέω,πρό,γεωργέω
10561,προγνωρίζω,πρό,γνωρίζω
10562,προγρηγορέω,πρό,γρηγορέω
10563,προκαδδικάζομαι,πρό,καταδικάζω
10564,προκακόομαι,πρό,κακόω
10565,προκακοπαθέω,πρό,κακοπαθέω
10566,προκαθαιρέω,πρό,καθαιρέω
10567,προκαθαρπάζω,πρό,καθαρπάζω
10568,προκαθιερόομαι,πρό,καθιερόω
10569,προκαθοσιόομαι,πρό,καθοσιόομαι
10570,προκαταδικάζομαι,πρό,καταδικάζω
10571,προκαταδουλόομαι,πρό,καταδουλόω
10572,προκαταδύνω,πρό,καταδύω
10573,προκαταγελάω,πρό,καταγελάω
10574,προκαταγωνίζομαι,πρό,καταγωνίζομαι
10575,προκατακλάω,πρό,κατακλάω
10576,προκατακλάω,πρό,κατακλαίω
10577,προκατακλύζω,πρό,κατακλύζω
10578,προκατακνίζω,πρό,κατακνίζω
10579,προκαταλλάσσομαι,πρό,καταλλάσσω
10580,προκαταμαλάσσω,πρό,καταμαλάσσω
10581,προκαταμαντεύομαι,πρό,καταμαντεύομαι
10582,προκατανοέω,πρό,κατανοέω
10583,προκαταντλέω,πρό,καταντλέω
10584,προκατανύσσω,πρό,κατανύσσομαι
10585,προκατανύσσω,πρό,κατανύω
10586,προκαταπλάσσω,πρό,καταπλάσσω
10587,προκαταπλάσσω,πρό,καταπλήσσω
10588,προκαταπλήσσω,πρό,καταπλήσσω
10589,προκαταπονέω,πρό,καταπονέω
10590,προκατασφάζω,πρό,κατασφάζω
10591,προκαταυλέω,πρό,καταυλέω
10592,προκαταχέω,πρό,καταχεύω
10593,προκαταχέω,πρό,κατηχέω
10594,προκαταχωρίζω,πρό,καταχωρίζω
10595,προκαταψάω,πρό,καταψάω
10596,προκατεγγυάω,πρό,κατεγγυάω
10597,προκατελίσσω,πρό,καθελίσσω
10598,προκατεργάζομαι,πρό,κατεργάζομαι
10599,προκατηχέω,πρό,κατηχέω
10600,προκατοικέω,πρό,κατοικέω
10601,προκατοπτεύω,πρό,κατοπτεύω
10602,προκατορθόω,πρό,κατορθόω
10603,προκατορρωδέω,πρό,κατορρωδέω
10604,προκελεύω,πρό,κελεύω
10605,προκεντέω,πρό,κεντέω
10606,προκηδεύω,πρό,κηδεύω
10607,προκλύζω,πρό,κλύζω
10608,προκοιμάομαι,πρό,κοιμάω
10609,προκοιτέω,πρό,κοιτέω
10610,προκοπιάω,πρό,κοπιάω
10611,προκρατέω,πρό,κρατέω
10612,προκτάομαι,πρό,κτάομαι
10613,προκυβερνάω,πρό,κυβερνάω
10614,προκυέω,πρό,κυέω
10615,προκυκλέω,πρό,κυκλέω
10616,προκυνέω,πρό,κυνάω
10617,προκυνέω,πρό,κυνέω
10618,προλεπτύνω,πρό,λεπτύνω
10619,προλιβανωτίζω,πρό,λιβανωτίζω
10620,προλιμνάζω,πρό,λιμνάζω
10621,προλιμοκτονέομαι,πρό,λιμοκτονέω
10622,προλιχνεύομαι,πρό,λιχνεύω
10623,προλογέω,πρό,λογέω
10624,προλυσσάω,πρό,λυσσάω
10625,προλωβάομαι,πρό,λωβάομαι
10626,προμάσσω,πρό,μάσσω
10627,προμάσσω,πρό,μαίομαι
10628,προμαλακύνω,πρό,μαλακύνομαι
10629,προμασάομαι,πρό,μασάομαι
10630,προμερίζω,πρό,μερίζω
10631,προμετρέω,πρό,μετρέω
10632,προμηλόω,πρό,μηλόω
10633,προμνημονεύω,πρό,μνημονεύω
10634,προμοιχεύω,πρό,μοιχεύω
10635,προμύσσω,πρό,μύσσω
10636,προμύσσω,πρό,μύζω
10637,προμυέω,πρό,μυέω
10638,προμυρίζω,πρό,μυρίζω
10639,προμυχθίζω,πρό,μυχθίζω
10640,προναυκληρέω,πρό,ναυκληρέω
10641,προνέομαι,πρό,νέομαι
10642,προνέομαι,πρό,νέω
10643,προνέω,πρό,νέω
10644,προνέω,πρό,νεόω
10645,προνίζω,πρό,νίζω
10646,προνομοθετέω,πρό,νομοθετέω
10647,προνοσέω,πρό,νοσέω
10648,προνοτίζω,πρό,νοτίζω
10649,προπαίζω,πρό,παίζω
10650,προπαιδοποιέω,πρό,παιδοποιέω
10651,προπαλαιόω,πρό,παλαιόω
10652,προπαραινέω,πρό,παραινέω
10653,προπαραιτέομαι,πρό,παραιτέομαι
10654,προπαρατάσσω,πρό,παρατάσσω
10655,προπαραχωρέω,πρό,παραχωρέω
10656,προπαρεγγυάω,πρό,παρεγγυάω
10657,προπαροξύνω,πρό,παροξύνω
10658,προπατέω,πρό,πατέω
10659,προπέσσω,πρό,πέσσω
10660,προπειράομαι,πρό,πειράω
10661,προπειράζω,πρό,πειράζω
10662,προπερικλύζω,πρό,περικλύζομαι
10663,προπεριπατέω,πρό,περιπατέω
10664,προπερισπάω,πρό,περισπάω
10665,προπιστόομαι,πρό,πιστόω
10666,προπλάσσω,πρό,πλάσσω
10667,προπλάσσω,πρό,πλήσσω
10668,προπλήσσω,πρό,πλήσσω
10669,προπληρόω,πρό,πληρόω
10670,προπλύνω,πρό,πλύνω
10671,προπολιτεύομαι,πρό,πολιτεύω
10672,προπρεσβεύω,πρό,πρεσβεύω
10673,προπροβιάζομαι,πρό,προβιάζομαι
10674,προπροθέω,πρό,προθέω
10675,προπροθέω,πρό,προτίθημι
10676,προπυρόω,πρό,πυρόω
10677,προπωλέω,πρό,πωλέω
10678,προθεάομαι,πρό,θεάομαι
10679,προθεμελιόω,πρό,θεμελιόω
10680,προθερίζω,πρό,θερίζω
10681,προθεωρέω,πρό,θεωρέω
10682,προθηράω,πρό,θηράω
10683,προθησαυρίζω,πρό,θησαυρίζω
10684,προθλάω,πρό,θλάω
10685,προθρηνέω,πρό,θρηνέω
10686,προρρυθμίζω,πρό,ῥυθμίζω
10687,προσάσσω,πρό,σάττω
10688,προσαδικέω,πρός,ἀδικέω
10689,προσαφορίζω,πρός,ἀφορίζω
10690,προσαφρίζω,πρός,ἀφρίζω
10691,προσαγανακτέω,πρός,ἀγανακτέω
10692,προσαγκαλίζομαι,πρός,ἀγκαλίζομαι
10693,προσαγκυλόομαι,πρός,ἀγκυλόω
10694,προσαγνοέω,πρός,ἀγνοέω
10695,προσαγοράζω,πρός,ἀγοράζω
10696,προσαγρυπνέω,πρός,ἀγρυπνέω
10697,προσαγωνίζομαι,πρός,ἀγωνίζομαι
10698,προσαικίζομαι,πρός,αἰκίζω
10699,προσαιωρέομαι,πρός,αἰωρέω
10700,προσακριβόω,πρός,ἀκριβόω
10701,προσαλίζομαι,πρός,ἁλίζω
10702,προσαλλοτριόομαι,πρός,ἀλλοτριόω
10703,προσαμιλλάομαι,πρός,ἁμιλλάομαι
10704,προσαμύσσω,πρός,ἀμύσσω
10705,προσαναιδεύομαι,πρός,ἀναιδεύομαι
10706,προσανακαθίζω,πρός,ἀνακαθίζω
10707,προσανακεφαλαιόομαι,πρός,ἀνακεφαλαιόω
10708,προσανακλάω,πρός,ἀνακλάω
10709,προσανακοινόομαι,πρός,ἀνακοινόω
10710,προσανακουφίζω,πρός,ἀνακουφίζω
10711,προσανακτάομαι,πρός,ἀνακτάομαι
10712,προσαναλογίζομαι,πρός,ἀναλογίζομαι
10713,προσαναμετρέω,πρός,ἀναμετρέω
10714,προσανανεόομαι,πρός,ἀνανεόομαι
10715,προσαναπειράομαι,πρός,ἀναπειράομαι
10716,προσαναπηδάω,πρός,ἀναπηδάω
10717,προσαναπλάσσω,πρός,ἀναπλάσσω
10718,προσαναπτύσσω,πρός,ἀναπτύσσω
10719,προσαναρτάω,πρός,ἀναρτάω
10720,προσανασπάω,πρός,ἀνασπάω
10721,προσανατυπόω,πρός,ἀνατυπόω
10722,προσαναχωρέω,πρός,ἀναχωρέω
10723,προσαναζητέω,πρός,ἀναζητέω
10724,προσανιμάω,πρός,ἀνιμάω
10725,προσανοιδέω,πρός,ἀνοιδέω
10726,προσανοικοδομέομαι,πρός,ἀνοικοδομέω
10727,προσανθέω,πρός,ἀνθέω
10728,προσαντάω,πρός,ἀντάω
10729,προσαντεπιτάσσω,πρός,ἀντεπιτάσσω
10730,προσαντιβολέω,πρός,ἀντιβολέω
10731,προσαντλέω,πρός,ἀντλέω
10732,προσαπαγορεύω,πρός,ἀπαγορεύω
10733,προσαπαντάω,πρός,ἀπαντάω
10734,προσαπαρτίζω,πρός,ἀπαρτίζω
10735,προσαπαυδάω,πρός,ἀπαυδάω
10736,προσαπεργάζομαι,πρός,ἀπεργάζομαι
10737,προσαποξέω,πρός,ἀποξέω
10738,προσαποφράσσω,πρός,ἀποφράγνυμι
10739,προσαποκλύζω,πρός,ἀποκλύζω
10740,προσαποσκευάζομαι,πρός,ἀποσκευάζω
10741,προσαπωθέω,πρός,ἀπωθέω
10742,προσαθροίζω,πρός,ἀθροίζω
10743,προσαθυμέω,πρός,ἀθυμέω
10744,προσαριθμέω,πρός,ἀριθμέω
10745,προσαριστάω,πρός,ἀριστάω
10746,προσαρκόω,πρό,σαρκάω
10747,προσαρκόω,πρό,σαρκάζω
10748,προσαρκόω,πρό,σαρκόω
10749,προσαρθρόομαι,πρός,ἀρθρόω
10750,προσασφαλίζομαι,πρός,ἀσφαλίζομαι
10751,προσασκέω,πρός,ἀσκέω
10752,προσασπάζομαι,πρός,ἀσπάζομαι
10753,προσασχολέομαι,πρός,ἀσχολέω
10754,προσατιμόομαι,πρός,ἀτιμόω
10755,προσαυγάζω,πρός,αὐγάζω
10756,προσαυλέω,πρός,αὐλέω
10757,προσαυτουργέω,πρός,αὐτουργέω
10758,προσβαδίζω,πρός,βαδίζω
10759,προσβαθύνω,πρός,βαθύνω
10760,προσβασανίζω,πρός,βασανίζω
10761,προσβεβαιόω,πρός,βεβαιόω
10762,προσβλασφημέω,πρός,βλασφημέω
10763,προσβλύζω,πρός,βλύζω
10764,προσβράσσω,πρός,βράσσω
10765,προσβράσσω,πρός,βράζω
10766,προσξενολογέω,πρός,ξενολογέω
10767,προσδατέομαι,πρός,δατέομαι
10768,προσδαψιλεύομαι,πρός,δαψιλεύομαι
10769,προσδεξιόομαι,πρός,δεξιόομαι
10770,προσδηλόω,πρός,δηλόω
10771,προσδημαγωγέω,πρός,δημαγωγέω
10772,προσδιαφορέω,πρός,διαφορέω
10773,προσδιαιτάομαι,πρός,διαιτάω
10774,προσδιακριβόω,πρός,διακριβόω
10775,προσδιανοέομαι,πρός,διανοέομαι
10776,προσδιαπολεμέω,πρός,διαπολεμέω
10777,προσδιαπορέω,πρός,διαπορέω
10778,προσδιαρκέω,πρός,διαρκέω
10779,προσδιαρπάζω,πρός,διαρπάζω
10780,προσδιαρθρόω,πρός,διαρθρόω
10781,προσδιατάσσω,πρός,διατάσσω
10782,προσδιαταράσσω,πρός,διαταράσσω
10783,προσδιεγγυάω,πρός,διεγγυάω
10784,προσδιερευνάομαι,πρός,διερευνάω
10785,προσδιευκρινέω,πρός,διευκρινέω
10786,προσδιηθέω,πρός,διηθέω
10787,προσδιοικέω,πρός,διοικέω
10788,προσδοξάζω,πρός,δοξάζω
10789,προσδουλεύω,πρός,δουλεύω
10790,προσδύνω,πρός,δύναμαι
10791,προσδύνω,πρός,δύω
10792,προσδωρέομαι,πρός,δωρέω
10793,προσεβάζομαι,πρό,σεβάζομαι
10794,προσεξασκέω,πρός,ἐξασκέω
10795,προσεξελαύνω,πρός-ἐκ,ἐλαύνω
10796,προσεξεμέω,πρός,ἐξεμέω
10797,προσεξηγέομαι,πρός,ἐξηγέομαι
10798,προσεξορκίζω,πρός,ἐξορκίζω
10799,προσεγγελάω,πρός,ἐγγελάω
10800,προσεγκαλέω,πρός,ἐγκαλέω
10801,προσεγχέω,πρός,ἐγχέω
10802,προσεκβοάω,πρός,ἐκβοάω
10803,προσεκφοβέω,πρός,ἐκφοβέω
10804,προσεκλογίζομαι,πρός,ἐκλογίζομαι
10805,προσεκπληρόω,πρός,ἐκπληρόω
10806,προσεκπνέω,πρός,ἐκπνέω
10807,προσεκπονέω,πρός,ἐκπονέω
10808,προσεκπορίζω,πρός,ἐκπορίζω
10809,προσεκσπάω,πρός,ἐκσπάω
10810,προσεκταράσσω,πρός,ἐκταράσσω
10811,προσεκτραχηλίζω,πρός,ἐκτραχηλίζω
10812,προσεκτυφλόω,πρός,ἐκτυφλόω
10813,προσελαφρύνω,πρός,ἐλαφρύνω
10814,προσελπίζω,πρός,ἐλπίζω
10815,προσεμβατεύω,πρός,ἐμβατεύω
10816,προσεμβριμάομαι,πρός,ἐμβριμάομαι
10817,προσεμφανίζω,πρός,ἐμφανίζω
10818,προσεμφορέω,πρός,ἐμφορέω
10819,προσεμφράσσω,πρός,ἐμφράσσω
10820,προσεμφυσάω,πρός,ἐμφυσάω
10821,προσεμφυσιόω,πρός,ἐμφυσιόω
10822,προσεμπάσσω,πρός,ἐμπάσσω
10823,προσεμπάσσω,πρός,ἐμπάζομαι
10824,προσεμπεδόω,πρός,ἐμπεδόω
10825,προσεμπλάσσω,πρός,ἐμπλάσσω
10826,προσεμπλάσσω,πρός,ἐμπλήσσω
10827,προσεμπολάω,πρός,ἐμπολάω
10828,προσενόω,πρός,νάω
10829,προσενοχλέω,πρός,ἐνοχλέω
10830,προσενθυμέομαι,πρός,ἐνθυμέομαι
10831,προσεπαπειλέω,πρός,ἐπαπειλέω
10832,προσεπαράομαι,πρός,ἐπαράομαι
10833,προσεπεξεργάζομαι,πρός,ἐπεξεργάζομαι
10834,προσεπελπίζω,πρός,ἐπελπίζω
10835,προσεπερωτάω,πρός,ἐπερωτάω
10836,προσεπευωνίζω,πρός,ἐπευωνίζω
10837,προσεπηρεάζω,πρός,ἐπηρεάζω
10838,προσεπηχέω,πρός,ἐπηχέω
10839,προσεπιβοάω,πρός,ἐπιβοάω
10840,προσεπιβοηθέω,πρός,ἐπιβοάω
10841,προσεπιβοηθέω,πρός,ἐπιβοηθέω
10842,προσεπιδαψιλεύομαι,πρός,ἐπιδαψιλεύομαι
10843,προσεπιδέομαι,πρός,ἐπιδέω
10844,προσεπιδέω,πρός,ἐπιδέω
10845,προσεπιδεσμέω,πρός,ἐπιδεσμεύω
10846,προσεπιδημέω,πρός,ἐπιδημέω
10847,προσεπιδιαιρέω,πρός,ἐπιδιαιρέω
10848,προσεπιδράσσομαι,πρός,ἐπιδράσσομαι
10849,προσεπιφημίζω,πρός,ἐπιφημίζω
10850,προσεπιφοιτάω,πρός,ἐπιφοιτάω
10851,προσεπιφθονέω,πρός,ἐπιφθονέω
10852,προσεπικαλέω,πρός,ἐπικαλέω
10853,προσεπικερτομέω,πρός,ἐπικερτομέω
10854,προσεπικηρύσσω,πρός,ἐπικηρύσσω
10855,προσεπιλιχμάομαι,πρός,ἐπιλιχμάω
10856,προσεπιλογίζομαι,πρός,ἐπιλογίζομαι
10857,προσεπιμελέομαι,πρός,ἐπιμελέομαι
10858,προσεπιμετρέω,πρός,ἐπιμετρέω
10859,προσεπιμηχανάομαι,πρός,ἐπιμηχανάομαι
10860,προσεπινεύω,πρός,ἐπινεύω
10861,προσεπινοέω,πρός,ἐπινοέω
10862,προσεπινύσσω,πρός,πινύσκω
10863,προσεπιπάσσω,πρός,ἐπιπάσσω
10864,προσεπιπηδάω,πρός,ἐπιπηδάω
10865,προσεπιπλέω,πρός,ἐπιπλέω
10866,προσεπιπληρόω,πρός,ἐπιπληρόω
10867,προσεπιθεσπίζω,πρός,ἐπιθεσπίζω
10868,προσεπιρρέω,πρός,ἐπιρρέω
10869,προσεπιρρητορεύω,πρός,ἐπιρρητορεύω
10870,προσεπιρροφέω,πρός,ἐπιρροφέω
10871,προσεπισκευάζω,πρός,ἐπισκευάζω
10872,προσεπισκοπέω,πρός,ἐπισκοπέω
10873,προσεπισπάομαι,πρός,ἐπισπάω
10874,προσεπιταλαιπωρέω,πρός,ἐπιταλαιπωρέω
10875,προσεπιτελέω,πρός,ἐπιτέλλω
10876,προσεπιτελέω,πρός,ἐπιτελέω
10877,προσεπιτελέω,πρός,ἐπιτελειόω
10878,προσεπιτεχνάομαι,πρός,ἐπιτεχνάομαι
10879,προσεπιτιμάω,πρός,ἐπιτιμάω
10880,προσεπιτραγῳδέω,πρός,ἐπιτραγῳδέω
10881,προσεπιχαράσσω,πρός,ἐπιχαράσσω
10882,προσεπιχέω,πρός,ἐπιχέω
10883,προσεπιψηφίζομαι,πρός,ἐπιψηφίζω
10884,προσεπιζητέω,πρός,ἐπιζητέω
10885,προσερανίζω,πρός,ἐρανίζω
10886,προσερέσσω,πρός,ἐρέσσω
10887,προσερεθίζω,πρός,ἐρεθίζω
10888,προσετοιμάζω,πρός,ἑτοιμάζω
10889,προσευεργετέω,πρός,εὐεργετέω
10890,προσευκαιρέω,πρός,εὐκαιρέω
10891,προσευλαβέομαι,πρός,εὐλαβέομαι
10892,προσευλογέω,πρός,εὐλογέω
10893,προσευνάζομαι,πρός,εὐνάζω
10894,προσευσχολέω,πρός,εὐσχολέω
10895,προσευτελίζω,πρός,εὐτελίζω
10896,προσφιλοφρονέομαι,πρός,φιλοφρονέομαι
10897,προσφιλοπονέω,πρός,φιλοπονέω
10898,προσφιλοτεχνέω,πρός,φιλοτεχνέω
10899,προσφιλοτιμέομαι,πρός,φιλοτιμέομαι
10900,προσφραγίζω,πρό,σφραγίζω
10901,προσφυράω,πρός,φυράω
10902,προσφυσάω,πρός,φυσάω
10903,προσφυτεύω,πρός,φυτεύω
10904,προσγειτνιάω,πρός,γειτνιάω
10905,προσγομφόω,πρός,γομφόω
10906,προσηλιάζομαι,πρός,ἡλιάζομαι
10907,προσημειόομαι,πρό,σημειόω
10908,προσημερεύω,πρός,ἡμερεύω
10909,προσιατρεύω,πρός,ἰατρεύω
10910,προσικετεύω,πρός,ἱκετεύω
10911,προσιπόω,πρός,ἰπόω
10912,προσιππάζομαι,πρός,ἱππάζομαι
10913,προσιτεύω,πρό,σιτεύω
10914,προσκαινόω,πρός,καινόω
10915,προσκαινουργέω,πρός,καινουργέω
10916,προσκακόω,πρός,κακόω
10917,προσκακουργέω,πρός,κακουργέω
10918,προσκαλεύω,πρό,σκαλεύω
10919,προσκαλινδέομαι,πρός,καλινδέομαι
10920,προσκαθαιρέω,πρός,καθαιρέω
10921,προσκαθιερόω,πρός,καθιερόω
10922,προσκαθοπλίζω,πρός,καθοπλίζω
10923,προσκαθοράω,πρός,καθοράω
10924,προσκαθοσιόω,πρός,καθοσιόομαι
10925,προσκαταδέω,πρός,καταδέω
10926,προσκαταφρονέω,πρός,καταφρονέω
10927,προσκαταφυτεύω,πρός,καταφυτεύω
10928,προσκαταγελάω,πρός,καταγελάω
10929,προσκατακλύζω,πρός,κατακλύζω
10930,προσκατακτάομαι,πρός,κατακτάομαι
10931,προσκαταλαλέω,πρός,καταλαλέω
10932,προσκαταμετρέω,πρός,καταμετρέω
10933,προσκατανοέω,πρός,κατανοέω
10934,προσκαταπλάσσω,πρός,καταπλάσσω
10935,προσκαταπλάσσω,πρός,καταπλήσσω
10936,προσκαταπλήσσω,πρός,καταπλήσσω
10937,προσκαταποντίζω,πρός,καταποντόω
10938,προσκαταποντόω,πρός,καταποντόω
10939,προσκαταπυκνόω,πρός,καταπυκνόω
10940,προσκαταράομαι,πρός,καταράομαι
10941,προσκατασπάω,πρός,κατασπάω
10942,προσκαταχέω,πρός,καταχεύω
10943,προσκαταχέω,πρός,κατηχέω
10944,προσκαταχράομαι,πρός,καταχράομαι
10945,προσκαταχράομαι,πρός,καταχράω
10946,προσκαταχωρίζω,πρός,καταχωρίζω
10947,προσκατειλέω,πρός,κατειλέω
10948,προσκατεργάζομαι,πρός,κατεργάζομαι
10949,προσκατοικίζω,πρός,κατοικίζω
10950,προσκατορθόω,πρός,κατορθόω
10951,προσκενόω,πρός,κενόω
10952,προσκινδυνεύω,πρός,κινδυνεύω
10953,προσκινέομαι,πρός,κινέω
10954,προσκιθαρίζω,πρός,κιθαρίζω
10955,προσκνυζάομαι,πρός,κνυζάομαι
10956,προσκοινόομαι,πρός,κοινόω
10957,προσκοπεύομαι,πρό,σκοπεύω
10958,προσκορίζομαι,πρός,κορίζομαι
10959,προσκοσμέω,πρός,κοσμέω
10960,προσκοτέω,πρό,σκοτέω
10961,προσκοτέω,πρός,κοτέω
10962,προσκουφίζομαι,πρός,κουφίζω
10963,προσκρατύνω,πρός,κρατύνω
10964,προσκυλινδέομαι,πρός,κυλινδέω
10965,προσκυρόω,πρός,κυρόω
10966,προσκωμάζω,πρός,κωμάζω
10967,προσλειτουργέω,πρός,λειτουργέω
10968,προσλεπτύνω,πρός,λεπτύνω
10969,προσλογοποιέω,πρός,λογοποιέω
10970,προσλοιδορέω,πρός,λοιδορέω
10971,προσλυσσάω,πρός,λυσσάω
10972,προσμάω,πρό,σμάω
10973,προσμαντεύομαι,πρός,μαντεύομαι
10974,προσμαστιγόω,πρός,μαστιγόω
10975,προσμείγνυμι,πρός,μείγνυμι
10976,προσμελέομαι,πρός,ἐπιμελέομαι
10977,προσμελετάω,πρός,μελετάω
10978,προσμελῳδέω,πρός,μελῳδέω
10979,προσμερίζω,πρός,μερίζω
10980,προσμετεωρίζω,πρός,μετεωρίζω
10981,προσμετρέω,πρός,μετρέω
10982,προσμηκύνω,πρός,μηκύνω
10983,προσμισέω,πρός,μισέω
10984,προσμοιχεύω,πρός,μοιχεύω
10985,προσνεανιεύομαι,πρός,νεανιεύομαι
10986,προσνικάω,πρός,νικάω
10987,προσνομίζω,πρός,νομίζω
10988,προσνομοθετέω,πρός,νομοθετέω
10989,προσοδιάζω,πρός,ὁδιάζω
10990,προσοδοιπορέω,πρός,ὁδοιπορέω
10991,προσοφθαλμιάω,πρός,ὀφθαλμιάω
10992,προσοικονομέομαι,πρός,οἰκονομέω
10993,προσοιμέομαι,πρός,οἰμάω
10994,προσομοιάζω,πρός,ὁμοιάζω
10995,προσονειδίζω,πρός,ὀνειδίζω
10996,προσοπτάω,πρός,ὀπτάω
10997,προσορέω,πρός,ὁρέω
10998,προσοργίζομαι,πρός,ὀργίζω
10999,προσοχλέω,πρός,ὀχλέω
11000,προσοχυρόω,πρός,ὀχυρόω
11001,προσοψωνέω,πρός,ὀψωνέω
11002,προσπάσσω,πρό,σπάω
11003,προσπάσσω,πρός,πάσσω
11004,προσπάσσω,πρός,πατέομαι
11005,προσπάω,πρό,σπάω
11006,προσπαραινέω,πρός,παραινέω
11007,προσπαραιρέομαι,πρός,παραιρέω
11008,προσπαραιρέομαι,πρός,παραρρέω
11009,προσπαρακελεύομαι,πρός,παρακελεύομαι
11010,προσπαραμυθέομαι,πρός,παραμυθέομαι
11011,προσπαραχωρέω,πρός,παραχωρέω
11012,προσπειράζω,πρός,πειράζω
11013,προσπηδάω,πρός,πηδάω
11014,προσπηχύνομαι,πρός,πηχύνομαι
11015,προσπιλόω,πρό,σπιλόω
11016,προσπιστεύω,πρός,πιστεύω
11017,προσπλεονάζω,πρός,πλεονάζω
11018,προσπλήσσω,πρός,πλήσσω
11019,προσπογγίζω,πρό,σπογγίζω
11020,προσπολιτεύομαι,πρός,πολιτεύω
11021,προσπονέομαι,πρός,πονέω
11022,προσποθέω,πρός,πίνω
11023,προσποθέω,πρός,ποθέω
11024,προσπορεύομαι,πρός,πορεύω
11025,προσπράσσω,πρός,πράσσω
11026,προσπυρόω,πρός,πυρόω
11027,προσπωλέω,πρός,πωλέω
11028,προσθαρσέω,πρός,θαρσέω
11029,προσθαυμάζω,πρός,θαυμάζω
11030,προσθεάομαι,πρός,θεάομαι
11031,προσθεωρέω,πρός,θεωρέω
11032,προσθλάω,πρός,θλάω
11033,προσραντίζω,πρός,ῥαντίζω
11034,προσριγόω,πρός,ῥιγόω
11035,προσριζόω,πρός,ῥιζόω
11036,προσρυθμίζω,πρός,ῥυθμίζω
11037,προσσεύω,πρό,σεύω
11038,προσσεύω,πρός,σεύω
11039,προσσφάζω,πρός,σφάζω
11040,προσσφραγίζω,πρός,σφραγίζω
11041,προσσημειόω,πρό,σημειόω
11042,προσσημειόω,πρός,σημειόω
11043,προσσιτέω,πρό,σιτέομαι
11044,προσσιτέω,πρός,σιτέομαι
11045,προσσκαλεύω,πρός,σκαλεύω
11046,προσσκηνέω,πρός,σκηνάω
11047,προσσκηνέω,πρός,σκηνέω
11048,προσσκοπέω,πρός,σκοπέω
11049,προσσπάομαι,πρός,σπάω
11050,προσσπουδάζω,πρός,σπουδάζω
11051,προσστάζω,πρός,στάζω
11052,προσστασιάζω,πρός,στασιάζω
11053,προσσταυρόω,πρός,σταυρόω
11054,προσστοχάζομαι,πρός,στοχάζομαι
11055,προσστρατοπεδεύω,πρός,στρατοπεδεύω
11056,προσσυγχωρέω,πρός,συγχωρέω
11057,προσσυλάω,πρό,συλάω
11058,προσσυλάω,πρός,συλάω
11059,προσσυμβιόω,πρός,συμβιάζομαι
11060,προσσυμβιόω,πρός,συμβιόω
11061,προσσυνεργέω,πρός,συνεργέω
11062,προσσυνοικίζω,πρός,συνοικίζω
11063,προσσυντελέω,πρός,συντελέω
11064,προσσυρίζω,πρό,συρίζω
11065,προσσυρίζω,πρός,συρίζω
11066,προσσχεδιάζω,πρός,σχεδιάζω
11067,προσταράσσω,πρός,ταράσσω
11068,προστεφανόω,πρό,στεφανόω
11069,προστερατεύομαι,πρός,τερατεύομαι
11070,προστηρέω,πρός,τηρέω
11071,προστιμωρέω,πρός,τιμωρέω
11072,προστινάσσω,πρός,τινάσσω
11073,προστοιχειόω,πρό,στοιχειόω
11074,προστοχάζομαι,πρό,στοχάζομαι
11075,προστρατεύω,πρό,στρατεύω
11076,προστρατηγέω,πρό,στρατηγέω
11077,προστραχηλίζω,πρός,τραχηλίζω
11078,προστρεβλόω,πρό,στρεβλόω
11079,προστροχάζω,πρός,τροχάζω
11080,προστυπόω,πρός,τυπόω
11081,προσυδρεύω,πρός,ὑδρεύω
11082,προσυλακτέω,πρός,ὑλακτέω
11083,προσυλλογίζομαι,πρό,συλλογίζομαι
11084,προσυμβιβάζω,πρό,συμβιβάζω
11085,προσυμβολέω,πρό,συμβολέω
11086,προσυμφωνέω,πρό,συμφωνέω
11087,προσυμνέω,πρός,ὑμνέω
11088,προσυναιρέω,πρό,συναιρέω
11089,προσυναθροίζομαι,πρό,συναθροίζω
11090,προσυνεδρεύω,πρό,συνεδρεύω
11091,προσυπαντάω,πρός,ὑπαντάω
11092,προσυπεργάζομαι,πρός,ὑπεργάζομαι
11093,προσυπισχνέομαι,πρός,ὑπισχνέομαι
11094,προσυπονοέω,πρός,ὑπονοέω
11095,προσυποπτεύω,πρός,ὑποπτεύω
11096,προσυποτάσσω,πρός,ὑποτάσσω
11097,προσυποτοπέω,πρός,ὑποτοπέω
11098,προσυπουργέω,πρός,ὑπουργέω
11099,προσυρίζω,πρό,συρίζω
11100,προσωθέω,πρό,σώζω
11101,προσωθέω,πρός,ὠθέω
11102,προσχειμάζω,πρός,χειμάζω
11103,προσχειρουργέω,πρός,χειρουργέω
11104,προσχηματίζομαι,πρό,σχηματίζω
11105,προσχίζω,πρό,σχίζω
11106,προσχλευάζω,πρός,χλευάζω
11107,προσχολάζω,πρό,σχολάζω
11108,προσχορεύω,πρός,χορεύω
11109,προσχορηγέω,πρός,χορηγέω
11110,προσχράομαι,πρός,χράομαι
11111,προσχράομαι,πρός,χράω
11112,προσψιθυρίζω,πρός,ψιθυρίζω
11113,προσζητέω,πρός,ζητέω
11114,προταλαιπωρέομαι,πρό,ταλαιπωρέω
11115,προταριχεύω,πρό,ταριχεύω
11116,προτειχίζω,πρό,τειχίζω
11117,προτεκνόω,πρό,τεκνόω
11118,προτελευτάω,πρό,τελευτάω
11119,προτεχνολογέω,πρό,τεχνολογέω
11120,προτηρέω,πρό,τηρέω
11121,προτιεύω,πρός,εὕω
11122,προτινάσσω,πρό,τινάσσω
11123,προτινάσσω,πρός,νάσσω
11124,προτινάσσω,πρός,ναίω
11125,προτιθασεύω,πρό,τιθασεύω
11126,προτιτλόω,πρός,τλάω
11127,προτραγῳδέω,πρό,τραγῳδέω
11128,προτραχύνω,πρό,τραχύνω
11129,προχάζω,πρό,χάζω
11130,προχαλάω,πρό,χαλάω
11131,προχειμάζω,πρό,χειμάζω
11132,προχειρόομαι,πρό,χειρόω
11133,προχειρουργέω,πρό,χειρουργέω
11134,προχορηγέω,πρό,χορηγέω
11135,προχράω,πρό,χράω
11136,προχρηματίζω,πρό,χρηματίζω
11137,προχωνεύω,πρό,χοανεύω
11138,προχωνεύω,πρό,χωνεύω
11139,προψηφίζομαι,πρό,ψηφίζομαι
11140,προψηφίζομαι,πρό,ψηφίζω
11141,προψηλαφάω,πρό,ψηλαφάω
11142,προψηνίζω,πρό,ψηνίζω
11143,προζημιόομαι,πρό,ζημιόω
11144,προζητέω,πρό,ζητέω
11145,συγξέω,σύν,ξέω
11146,συγξενιτεύω,σύν,ξενιτεύω
11147,συγγαληνιάω,σύν,γαληνιάω
11148,συγγαμέω,σύν,γαμέω
11149,συγγελάω,σύν,γελάω
11150,συγγεννάω,σύν,γεννάω
11151,συγγεύομαι,σύν,γεύω
11152,συγγνωμονέω,σύν,γνωμονέω
11153,συγγνωρίζω,σύν,γνωρίζω
11154,συγγυμνόομαι,σύν,γυμνόω
11155,συγκακόω,σύν,κακόω
11156,συγκακουργέω,σύν,κακουργέω
11157,συγκακύνω,σύν,κακύνω
11158,συγκαλινδέομαι,σύν,καλινδέομαι
11159,συγκαλλύνω,σύν,καλλύνω
11160,συγκανηφορέω,σύν,κανηφορέω
11161,συγκαθαρεύω,σύν,καθαρεύω
11162,συγκαθοράω,σύν,καθοράω
11163,συγκαθορμίζομαι,σύν,καθορμίζω
11164,συγκαθοσιόω,σύν,καθοσιόομαι
11165,συγκαταβιβάζω,σύν,καταβιβάζω
11166,συγκαταβιόω,σύν,καταβιάζομαι
11167,συγκαταβιόω,σύν,καταβιόω
11168,συγκαταφονεύω,σύν,καταφονεύω
11169,συγκαταιτιάομαι,σύν,καταιτιάομαι
11170,συγκατακληρονομέομαι,σύν,κατακληρονομέω
11171,συγκατακοιμίζω,σύν,κατακοιμίζω
11172,συγκατακολουθέω,σύν,κατακολουθέω
11173,συγκατακομίζω,σύν,κατακομίζω
11174,συγκατακοσμέω,σύν,κατακοσμέω
11175,συγκατακρημνίζω,σύν,κατακρημνίζω
11176,συγκαταλογίζομαι,σύν,καταλογίζομαι
11177,συγκαταναγκάζω,σύν,καταναγκάζω
11178,συγκαταπαίζω,σύν,καταπαίζω
11179,συγκαταπλέω,σύν,καταπλέω
11180,συγκαταπολεμέω,σύν,καταπολεμέω
11181,συγκαταποντόω,σύν,καταποντόω
11182,συγκαταριθμέω,σύν,καταριθμέω
11183,συγκαταρρέω,σύν,καταρρέω
11184,συγκατασιτέομαι,σύν,κατασιτέομαι
11185,συγκατασχηματίζομαι,σύν,κατασχηματίζω
11186,συγκατασχίζω,σύν,κατασχίζω
11187,συγκαταχωρίζω,σύν,καταχωρίζω
11188,συγκατευθύνω,σύν,κατευθύνω
11189,συγκενόω,σύν,κενόω
11190,συγκερκίζω,σύν,κερκίζω
11191,συγκηδεύω,σύν,κηδεύω
11192,συγκλάζω,σύν,κλάζω
11193,συγκληρονομέω,σύν,κληρονομέω
11194,συγκλύζω,σύν,κλύζω
11195,συγκνισόομαι,σύν,κνισόω
11196,συγκοιτάζω,σύν,κοιτάζω
11197,συγκολάζω,σύν,κολάζω
11198,συγκολυμβάω,σύν,κολυμβάω
11199,συγκοπιάω,σύν,κοπιάω
11200,συγκορδυλέομαι,σύν,κορδυλέω
11201,συγκοτταβίζω,σύν,κοτταβίζω
11202,συγκρατύνω,σύν,κρατύνω
11203,συγκρημνίζω,σύν,κρημνίζω
11204,συγκρητίζω,σύν,κρητίζω
11205,συγκτυπέω,σύν,κτυπέω
11206,συγκυέομαι,σύν,κυέω
11207,συγκυκλέω,σύν,κυκλέω
11208,συγκυκλόομαι,σύν,κυκλόω
11209,συγκυνηγετέω,σύν,κυνηγετέω
11210,συγκυνίζω,σύν,κυνίζω
11211,συγκυρόω,σύν,κυρόω
11212,συγχάζω,σύν,χάζω
11213,συγχαλάω,σύν,χαλάω
11214,συγχαλκεύω,σύν,χαλκεύω
11215,συγχαράσσω,σύν,χαράσσω
11216,συγχαυνόομαι,σύν,χαυνόω
11217,συγχειρίζω,σύν,χειρίζω
11218,συγχειροτονέω,σύν,χειροτονέω
11219,συγχερσεύω,σύν,χερσεύω
11220,συγχρηματίζω,σύν,χρηματίζω
11221,συγχρηστηριάζομαι,σύν,χρηστηριάζω
11222,συγχρονίζω,σύν,χρονίζω
11223,συγχρωματίζομαι,σύν,χρωματίζω
11224,συγχρωτίζομαι,σύν,χρωτίζω
11225,συγχωρίζω,σύν,χωρίζω
11226,συλλαφύσσω,σύν,λαφύσσω
11227,συλλατρεύω,σύν,λατρεύω
11228,συλλειτουργέω,σύν,λειτουργέω
11229,συλλεπτύνω,σύν,λεπτύνω
11230,συλλεσχηνεύω,σύν,λεσχηνεύω
11231,συλλῃστεύω,σύν,λῃστεύω
11232,συλλοιδορέω,σύν,λοιδορέω
11233,συλλοχάω,σύν,λοχάω
11234,συμβαδίζω,σύν,βαδίζω
11235,συμβαλανεύομαι,σύν,βαλανεύω
11236,συμβαπτίζομαι,σύν,βαπτίζω
11237,συμβαρέω,σύν,βαρέω
11238,συμβαρύνω,σύν,βαρύνω
11239,συμβαστάζω,σύν,βαστάζω
11240,συμβατεύω,σύν,βατεύω
11241,συμβεβαιόω,σύν,βεβαιόω
11242,συμβραβεύω,σύν,βραβεύω
11243,συμβροχέω,σύν,βρόχω
11244,συμφαντάζομαι,σύν,φαντάζομαι
11245,συμφιλοδοξέω,σύν,φιλοδοξέω
11246,συμφιλολογέω,σύν,φιλολογέω
11247,συμφιλομαθέω,σύν,φιλομαθέω
11248,συμφλάω,σύν,φλάω
11249,συμφλογίζω,σύν,φλογίζω
11250,συμφλυαρέω,σύν,φλυαρέω
11251,συμφυγαδεύω,σύν,φυγαδεύω
11252,συμφυράω,σύν,φυράω
11253,συμφωτίζομαι,σύν,φωτίζω
11254,συμμαλάσσω,σύν,μαλάσσω
11255,συμμειόομαι,σύν,μειόω
11256,συμμετακινέω,σύν,μετακινέω
11257,συμμεταλλάσσω,σύν,μεταλλάσσω
11258,συμμεταποιέω,σύν,μεταποιέω
11259,συμμεταρρέω,σύν,μεταρρέω
11260,συμμεταρρυθμίζω,σύν,μεταρρυθμίζω
11261,συμμετασχηματίζω,σύν,μετασχηματίζω
11262,συμμεταχωρέω,σύν,μεταχωρέω
11263,συμμετοικίζομαι,σύν,μετοικίζω
11264,συμμιαιφονέω,σύν,μιαιφονέω
11265,συμμιμέομαι,σύν,μιμέομαι
11266,συμμισοπονηρέω,σύν,μισοπονηρέω
11267,συμμισθόω,σύν,μισθόω
11268,συμμογέω,σύν,μογέω
11269,συμμοιράω,σύν,μοιράω
11270,συμμοναρχέω,σύν,μοναρχέω
11271,συμμονόομαι,σύν,μονόω
11272,συμπάσσω,σύν,πάσσω
11273,συμπάσσω,σύν,πατέομαι
11274,συμπαιδαγωγέω,σύν,παιδαγωγέω
11275,συμπαιωνίζω,σύν,παιωνίζω
11276,συμπανουργέω,σύν,πανουργέω
11277,συμπαραιτέομαι,σύν,παραιτέομαι
11278,συμπαρακμάζω,σύν,παρακμάζω
11279,συμπαρανομέω,σύν,παρανομέω
11280,συμπαραπλέω,σύν,παραπλέω
11281,συμπαρασπίζω,σύν,παρασπίζω
11282,συμπαρασπονδέω,σύν,παρασπονδέω
11283,συμπαρατροχάζω,σύν,παρατροχάζω
11284,συμπαραχωρέω,σύν,παραχωρέω
11285,συμπαρεδρεύω,σύν,παρεδρεύω
11286,συμπαριππεύω,σύν,παριππεύω
11287,συμπαροδεύω,σύν,παροδεύω
11288,συμπαροτρύνω,σύν,παροτρύνω
11289,συμπαχύνω,σύν,παχύνω
11290,συμπέσσω,σύν,πέσσω
11291,συμπεράω,σύν,περάω
11292,συμπεραιόω,σύν,περαιόω
11293,συμπεριδινέομαι,σύν,περιδινέω
11294,συμπεριφράσσω,σύν,περιφράσσω
11295,συμπεριφράσσω,σύν,περιφράζομαι
11296,συμπερικομίζω,σύν,περικομίζω
11297,συμπερινοέω,σύν,περινοέω
11298,συμπεριπλανάομαι,σύν,περιπλανάομαι
11299,συμπεριπλέω,σύν,περιπλέω
11300,συμπεριπολέω,σύν,περιπολέω
11301,συμπερισπάω,σύν,περισπάω
11302,συμπεριτειχίζω,σύν,περιτειχίζω
11303,συμπιλέω,σύν,πιλέω
11304,συμπιστεύω,σύν,πιστεύω
11305,συμπιστόομαι,σύν,πιστόω
11306,συμπλάζομαι,σύν,πλάζω
11307,συμπλαστεύω,σύν,πλαστεύω
11308,συμπλήσσομαι,σύν,πλήσσω
11309,συμπλημμελέω,σύν,πλημμελέω
11310,συμποδηγέω,σύν,ποδηγεῖν
11311,συμπορνεύω,σύν,πορνεύω
11312,συμπορπάομαι,σύν,πορπάω
11313,συμποσόω,σύν,ποσόω
11314,συμπροφητεύω,σύν,προφητεύω
11315,συμπρομηθέομαι,σύν,προμηθέομαι
11316,συμπρονοέω,σύν,προνοοῦμαι
11317,συμπρονομεύω,σύν,προνομεύω
11318,συμπροπορεύομαι,σύν,προπορεύομαι
11319,συμπροτερέω,σύν,προσερέω
11320,συμπροτερέω,σύν,προτερέω
11321,συμπροχέω,σύν,προχέω
11322,συμπροχωρέω,σύν,προχωρέω
11323,συμπρυτανεύω,σύν,πρυτανεύω
11324,συμπτερόομαι,σύν,πτερόω
11325,συμπτερύσσομαι,σύν,πτερύσσομαι
11326,συμπυκάζω,σύν,πυκάζω
11327,συμπυκνόω,σύν,πυκνόω
11328,συμπυρπολέω,σύν,πυρπολέω
11329,συμπωλέω,σύν,πωλέω
11330,συμπωρόομαι,σύν,πωρόω
11331,συμψελλίζω,σύν,ψελλίζω
11332,συμψιλόω,σύν,ψιλόω
11333,συμψιθυρίζω,σύν,ψιθυρίζω
11334,συναδηλέομαι,σύν,ἀδηλέω
11335,συναδοξέω,σύν,ἀδοξέω
11336,συναδολεσχέω,σύν,ἀδολεσχέω
11337,συναφικνέομαι,σύν-ἀπό,ἱκνέομαι
11338,συναγινέω,σύν,ἀγινέω
11339,συναγνεύω,σύν,ἁγνεύω
11340,συναγνοέω,σύν,ἀγνοέω
11341,συναγοράζω,σύν,ἀγοράζω
11342,συναγραυλέω,σύν,ἀγραυλέω
11343,συναγρυπνέω,σύν,ἀγρυπνέω
11344,συναγρώσσω,σύν,ἀγρώσσω
11345,συναΐσσω,σύν,ἀίσσω
11346,συναιθριάζω,σύν,αἰθριάζω
11347,συναιθύσσω,σύν,αἰθύσσω
11348,συναισχύνω,σύν,αἰσχύνω
11349,συναιτέω,σύν,αἰτέω
11350,συνακρατίζομαι,σύν,ἀκρατίζομαι
11351,συνακριβόω,σύν,ἀκριβόω
11352,συναλάομαι,σύν,ἀλάομαι
11353,συναλγύνω,σύν,ἀλγύνω
11354,συναληθεύω,σύν,ἀληθεύω
11355,συναλητεύω,σύν,ἀλητεύω
11356,συναλλοιόω,σύν,ἀλλοιόω
11357,συναμάομαι,σύν,ἀμάω
11358,συναμαθύνω,σύν,ἀμαθύνω
11359,συναμφιάζω,σύν,ἀμφιάζω
11360,συναναβιβάζω,σύν,ἀναβιβάζω
11361,συνανακεφαλαιόω,σύν,ἀνακεφαλαιόω
11362,συνανακηρύσσω,σύν,ἀνακηρύσσω
11363,συνανακινδυνεύω,σύν,ἀνακινδυνεύω
11364,συνανακινέω,σύν,ἀνακινέω
11365,συνανακιρνάομαι,σύν,ἀνακίρναμαι
11366,συνανακομίζω,σύν,ἀνακομίζω
11367,συνανακυκλέομαι,σύν,ἀνακυκλέω
11368,συνανανεόομαι,σύν,ἀνανεόομαι
11369,συναναπηδάω,σύν,ἀναπηδάω
11370,συναναπλάσσω,σύν,ἀναπλάσσω
11371,συναναπληρόω,σύν,ἀναπληρόω
11372,συναναπλόω,σύν,ἀναπλόω
11373,συναναθυμιάομαι,σύν,ἀναθυμιάω
11374,συναναριθμέω,σύν,ἀναριθμέομαι
11375,συναναρτάομαι,σύν,ἀναρτάω
11376,συνανασκευάζω,σύν,ἀνασκευάζω
11377,συναναστομόω,σύν,ἀναστομόω
11378,συναναταράσσω,σύν,ἀναταράσσω
11379,συναναχέω,σύν,ἀναχέω
11380,συναναχορεύω,σύν,ἀναχορεύω
11381,συναναχωρέω,σύν,ἀναχωρέω
11382,συναναζέω,σύν,ἀναζέω
11383,συναναζητέω,σύν,ἀναζητέω
11384,συναναζωπυρέω,σύν,ἀναζωπυρέω
11385,συνανδραγαθέω,σύν,ἀνδραγαθέω
11386,συνανδρόομαι,σύν,ἀνδρόω
11387,συνανιάομαι,σύν,ἀνιάομαι
11388,συνανιάομαι,σύν,ἀνιάω
11389,συνανιχνεύω,σύν,ἀνιχνεύω
11390,συνανορθόω,σύν,ἀνορθόω
11391,συνανθομολογέομαι,σύν,ἀνθομολογέομαι
11392,συνανθρωπεύομαι,σύν,ἀνθρωπεύομαι
11393,συνανθρωπίζω,σύν,ἀνθρωπίζω
11394,συναπαιτέω,σύν,ἀπαιτέω
11395,συναπαντάω,σύν,ἀπαντάω
11396,συναπατάω,σύν,ἀπατάω
11397,συναπλόω,σύν,ἁπλόω
11398,συναποβιάζομαι,σύν,ἀποβιάζομαι
11399,συναπογυμνόομαι,σύν,ἀπογυμνόω
11400,συναποκαλέω,σύν,ἀποκαλέω
11401,συναποκινδυνεύω,σύν,ἀποκινδυνεύω
11402,συναποκληρόω,σύν,ἀποκληρόω
11403,συναποκλύζω,σύν,ἀποκλύζω
11404,συναποκομίζω,σύν,ἀποκομίζω
11405,συναπολιθόω,σύν,ἀπολιθόομαι
11406,συναπομοιόω,σύν,ἀφομοιόω
11407,συναπονοέομαι,σύν,ἀπονοέομαι
11408,συναποπλέω,σύν,ἀποπλέω
11409,συναποθεόω,σύν,ἀποθεόω
11410,συναπορέω,σύν,ἀπορέω
11411,συναπορέω,σύν,ἀπορρέω
11412,συναπορίζω,σύν,ἀφορίζω
11413,συναπορρέω,σύν,ἀπορρέω
11414,συναποσεμνύνω,σύν,ἀποσεμνύνω
11415,συναποσπάω,σύν,ἀποσπάω
11416,συναποστάζω,σύν,ἀποστάζω
11417,συναποστενόω,σύν,ἀποστενόω
11418,συναποτελέω,σύν,ἀποτελέω
11419,συναθετέω,σύν,ἀθετέω
11420,συναροτριάω,σύν,ἀροτριάω
11421,συναρθμέω,σύν,ἀρθμέω
11422,συναρθρόομαι,σύν,ἀρθρόω
11423,συναρρωστέω,σύν,ἀρρωστέω
11424,συναρτίζω,σύν,ἀρτίζω
11425,συναρχαιρεσιάζω,σύν,ἀρχαιρεσιάζω
11426,συνασβολόω,σύν,ἀσβολόω
11427,συνασεβέω,σύν,ἀσεβέω
11428,συνασφαλίζομαι,σύν,ἀσφαλίζομαι
11429,συνασμενίζω,σύν,ἀσμενίζω
11430,συνασπάζομαι,σύν,ἀσπάζομαι
11431,συνασθενέω,σύν,ἀσθενέω
11432,συναστραγαλίζω,σύν,ἀστραγαλίζω
11433,συνασχημονέω,σύν,ἀσχημονέω
11434,συνατενίζω,σύν,ἀτενίζω
11435,συνατιμόομαι,σύν,ἀτιμόω
11436,συνατμίζομαι,σύν,ἀτμίζω
11437,συνατονέω,σύν,ἀτονέω
11438,συνατροφέω,σύν,ἀτροφέω
11439,συνατυχέω,σύν,ἀτυχέω
11440,συναυγάζω,σύν,αὐγάζω
11441,συναυχμέω,σύν,αὐχμέω
11442,συνδαπανάω,σύν,δαπανάω
11443,συνδεινόω,σύν,δεινόω
11444,συνδεκαδίζω,σύν,δεκαδίζω
11445,συνδενδρόομαι,σύν,δενδρόομαι
11446,συνδεσμεύω,σύν,δεσμεύω
11447,συνδημιουργέω,σύν,δημιουργέω
11448,συνδῃόω,σύν,δηιόω
11449,συνδιαβαπτίζομαι,σύν,διαβαπτίζομαι
11450,συνδιαβαστάζω,σύν,διαβαστάζω
11451,συνδιαφορέω,σύν,διαφορέω
11452,συνδιαφυλάσσω,σύν,διαφυλάσσω
11453,συνδιαιρέω,σύν,διαιρέω
11454,συνδιακονέω,σύν,διακονέω
11455,συνδιαπλάσσω,σύν,διαπλάσσω
11456,συνδιαπλάσσω,σύν,διαπλήσσω
11457,συνδιαπνέω,σύν,διαπνέω
11458,συνδιαπονέω,σύν,διαπονέω
11459,συνδιαπορθμεύομαι,σύν,διαπορθμεύω
11460,συνδιαθέω,σύν,διαθέω
11461,συνδιαθέω,σύν,διατίθημι
11462,συνδιαρκέω,σύν,διαρκέω
11463,συνδιαρθρόω,σύν,διαρθρόω
11464,συνδιαρρέω,σύν,διαρρέω
11465,συνδιασπάω,σύν,διασπάω
11466,συνδιαταράσσω,σύν,διαταράσσω
11467,συνδιατυπόω,σύν,διατυπόω
11468,συνδιαχέω,σύν,διαχέω
11469,συνδιαχέω,σύν,διηχέω
11470,συνδιελαύνω,σύν,διελαύνω
11471,συνδιερευνάομαι,σύν,διερευνάω
11472,συνδιηθέομαι,σύν,διηθέω
11473,συνδιορθόω,σύν,διορθόω
11474,συνδιπλόω,σύν,διπλάζω
11475,συνδιπλόω,σύν,διπλόω
11476,συνδιψάω,σύν,διψάω
11477,συνδονέω,σύν,δονέω
11478,συνδορυφορέω,σύν,δορυφορέω
11479,συνδρωπακίζω,σύν,δρωπακίζω
11480,συνδύνω,σύν,δύναμαι
11481,συνδύνω,σύν,δύω
11482,συνδυναστεύω,σύν,δυναστεύω
11483,συνδωρέομαι,σύν,δωρέω
11484,συνεαρίζω,σύν,ἐαρίζω
11485,συνεξακοντίζομαι,σύν,ἐξακοντίζω
11486,συνεξαλαπάζω,σύν,ἐξαλαπάζω
11487,συνεξαλλάσσω,σύν,ἐξαλλάσσω
11488,συνεξαμιλλάομαι,σύν,ἐξαμιλλάομαι
11489,συνεξανθέω,σύν,ἐξανθέω
11490,συνεξαριθμέω,σύν,ἐξαριθμέω
11491,συνεξαρκέω,σύν,ἐξαρκέω
11492,συνεξεμέω,σύν,ἐξεμέω
11493,συνεξερευνάω,σύν,ἐξερευνάω
11494,συνεξεργάζομαι,σύν,ἐξεργάζομαι
11495,συνεξηγέομαι,σύν,ἐξηγέομαι
11496,συνεξιάομαι,σύν,ἐξιάομαι
11497,συνεξικνέομαι,σύν,ἐξικνέομαι
11498,συνεξιππάζομαι,σύν,ἐξιππάζομαι
11499,συνεξισόω,σύν,ἐξισόω
11500,συνεξοιδέω,σύν,ἐξοιδέω
11501,συνεξομοιόω,σύν,ἐξομοιόω
11502,συνεξορίζω,σύν,ἐξορίζω
11503,συνεξορθιάζω,σύν,ἐξορθιάζω
11504,συνεξοτρύνω,σύν,ἐξοτρύνω
11505,συνεφαιρέομαι,σύν,ἐφαιρέομαι
11506,συνεφηβεύω,σύν,ἐφηβάω
11507,συνεφοδιάζω,σύν,ἐφοδιάζω
11508,συνεφοράω,σύν,ἐφοράω
11509,συνεφορεύω,σύν,ἐφορεύω
11510,συνεφορμάω,σύν,ἐφορμάω
11511,συνεγκωμιάζω,σύν,ἐγκωμιάζω
11512,συνειδοποιέομαι,σύν,εἰδοποιέω
11513,συνεικάζω,σύν,εἰκάζω
11514,συνειλαπινάζω,σύν,εἰλαπινάζω
11515,συνεισελαύνω,σύν,εἰσελαύνω
11516,συνεισφρέω,σύν,εἰσφρέω
11517,συνεισηγέομαι,σύν,εἰσηγέομαι
11518,συνεισπηδάω,σύν,εἰσπηδάω
11519,συνεισποιέω,σύν,εἰσποιέω
11520,συνεισπορεύομαι,σύν,εἰσπορεύω
11521,συνεισρέω,σύν,εἰσρέω
11522,συνεκβιόω,σύν,ἐκβιάζω
11523,συνεκβλύζω,σύν,ἐκβλύζω
11524,συνεκβοάω,σύν,ἐκβοάω
11525,συνεκβοηθέω,σύν,ἐκβοάω
11526,συνεκβοηθέω,σύν,ἐκβοηθέω
11527,συνεκβράσσω,σύν,ἐκβράζω
11528,συνεκφοιτάω,σύν,ἐκφοιτάω
11529,συνεκφορέω,σύν,ἐκφορέω
11530,συνεκφωνέω,σύν,ἐκφωνέω
11531,συνεκκαλέομαι,σύν,ἐκκαλέω
11532,συνεκκενόω,σύν,ἐκκενόω
11533,συνεκκλύζω,σύν,ἐκκλύζω
11534,συνεκκολυμβάω,σύν,ἐκκολυμβάω
11535,συνεκλαλέω,σύν,ἐκλαλέω
11536,συνεκμαρτυρέω,σύν,ἐκμαρτυρέω
11537,συνεκπηδάω,σύν,ἐκπηδάω
11538,συνεκπλήσσω,σύν,ἐκπλήσσω
11539,συνεκπληρόω,σύν,ἐκπληρόω
11540,συνεκποιέω,σύν,ἐκποιέω
11541,συνεκπολεμέω,σύν,ἐκπολεμέω
11542,συνεκπολεμόω,σύν,ἐκπολεμόω
11543,συνεκπορεύομαι,σύν,ἐκπορεύω
11544,συνεκπυρόω,σύν,ἐκπυρόω
11545,συνεκθέω,σύν,ἐκθέω
11546,συνεκθέω,σύν,ἐκτίθημι
11547,συνεκθειάζω,σύν,ἐκθειάζω
11548,συνεκρέω,σύν,ἐκρέω
11549,συνεκροφέω,σύν,ἐκροφέω
11550,συνεκστρατεύω,σύν,ἐκστρατεύω
11551,συνεκτελέω,σύν,ἐκτελέω
11552,συνεκτραχηλίζομαι,σύν,ἐκτραχηλίζω
11553,συνεκζέω,σύν,ἐκζέω
11554,συνελπίζω,σύν,ἐλπίζω
11555,συνεμβιβάζω,σύν,ἐμβιβάζω
11556,συνεμέω,σύν,ἐμέω
11557,συνεμφανίζω,σύν,ἐμφανίζω
11558,συνεμπάσσω,σύν,ἐμπάσσω
11559,συνεμπάσσω,σύν,ἐμπάζομαι
11560,συνεμπνέω,σύν,ἐμπνέω
11561,συνενεργέω,σύν,ἐνεργέω
11562,συνενεχυράζω,σύν,ἐνεχυράζω
11563,συνενίζω,σύν,ἐνίζω
11564,συνεννοέω,σύν,ἐννοέω
11565,συνενόω,σύν,νάω
11566,συνενοχλέω,σύν,ἐνοχλέω
11567,συνενθουσιάω,σύν,ἐνθουσιάζω
11568,συνενθουσιάζω,σύν,ἐνθουσιάζω
11569,συνεορτάζω,σύν,ἑορτάζω
11570,συνεπαλαλάζω,σύν,ἐπαλαλάζω
11571,συνεπασκέω,σύν,ἐπασκέω
11572,συνεπεξεργάζομαι,σύν,ἐπεξεργάζομαι
11573,συνεπευφημέω,σύν,ἐπευφημέω
11574,συνεπιβοηθέω,σύν,ἐπιβοάω
11575,συνεπιβοηθέω,σύν,ἐπιβοηθέω
11576,συνεπιδέω,σύν,ἐπιδέω
11577,συνεπιδεσμέω,σύν,ἐπιδεσμεύω
11578,συνεπιδημέω,σύν,ἐπιδημέω
11579,συνεπιγελάω,σύν,ἐπιγελάω
11580,συνεπικαλέομαι,σύν,ἐπικαλέω
11581,συνεπικελεύω,σύν,ἐπικελεύω
11582,συνεπικρατέω,σύν,ἐπικρατέω
11583,συνεπικροτέω,σύν,ἐπικροτέω
11584,συνεπικυρόω,σύν,ἐπικυρόω
11585,συνεπικωμάζω,σύν,ἐπικωμάζω
11586,συνεπιλαμπρύνω,σύν,ἐπιλαμπρύνω
11587,συνεπιλογίζομαι,σύν,ἐπιλογίζομαι
11588,συνεπιμαρτυρέω,σύν,ἐπιμαρτύρομαι
11589,συνεπιμαρτυρέω,σύν,ἐπιμαρτυρέω
11590,συνεπιμειδιάω,σύν,ἐπιμειδιάω
11591,συνεπινεύω,σύν,ἐπινεύω
11592,συνεπινοέω,σύν,ἐπινοέω
11593,συνεπιπλέω,σύν,ἐπιπλέω
11594,συνεπιπονέω,σύν,ἐπιπονέω
11595,συνεπιπορεύομαι,σύν,ἐπιπορεύομαι
11596,συνεπιθορυβέω,σύν,ἐπιθορυβέω
11597,συνεπιθρηνέω,σύν,ἐπιθρηνέω
11598,συνεπιρρέω,σύν,ἐπιρρέω
11599,συνεπισκευάζω,σύν,ἐπισκευάζω
11600,συνεπισκυθρωπάζω,σύν,ἐπισκυθρωπάζω
11601,συνεπιζητέω,σύν,ἐπιζητέω
11602,συνεποικοδομέω,σύν,ἐποικοδομέω
11603,συνεποπτεύω,σύν,ἐποπτεύω
11604,συνεποτρύνω,σύν,ἐποτρύνω
11605,συνεπουρίζω,σύν,ἐπουρίζω
11606,συνεπωθέω,σύν,ἐπωθέω
11607,συνερπύζω,σύν,ἑρπύζω
11608,συνεταιρέω,σύν,ἑταιρέω
11609,συνεταιρίζω,σύν,ἑταιρίζω
11610,συνευδοκέω,σύν,εὐδοκέω
11611,συνευεργετέω,σύν,εὐεργετέω
11612,συνευφημέω,σύν,εὐφημέω
11613,συνευκαιρέω,σύν,εὐκαιρέω
11614,συνευνοέομαι,σύν,εὐνοέω
11615,συνευθύνω,σύν,εὐθύνω
11616,συνευθυμέομαι,σύν,εὐθυμέω
11617,συνευρύνω,σύν,εὐρύνω
11618,συνευσεβέω,σύν,εὐσεβέω
11619,συνευσχημονέω,σύν,εὐσχημονέω
11620,συνευωχέομαι,σύν,εὐωχέω
11621,συνεψέω,σύν,ἕψω
11622,συνηβάω,σύν,ἡβάω
11623,συνηγέομαι,σύν,ἡγέομαι
11624,συνημερόομαι,σύν,ἡμερόω
11625,συνηνιοχέω,σύν,ἡνιοχέω
11626,συνηπεροπεύω,σύν,ἠπεροπεύω
11627,συνηθέομαι,σύν,ἠθέω
11628,συνηρεμέω,σύν,ἠρεμέω
11629,συνησυχάζω,σύν,ἡσυχάζω
11630,συνιατρεύω,σύν,ἰατρεύω
11631,συνιδρόω,σύν,ἱδρόω
11632,συνιεράομαι,σύν,ἱεράομαι
11633,συνιερατεύω,σύν,ἱερατεύω
11634,συνιεροποιέω,σύν,ἱεροποιέω
11635,συνικετεύω,σύν,ἱκετεύω
11636,συνικμάζομαι,σύν,ἰκμάζω
11637,συνιπόω,σύν,ἰπόω
11638,συνιππάζομαι,σύν,ἱππάζομαι
11639,συνιππεύω,σύν,ἱππεύω
11640,συνισόομαι,σύν,ἰσόω
11641,συνιστορέω,σύν,ἱστορέω
11642,συνιχνεύω,σύν,ἰχνεύω
11643,συνναυαγέω,σύν,ναυαγέω
11644,συνναυσθλόομαι,σύν,ναυσθλόω
11645,συνναυστολέω,σύν,ναυστολέω
11646,συννεάζω,σύν,νεάζω
11647,συννεανιεύομαι,σύν,νεανιεύομαι
11648,συννεκρόω,σύν,νεκρόω
11649,συννεωτερίζω,σύν,νεωτερίζω
11650,συννομέομαι,σύν,νομέω
11651,συννομίζω,σύν,νομίζω
11652,συννομοθετέω,σύν,νομοθετέω
11653,συννυκτερεύω,σύν,νυκτερεύω
11654,συνοξύνω,σύν,ὀξύνω
11655,συνοδυνάομαι,σύν,ὀδυνάω
11656,συνογκάομαι,σύν,ὀγκάομαι
11657,συνογκόομαι,σύν,ὀγκόω
11658,συνοιδέω,σύν,οἰδέω
11659,συνοικονομέω,σύν,οἰκονομέω
11660,συνοικουρέω,σύν,οἰκουρέω
11661,συνοκλάζω,σύν,ὀκλάζω
11662,συνομαλίζω,σύν,ὁμαλίζω
11663,συνομηρεύω,σύν,ὁμηρεύω
11664,συνομοιόομαι,σύν,ὁμοιόω
11665,συνομονοέω,σύν,ὁμονοέω
11666,συνομοπαθέω,σύν,ὁμοπαθεῖν
11667,συνοπάζομαι,σύν,ὀπάζω
11668,συνοπλίζομαι,σύν,ὁπλίζω
11669,συνοπλοφορέω,σύν,ὁπλοφορέω
11670,συνοπτάω,σύν,ὀπτάω
11671,συνοργιάζω,σύν,ὀργιάζω
11672,συνορίζω,σύν,ὁρίζω
11673,συνοριγνάομαι,σύν,ὀριγνάομαι
11674,συνορκέω,σύν,ὁρκέω
11675,συνορμάω,σύν,ὁρμάω
11676,συνορμέω,σύν,ὁρμάω
11677,συνορμέω,σύν,ὁρμέω
11678,συνορθιάζω,σύν,ὀρθιάζω
11679,συνορθόω,σύν,ὀρθόω
11680,συνορχέομαι,σύν,ὀρχέομαι
11681,συνοτρύνω,σύν,ὀτρύνω
11682,συνουλόω,σύν,οὐλόω
11683,συνουτάομαι,σύν,οὐτάω
11684,συνοχμάζω,σύν,ὀχμάζω
11685,συνοχυρόομαι,σύν,ὀχυρόω
11686,συνοψίζω,σύν,ὀψίζω
11687,συνοψοφαγέω,σύν,ὀψοφαγέω
11688,συνθαμβέω,σύν,θαμβέω
11689,συνθαυμάζω,σύν,θαυμάζω
11690,συνθεάζω,σύν,θεάζω
11691,συνθεραπεύω,σύν,θεραπεύω
11692,συνθητεύω,σύν,θητεύω
11693,συνθολόω,σύν,θολόω
11694,συνθορυβέω,σύν,θορυβέω
11695,συνθρησκεύω,σύν,θρησκεύω
11696,συνθρυλλέω,σύν,θρυλέω
11697,συνθυμέω,σύν,θυμέω
11698,συνθυμόομαι,σύν,θυμόω
11699,συνταγεύω,σύν,ταγεύω
11700,συνταλασιουργέω,σύν,ταλασιουργέω
11701,συνταπεινόομαι,σύν,ταπεινόω
11702,συντεκμηριόομαι,σύν,τεκμηριόω
11703,συντελειόω,σύν,τελειόω
11704,συντελευτάω,σύν,τελευτάω
11705,συντερατεύομαι,σύν,τερατεύομαι
11706,συντεχνάομαι,σύν,τεχνάομαι
11707,συντιμωρέω,σύν,τιμωρέω
11708,συντλάω,σύν,τλάω
11709,συντοξεύω,σύν,τοξεύω
11710,συντορέω,σύν,τορέω
11711,συντορεύω,σύν,τορεύω
11712,συντρανόομαι,σύν,τρανόω
11713,συντροχάω,σύν,τροχάω
11714,συντρυφάω,σύν,τρυφάω
11715,συντρυγάω,σύν,τρυγάω
11716,συντυφλόω,σύν,τυφλόω
11717,συντυλόω,σύν,τυλόω
11718,συντυπόω,σύν,τυπόω
11719,συντυραννέω,σύν,τυραννεύω
11720,συνυβρίζω,σύν,ὑβρίζω
11721,συνυλακτέω,σύν,ὑλακτέω
11722,συνυμεναιόω,σύν,ὑμεναιόω
11723,συνυμνέω,σύν,ὑμνέω
11724,συνυπαλλάσσομαι,σύν,ὑπαλλάσσω
11725,συνυποκορίζω,σύν,ὑποκορίζομαι
11726,συνυπονοέω,σύν,ὑπονοέω
11727,συνυποπτεύω,σύν,ὑποπτεύω
11728,συνυποχωρέω,σύν,ὑποχωρέω
11729,συνυθλέω,σύν,ὑθλέω
11730,συρρᾳδιουργέω,σύν,ῥᾳδιουργέω
11731,συρρητορεύω,σύν,ῥητορεύω
11732,συσφαιρίζω,σύν,σφαιρίζω
11733,συσφηκόω,σύν,σφηκόω
11734,συσφραγίζω,σύν,σφραγίζω
11735,συσκεπάζω,σύν,σκεπάζω
11736,συσκευοφορέω,σύν,σκευοφορέω
11737,συσκιρόομαι,σύν,σκιρόω
11738,συσκιρτάω,σύν,σκιρτάω
11739,συσκοτόομαι,σύν,σκοτόω
11740,συσπιλόω,σύν,σπιλόω
11741,συσσαρκόομαι,σύν,σαρκόω
11742,συσσημειόομαι,σύν,σημειόω
11743,συσσιτοποιέω,σύν,σιτοποιέω
11744,συσσιωπάω,σύν,σιωπάω
11745,συσσυκοφαντέω,σύν,συκοφαντέω
11746,συσσωματοποιέω,σύν,σωματοποιέω
11747,συσσωρεύω,σύν,σωρεύω
11748,συσταλάσσω,σύν,σταλάσσω
11749,συσταλάσσω,σύν,σταλάζω
11750,συσταθεύω,σύν,σταθεύω
11751,συστατέω,σύν,στατέω
11752,συστεφανηφορέω,σύν,στεφανηφορέω
11753,συστενοχωρέω,σύν,στενοχωρέω
11754,συστερέομαι,σύν,στερέω
11755,συστηρίζω,σύν,στηρίζω
11756,συστιχάομαι,σύν,στιχάομαι
11757,συστοιβάζω,σύν,στοιβάζω
11758,συστομόομαι,σύν,στομόω
11759,συστοναχέω,σύν,στοναχέω
11760,συστοχάζομαι,σύν,στοχάζομαι
11761,συστρατάομαι,σύν,στρατάω
11762,συστυγνάζω,σύν,στυγνάζω
11763,συσχίζω,σύν,σχίζω
11764,συζέω,σύν,ζέω
11765,συζυμόω,σύν,ζυμόω
11766,συζωοποιέω,σύν,ζωοποιέω
11767,ὑφαπλόω,ὑπό,ἁπλόω
11768,ὑφεδρεύω,ὑπό,ἐνεδρεύω
11769,ὑφελίσσω,ὑπό,ἑλίσσω
11770,ὑφιδρόω,ὑπό,ἱδρόω
11771,ὑφιστάω,ὑπό,ἱστάω
11772,ὑφοδόω,ὑπό,ὁδάω
11773,ὑφοδόω,ὑπό,ὁδόω
11774,ὑφορμάω,ὑπό,ὁρμάω
11775,ὑφυπνόομαι,ὑπό,ὑπνόω
11776,ὑπαφανίζω,ὑπό,ἀφανίζω
11777,ὑπαφρίζω,ὑπό,ἀφρίζω
11778,ὑπαγανακτέω,ὑπό,ἀγανακτέω
11779,ὑπαγωνιάω,ὑπό,ἀγωνιάω
11780,ὑπαιάζω,ὑπό,αἰάζω
11781,ὑπαιφοινίσσω,ὑπό,φοινίσσω
11782,ὑπακμάζω,ὑπό,ἀκμάζω
11783,ὑπακολουθέω,ὑπό,ἀκολουθέω
11784,ὑπαλγέω,ὑπό,ἀλγέω
11785,ὑπαμάω,ὑπό,ἀμάω
11786,ὑπαναγκάζω,ὑπό,ἀναγκάζω
11787,ὑπαναιρέω,ὑπό,ἀναιρέω
11788,ὑπανακινέω,ὑπό,ἀνακινέω
11789,ὑπανακλάω,ὑπό,ἀνακλάω
11790,ὑπαναπλέω,ὑπό,ἀναπλέω
11791,ὑπανεμόω,ὑπό,ἀνεμόω
11792,ὑπανθέω,ὑπό,ἀνατίθημι
11793,ὑπανθέω,ὑπό,ἀνθέω
11794,ὑπαντιάω,ὑπό,ἀντιάω
11795,ὑπαντλέω,ὑπό,ἀνατλῆναι
11796,ὑπαντλέω,ὑπό,ἀντλέω
11797,ὑπαπαντάω,ὑπό,ἀπαντάω
11798,ὑπαράσσω,ὑπό,ἀράσσω
11799,ὑπαρόω,ὑπό,ἀράομαι
11800,ὑπαρόω,ὑπό,ἀρόω
11801,ὑπαρτάω,ὑπό,ἀρτάω
11802,ὑπασθενέω,ὑπό,ἀσθενέω
11803,ὑπασχολέομαι,ὑπό,ἀσχολέω
11804,ὑπατμίζω,ὑπό,ἀτμίζω
11805,ὑπαυγάζω,ὑπό,αὐγάζω
11806,ὑπειλίσσω,ὑπό,ἑλίσσω
11807,ὑπεισρέω,ὑπό,εἰσρέω
11808,ὑπεκκενόω,ὑπό,ἐκκενόω
11809,ὑπεκπεράω,ὑπό,ἐκπεράω
11810,ὑπεκπηδάω,ὑπό,ἐκπηδάω
11811,ὑπεκπνέω,ὑπό,ἐκπνέω
11812,ὑπεκπονέω,ὑπό,ἐκπονέω
11813,ὑπεκπροχέομαι,ὑπό,ἐκπροχέω
11814,ὑπελίσσω,ὑπό,ἑλίσσω
11815,ὑπεννοέω,ὑπό,ἐννοέω
11816,ὑπεπιστατέω,ὑπό,ἐπιστατέω
11817,ὑπεραφρίζω,ὑπέρ,ἀφρίζω
11818,ὑπεραγρυπνέω,ὑπέρ,ἀγρυπνέω
11819,ὑπεραγωνίζομαι,ὑπέρ,ἀγωνίζομαι
11820,ὑπεραιδέομαι,ὑπέρ,αἰδέομαι
11821,ὑπερακμάζω,ὑπέρ,ἀκμάζω
11822,ὑπεραμφισβητέω,ὑπέρ,ἀμφισβητέω
11823,ὑπερανθέω,ὑπέρ,ἀνατίθημι
11824,ὑπερανθέω,ὑπέρ,ἀνθέω
11825,ὑπεραπαιτέω,ὑπέρ,ἀπαιτέω
11826,ὑπεραπλόομαι,ὑπέρ,ἁπλόω
11827,ὑπεραποχράω,ὑπέρ,ἀποχράω
11828,ὑπεραθετέω,ὑπέρ,ἀθετέω
11829,ὑπεραρπάζομαι,ὑπέρ,ἁρπάζω
11830,ὑπεραρτάω,ὑπέρ,ἀρτάω
11831,ὑπερασμενίζω,ὑπέρ,ἀσμενίζω
11832,ὑπερασπίζω,ὑπέρ,ἀσπίζω
11833,ὑπεραστρονομέω,ὑπέρ,ἀστρονομέω
11834,ὑπερασχημονέω,ὑπέρ,ἀσχημονέω
11835,ὑπεραυγάζω,ὑπέρ,αὐγάζω
11836,ὑπεραυγέω,ὑπέρ,αὐγάζω
11837,ὑπεραυθεντέω,ὑπέρ,αὐθεντέω
11838,ὑπερβαρέω,ὑπέρ,βαρέω
11839,ὑπερβλύζω,ὑπέρ,βλύζω
11840,ὑπερβοάω,ὑπέρ,βοάω
11841,ὑπερξανθίζω,ὑπέρ,ξανθίζω
11842,ὑπερδαπανάω,ὑπέρ,δαπανάω
11843,ὑπερδειπνέω,ὑπέρ,δειπνέω
11844,ὑπερδιαφορέομαι,ὑπέρ,διαφορέω
11845,ὑπερδικάζω,ὑπέρ,δικάζω
11846,ὑπερδικαιόω,ὑπέρ,δικαιόω
11847,ὑπερδισκέω,ὑπέρ,δισκέω
11848,ὑπερδισκεύω,ὑπέρ,δισκεύω
11849,ὑπερδιψάω,ὑπέρ,διψάω
11850,ὑπερδοκέω,ὑπέρ,δοκάω
11851,ὑπερδοκέω,ὑπέρ,δοκέω
11852,ὑπερδυναστεύω,ὑπέρ,δυναστεύω
11853,ὑπερέω,ὑπέρ,εἰμί
11854,ὑπερέω,ὑπό,ἐρῶ
11855,ὑπερεξανθέω,ὑπέρ,ἐξανθέω
11856,ὑπερεγγυάω,ὑπέρ,ἐγγυάω
11857,ὑπερεκβλύζω,ὑπέρ,ἐκβλύζω
11858,ὑπερεκδικέω,ὑπέρ,ἐκδικέω
11859,ὑπερεκζέω,ὑπέρ,ἐκζέω
11860,ὑπερελαύνω,ὑπέρ,ἐλαύνω
11861,ὑπερελίσσω,ὑπέρ,ἑλίσσω
11862,ὑπερεμέω,ὑπέρ,ἐμέω
11863,ὑπερενιαυτίζω,ὑπέρ,ἐνιαυτίζω
11864,ὑπερεντρυφάω,ὑπέρ,ἐντρυφάω
11865,ὑπερευδοκέομαι,ὑπέρ,εὐδοκέω
11866,ὑπερευδοκιμέω,ὑπέρ,εὐδοκιμέω
11867,ὑπερευκαιρέω,ὑπέρ,εὐκαιρέω
11868,ὑπερευλαβέομαι,ὑπέρ,εὐλαβέομαι
11869,ὑπερευχαριστέω,ὑπέρ,εὐχαριστέω
11870,ὑπερφιλοσοφέω,ὑπέρ,φιλοσοφέω
11871,ὑπερφλυαρέω,ὑπέρ,φλυαρέω
11872,ὑπερφροντίζω,ὑπέρ,φροντίζω
11873,ὑπεργεννάομαι,ὑπέρ,γεννάω
11874,ὑπεργηράω,ὑπέρ,γηράσκω
11875,ὑπερηγορέω,ὑπέρ,ἠγορέω
11876,ὑπερηχέω,ὑπέρ,ἠχέω
11877,ὑπερκαγχάζω,ὑπέρ,καγχάζω
11878,ὑπερκακέω,ὑπέρ,κακέω
11879,ὑπερκαθίζω,ὑπέρ,καθίζω
11880,ὑπερκατεργάζομαι,ὑπέρ,κατεργάζομαι
11881,ὑπερκηλέω,ὑπέρ,κηλέω
11882,ὑπερκράζω,ὑπέρ,κράζω
11883,ὑπερκρατέω,ὑπέρ,κρατέω
11884,ὑπερκυβιστάω,ὑπέρ,κυβιστάω
11885,ὑπερλαλέω,ὑπέρ,λαλέω
11886,ὑπερμαντεύομαι,ὑπέρ,μαντεύομαι
11887,ὑπερμετρέω,ὑπέρ,μετρέω
11888,ὑπερμισέω,ὑπέρ,μισέω
11889,ὑπερνέω,ὑπέρ,νέω
11890,ὑπερνέω,ὑπέρ,νεόω
11891,ὑπερνοέω,ὑπέρ,νοέω
11892,ὑπερνοσέω,ὑπέρ,νοσέω
11893,ὑπεροδυνέω,ὑπέρ,ὀδυνάω
11894,ὑπερογκόομαι,ὑπέρ,ὀγκόω
11895,ὑπεροικοδομέω,ὑπέρ,οἰκοδομέω
11896,ὑπεροκνέομαι,ὑπέρ,ὀκνέω
11897,ὑπεροπτάω,ὑπέρ,ὀπτάω
11898,ὑπεροπτεύω,ὑπέρ,ὀπτεύω
11899,ὑπεροργίζομαι,ὑπέρ,ὀργίζω
11900,ὑπερουτάω,ὑπέρ,οὐτάω
11901,ὑπεροχέω,ὑπέρ,ὀχέω
11902,ὑπεροψωνέω,ὑπέρ,ὀψωνέω
11903,ὑπερπαχύνομαι,ὑπέρ,παχύνω
11904,ὑπερπέσσω,ὑπέρ,πέσσω
11905,ὑπερπεινάω,ὑπέρ,πεινάω
11906,ὑπερπενθέω,ὑπέρ,πενθέω
11907,ὑπερπεράω,ὑπέρ,περάω
11908,ὑπερπλάζω,ὑπέρ,πλάζω
11909,ὑπερπλημμυρέω,ὑπέρ,πλημμυρέω
11910,ὑπερπνέω,ὑπέρ,πνέω
11911,ὑπερποτάομαι,ὑπέρ,ποτάομαι
11912,ὑπερπράσσω,ὑπέρ,πράσσω
11913,ὑπερπωτάομαι,ὑπέρ,πωτάομαι
11914,ὑπερθαρσέω,ὑπέρ,θαρσέω
11915,ὑπερθεματίζω,ὑπέρ,θεματίζω
11916,ὑπερθεραπεύω,ὑπέρ,θεραπεύω
11917,ὑπερθρασύνομαι,ὑπέρ,θρασύνω
11918,ὑπερθρησκεύω,ὑπέρ,θρησκεύω
11919,ὑπερθυμόομαι,ὑπέρ,θυμόω
11920,ὑπερθυρόω,ὑπέρ,θυρόω
11921,ὑπερρέω,ὑπέρ,ῥέω
11922,ὑπερσαρκέω,ὑπέρ,σαρκάω
11923,ὑπερσαρκόω,ὑπέρ,σαρκάω
11924,ὑπερσαρκόω,ὑπέρ,σαρκάζω
11925,ὑπερσαρκόω,ὑπέρ,σαρκόω
11926,ὑπερσεύομαι,ὑπέρ,σεύω
11927,ὑπερσιτίζω,ὑπέρ,σιτίζω
11928,ὑπερσοφιστεύω,ὑπέρ,σοφιστεύω
11929,ὑπερστατέω,ὑπέρ,στατέω
11930,ὑπερτερέω,ὑπέρ,τείρω
11931,ὑπερτοξεύω,ὑπέρ,τοξεύω
11932,ὑπερτροχάζω,ὑπέρ,τροχάζω
11933,ὑπερτρυφάω,ὑπέρ,τρυφάω
11934,ὑπερυβρίζω,ὑπέρ,ὑβρίζω
11935,ὑπερυμνέω,ὑπέρ,ὑμνέω
11936,ὑπερωνέομαι,ὑπέρ,ὠνέομαι
11937,ὑπερχαλάω,ὑπέρ,χαλάω
11938,ὑπερχέω,ὑπέρ,χέω
11939,ὑπερχολάω,ὑπέρ,χολάω
11940,ὑπερχρονίζω,ὑπέρ,χρονίζω
11941,ὑπερχωρέω,ὑπέρ,χωρέω
11942,ὑπευλαβέομαι,ὑπό,εὐλαβέομαι
11943,ὑπευνάομαι,ὑπό,εὐνάω
11944,ὑπευνάζομαι,ὑπό,εὐνάζω
11945,ὑπηθέω,ὑπό,ἠθέω
11946,ὑπηρεάζω,ὑπό,ἠρεάζω
11947,ὑπηρετέω,ὑπό,ἠρετέω
11948,ὑποβαρύνομαι,ὑπό,βαρύνω
11949,ὑποβαστάζω,ὑπό,βαστάζω
11950,ὑποβοηθέω,ὑπό,βοάω
11951,ὑποβοηθέω,ὑπό,βοηθέω
11952,ὑποβομβέω,ὑπό,βομβέω
11953,ὑποβρομέω,ὑπό,βρομέω
11954,ὑποβρυχάομαι,ὑπό,βρυχάομαι
11955,ὑποβυθίζω,ὑπό,βυθίζω
11956,ὑποξέω,ὑπό,ξέω
11957,ὑποξενίζω,ὑπό,ξενίζω
11958,ὑποξύνω,ὑπό,ὀξύνω
11959,ὑποδειπνέω,ὑπό,δειπνέω
11960,ὑποδελεάζω,ὑπό,δελεάζω
11961,ὑποδεσμέω,ὑπό,δεσμεύω
11962,ὑποδεσμεύω,ὑπό,δεσμεύω
11963,ὑποδεύω,ὑπό,ὁδεύω
11964,ὑποδῃόομαι,ὑπό,δηιόω
11965,ὑποδιακονέω,ὑπό,διακονέω
11966,ὑποδιανοέομαι,ὑπό,διανοέομαι
11967,ὑποδιασπάομαι,ὑπό,διασπάω
11968,ὑποδινέομαι,ὑπό,δινεύω
11969,ὑποδιπλόω,ὑπό,διπλάζω
11970,ὑποδιπλόω,ὑπό,διπλόω
11971,ὑποδιψάω,ὑπό,διψάω
11972,ὑποδράσσομαι,ὑπό,δράσσομαι
11973,ὑποδυσφορέω,ὑπό,δυσφορέω
11974,ὑποδυσωπέομαι,ὑπό,δυσωπέω
11975,ὑποφαρμάσσω,ὑπό,φαρμάσσω
11976,ὑποφιλέω,ὑπό,φιλέω
11977,ὑποφοβέομαι,ὑπό,φοβέω
11978,ὑποφοινίσσομαι,ὑπό,φοινίσσω
11979,ὑποφορέω,ὑπό,φορέω
11980,ὑποφράσσω,ὑπό,φράσσω
11981,ὑποφράσσω,ὑπό,φράζω
11982,ὑποφράζομαι,ὑπό,φράζω
11983,ὑποφυλάσσω,ὑπό,φυλάσσω
11984,ὑποφυλάσσω,ὑπό,φυλάζω
11985,ὑποφυράω,ὑπό,φυράω
11986,ὑποφυσάω,ὑπό,φυσάω
11987,ὑποφυτεύω,ὑπό,φυτεύω
11988,ὑποφωτίζω,ὑπό,φωτίζω
11989,ὑπογαμέω,ὑπό,γαμέω
11990,ὑπογαστρίζομαι,ὑπό,γαστρίζω
11991,ὑπογεωργέω,ὑπό,γεωργέω
11992,ὑπογηράω,ὑπό,γηράσκω
11993,ὑπογκόομαι,ὑπό,ὀγκόω
11994,ὑπογογγύζω,ὑπό,γογγύζω
11995,ὑπογρύζω,ὑπό,γρύζω
11996,ὑπογυμνάζω,ὑπό,γυμνάζω
11997,ὑπογυμνόω,ὑπό,γυμνάζω
11998,ὑπογυμνόω,ὑπό,γυμνόω
11999,ὑποιδέω,ὑπό,οἰδέω
12000,ὑποικίζομαι,ὑπό,οἰκίζω
12001,ὑποκαπνίζω,ὑπό,καπνίζω
12002,ὑποκαταφρονέω,ὑπό,καταφρονέω
12003,ὑποκαταγελάω,ὑπό,καταγελάω
12004,ὑποκατακλάω,ὑπό,κατακλάω
12005,ὑποκατακλάω,ὑπό,κατακλαίω
12006,ὑποκατασκευάζω,ὑπό,κατασκευάζω
12007,ὑποκαταχέω,ὑπό,καταχεύω
12008,ὑποκαταχέω,ὑπό,κατηχέω
12009,ὑποκελεύω,ὑπό,κελεύω
12010,ὑποκεντέω,ὑπό,κεντέω
12011,ὑποκινδυνεύω,ὑπό,κινδυνεύω
12012,ὑποκιθαρίζω,ὑπό,κιθαρίζω
12013,ὑποκλάζω,ὑπό,κλάζω
12014,ὑποκλάζω,ὑπό,ὀκλάζω
12015,ὑποκνυζάομαι,ὑπό,κνυζάομαι
12016,ὑποκολακεύω,ὑπό,κολακεύω
12017,ὑποκολλάω,ὑπό,κολλάω
12018,ὑποκολυμβάω,ὑπό,κολυμβάω
12019,ὑποκομίζω,ὑπό,κομίζω
12020,ὑποκομπέω,ὑπό,κομπέω
12021,ὑποκουφίζω,ὑπό,κουφίζω
12022,ὑποκρίζω,ὑπό,κρίζω
12023,ὑποκτυπέω,ὑπό,κτυπέω
12024,ὑποκυβερνάω,ὑπό,κυβερνάω
12025,ὑποκυρτόομαι,ὑπό,κυρτόω
12026,ὑπολακτίζω,ὑπό,λακτίζω
12027,ὑπολαλέω,ὑπό,λαλέω
12028,ὑπολαπάσσω,ὑπό,λαπάζω
12029,ὑπολεπτύνω,ὑπό,λεπτύνω
12030,ὑπολευκανθίζω,ὑπό,λευκανθίζω
12031,ὑποληρέω,ὑπό,ληρέω
12032,ὑπολοχάω,ὑπό,λοχάω
12033,ὑπολύζω,ὑπό,λύζω
12034,ὑπολυγίζομαι,ὑπό,λυγίζω
12035,ὑπολυπέομαι,ὑπό,λυπέω
12036,ὑπολυσσάω,ὑπό,λυσσάω
12037,ὑπολωφάω,ὑπό,λωφάω
12038,ὑπομαλάσσω,ὑπό,μαλάσσω
12039,ὑπομαντεύομαι,ὑπό,μαντεύομαι
12040,ὑπομαρτυρέω,ὑπό,μαρτύρομαι
12041,ὑπομαρτυρέω,ὑπό,μαρτυρέω
12042,ὑπομειόομαι,ὑπό,μειόω
12043,ὑπομηκύνω,ὑπό,μηκύνω
12044,ὑπομιλτόομαι,ὑπό,μιλτόω
12045,ὑπομιμέομαι,ὑπό,μιμέομαι
12046,ὑπομορφάζω,ὑπό,μορφάζω
12047,ὑπομοσχεύω,ὑπό,μοσχεύω
12048,ὑπομοχλεύω,ὑπό,μοχλεύω
12049,ὑπομύζω,ὑπό,μύζω
12050,ὑπομυκάομαι,ὑπό,μυκάομαι
12051,ὑπομυκτηρίζω,ὑπό,μυκτηρίζω
12052,ὑπονέω,ὑπό,νέω
12053,ὑπονέω,ὑπό,νεόω
12054,ὑπονεάω,ὑπό,νεάω
12055,ὑπονεάζω,ὑπό,νεάζω
12056,ὑπονεκρόομαι,ὑπό,νεκρόω
12057,ὑπονίζω,ὑπό,νίζω
12058,ὑπονομεύω,ὑπό,νομεύω
12059,ὑπονοτίζω,ὑπό,νοτίζω
12060,ὑπονουθετέω,ὑπό,νουθετέω
12061,ὑποπαίζω,ὑπό,παίζω
12062,ὑποπαραιτέομαι,ὑπό,παραιτέομαι
12063,ὑποπαραληρέω,ὑπό,παραληρέω
12064,ὑποπαρωθέω,ὑπό,παρωθέω
12065,ὑποπαταγέω,ὑπό,πατάσσω
12066,ὑποπαταγέω,ὑπό,παταγέω
12067,ὑποπαχύνομαι,ὑπό,παχύνω
12068,ὑποπειράω,ὑπό,πειράω
12069,ὑποπερικλάομαι,ὑπό,περικλάω
12070,ὑποπεριπλύνομαι,ὑπό,περιπλύνω
12071,ὑποπετρόω,ὑπό,πετρόω
12072,ὑποπηδάω,ὑπό,πηδάω
12073,ὑποπιάζω,ὑπό,πιέζω
12074,ὑποπισσόω,ὑπό,πισσόομαι
12075,ὑποπλάσσω,ὑπό,πλάσσω
12076,ὑποπλάσσω,ὑπό,πλήσσω
12077,ὑποπλαταγέω,ὑπό,πλαταγέω
12078,ὑποπλήσσω,ὑπό,πλήσσω
12079,ὑποπληρόω,ὑπό,πληρόω
12080,ὑποπλύνω,ὑπό,πλύνω
12081,ὑποποδίζω,ὑπό,ποδίζω
12082,ὑποπολιτεύομαι,ὑπό,πολιτεύω
12083,ὑποπονέω,ὑπό,πονέω
12084,ὑποποτίζω,ὑπό,ποτίζω
12085,ὑποπροχέω,ὑπό,προχέω
12086,ὑποπτάω,ὑπό,ὀπτάω
12087,ὑποπτάζομαι,ὑπό,ὀπτάζομαι
12088,ὑποπτίσσω,ὑπό,πτίσσω
12089,ὑποπτύσσω,ὑπό,πτύσσω
12090,ὑποπτώσσω,ὑπό,πτώσσω
12091,ὑποπυκνόω,ὑπό,πυκνόω
12092,ὑποθαρρέω,ὑπό,θαρσέω
12093,ὑποθειάζω,ὑπό,θειάζω
12094,ὑποθεραπεύω,ὑπό,θεραπεύω
12095,ὑποθεωρέω,ὑπό,θεωρέω
12096,ὑποθολόω,ὑπό,θολόω
12097,ὑποργάζω,ὑπό,ὀργάζω
12098,ὑπορραπίζω,ὑπό,ῥαπίζω
12099,ὑπορροιζέω,ὑπό,ῥοιζέω
12100,ὑπορρωδέω,ὑπό,ὀρρωδέω
12101,ὑποσαλεύω,ὑπό,σαλεύω
12102,ὑποσφραγίζω,ὑπό,σφραγίζω
12103,ὑποσημειόομαι,ὑπό,σημειόω
12104,ὑποσκεπάω,ὑπό,σκεπάω
12105,ὑποσκευάζω,ὑπό,σκευάζω
12106,ὑποσκηνόω,ὑπό,σκηνάω
12107,ὑποσκηνόω,ὑπό,σκηνόω
12108,ὑποσκιάω,ὑπό,σκιάω
12109,ὑποσκιάζω,ὑπό,σκιάζω
12110,ὑποσκιρτάω,ὑπό,σκιρτάω
12111,ὑποσμαραγέω,ὑπό,σμαραγέω
12112,ὑποσοβέω,ὑπό,σοβέω
12113,ὑποσποδίζω,ὑπό,σποδίζω
12114,ὑποσπογγίζω,ὑπό,σπογγίζω
12115,ὑποσπουδάζω,ὑπό,σπουδάζω
12116,ὑποστάζω,ὑπό,στάζω
12117,ὑποστίζω,ὑπό,στίζω
12118,ὑποστολίζω,ὑπό,στολίζω
12119,ὑποστοχάζομαι,ὑπό,στοχάζομαι
12120,ὑποστρατεύομαι,ὑπό,στρατεύω
12121,ὑποσυλάω,ὑπό,συλάω
12122,ὑποσυμπαθέω,ὑπό,συμπαθέω
12123,ὑποσχάζω,ὑπό,σχάζω
12124,ὑποσχηματίζομαι,ὑπό,σχηματίζω
12125,ὑποσχίζω,ὑπό,σχίζω
12126,ὑποταφρεύω,ὑπό,ταφρεύω
12127,ὑποταμιεύω,ὑπό,ταμιεύω
12128,ὑποτερετίζω,ὑπό,τερετίζω
12129,ὑποτεχνάομαι,ὑπό,τεχνάομαι
12130,ὑποτηρέω,ὑπό,τηρέω
12131,ὑποτοξεύομαι,ὑπό,τοξεύω
12132,ὑποτοπάζω,ὑπό,τοπάζω
12133,ὑποτορεύω,ὑπό,τορεύω
12134,ὑποτραγῳδέω,ὑπό,τραγῳδέω
12135,ὑποτραχύνω,ὑπό,τραχύνω
12136,ὑποτρίζω,ὑπό,τρίζω
12137,ὑποτροχάζω,ὑπό,τροχάζω
12138,ὑποτροχίζω,ὑπό,τροχίζω
12139,ὑποτρυπάω,ὑπό,τρυπάω
12140,ὑποτυφόομαι,ὑπό,τυφόω
12141,ὑπουρέω,ὑπό,οὐρέω
12142,ὑποχαλκίζω,ὑπό,χαλκίζω
12143,ὑποχλίζω,ὑπό,ὀχλίζω
12144,ὑποχρεμετίζω,ὑπό,χρεμετίζω
12145,ὑποχωλεύω,ὑπό,χωλεύω
12146,ὑποχωρίζω,ὑπό,χωρίζω
12147,ὑποψάω,ὑπό,ψάω
12148,ὑποψακάζω,ὑπό,ψακάζω
12149,ὑποψεκάζω,ὑπό,ψεκάζω
12150,ὑποψελλίζω,ὑπό,ψελλίζω
12151,ὑποψηλαφάω,ὑπό,ψηλαφάω
12152,ὑποψηνίζω,ὑπό,ψηνίζω
12153,ὑποψιθυρίζω,ὑπό,ψιθυρίζω
12154,ὑποψοφέω,ὑπό,ψοφέω
12155,ὑποζέω,ὑπό,ζέω
12156,ὑποζητέω,ὑπό,ζητέω
12157,ὑποζυμόομαι,ὑπό,ζυμόω
12158,ὑποζωγραφέω,ὑπό,ζωγραφέω
